사고번호,사고일시,요일,시군구,사고내용,사망자수,중상자수,경상자수,부상신고자수,사고유형,법규위반,노면상태,기상상태,도로형태,가해운전자 차종,가해운전자 성별,가해운전자 연령,가해운전자 상해정도,피해운전자 차종,피해운전자 성별,피해운전자 연령,피해운전자 상해정도
2018011500100357,2018년 1월 15일 14시,월요일,광주광역시 동구 동명동,중상사고,0,1,0,0,차대사람 - 기타,안전운전불이행,건조,맑음,교차로 - 교차로안,승용,남,59세,상해없음,보행자,여,81세,중상
2018011500100358,2018년 1월 15일 14시,월요일,광주광역시 서구 풍암동,경상사고,0,0,1,0,차대사람 - 차도통행중,안전운전불이행,건조,맑음,단일로 - 지하차도(도로)내,승용,여,49세,상해없음,보행자,남,40세,경상
2018011500100384,2018년 1월 15일 15시,월요일,광주광역시 북구 각화동,경상사고,0,0,1,0,차대사람 - 횡단중,보행자보호의무위반,건조,맑음,교차로 - 교차로횡단보도내,승용,남,74세,기타불명,보행자,남,62세,경상
2018011500100422,2018년 1월 15일 16시,월요일,광주광역시 서구 치평동,중상사고,0,1,0,0,차대사람 - 횡단중,보행자보호의무위반,건조,맑음,교차로 - 교차로횡단보도내,승용,여,50세,상해없음,보행자,남,23세,중상
2018011500100423,2018년 1월 15일 16시,월요일,광주광역시 서구 화정동,경상사고,0,0,1,0,차대사람 - 기타,안전운전불이행,건조,맑음,단일로 - 기타,승합,남,61세,상해없음,보행자,여,74세,경상
2018011500100454,2018년 1월 15일 17시,월요일,광주광역시 광산구 동산동,경상사고,0,0,1,0,차대차 - 기타,안전운전불이행,건조,맑음,단일로 - 기타,화물,남,31세,상해없음,승용,남,34세,경상
2018011500100463,2018년 1월 15일 17시,월요일,광주광역시 광산구 월전동,중상사고,0,1,1,0,차대차 - 측면충돌,안전운전불이행,건조,맑음,교차로 - 교차로안,화물,남,54세,중상,특수,남,41세,경상
2018011500100519,2018년 1월 15일 18시,월요일,광주광역시 서구 쌍촌동,경상사고,0,0,1,0,차대차 - 기타,안전운전불이행,건조,맑음,단일로 - 기타,승용,남,59세,상해없음,승용,남,52세,상해없음
2018011500100550,2018년 1월 15일 19시,월요일,광주광역시 남구 월산동,중상사고,0,1,0,0,차대사람 - 횡단중,안전운전불이행,건조,맑음,단일로 - 기타,승용,남,28세,상해없음,보행자,남,55세,중상
2018011500100551,2018년 1월 15일 19시,월요일,광주광역시 남구 봉선동,경상사고,0,0,2,0,차대차 - 추돌,안전운전불이행,건조,맑음,기타 - 기타,승용,여,24세,상해없음,승용,여,47세,경상
2018011500100590,2018년 1월 15일 20시,월요일,광주광역시 남구 백운동,경상사고,0,0,1,0,차대차 - 측면충돌,중앙선침범,건조,맑음,교차로 - 교차로부근,승합,여,48세,상해없음,이륜,남,32세,경상
2018011500100618,2018년 1월 15일 21시,월요일,광주광역시 동구 서석동,경상사고,0,0,1,0,차대차 - 측면충돌,신호위반,건조,맑음,교차로 - 교차로안,승용,여,50세,상해없음,승용,여,29세,경상
2018011500100619,2018년 1월 15일 21시,월요일,광주광역시 북구 신안동,경상사고,0,0,1,0,차대차 - 기타,안전거리미확보,건조,맑음,단일로 - 기타,승용,남,26세,상해없음,이륜,남,19세,경상
2018011600100021,2018년 1월 16일 00시,화요일,광주광역시 서구 금호동,경상사고,0,0,2,0,차대차 - 추돌,안전운전불이행,건조,맑음,단일로 - 기타,승용,남,40세,상해없음,승용,여,51세,경상
2018011600100035,2018년 1월 16일 01시,화요일,광주광역시 동구 충장로3가,중상사고,0,2,0,0,차량단독 - 공작물충돌,안전운전불이행,건조,맑음,교차로 - 교차로부근,승용,남,34세,기타불명,,,,
2018011600100065,2018년 1월 16일 05시,화요일,광주광역시 서구 벽진동,경상사고,0,0,1,0,차대차 - 추돌,안전운전불이행,건조,맑음,교차로 - 교차로부근,승용,남,33세,상해없음,화물,남,50세,경상
2018011600100085,2018년 1월 16일 06시,화요일,광주광역시 북구 두암동,사망사고,1,0,0,0,차대사람 - 횡단중,안전운전불이행,건조,흐림,단일로 - 기타,승용,남,56세,상해없음,보행자,여,88세,사망
2018011600100166,2018년 1월 16일 09시,화요일,광주광역시 서구 쌍촌동,경상사고,0,0,2,0,차대차 - 추돌,안전운전불이행,젖음/습기,비,단일로 - 기타,승용,남,32세,상해없음,화물,남,44세,경상
2018011600100196,2018년 1월 16일 10시,화요일,광주광역시 남구 진월동,경상사고,0,0,3,0,차대차 - 측면충돌,교차로운행방법위반,건조,맑음,교차로 - 교차로안,승용,여,21세,경상,승용,여,43세,경상
2018011600100197,2018년 1월 16일 10시,화요일,광주광역시 광산구 신창동,경상사고,0,0,1,0,차대차 - 측면충돌,신호위반,젖음/습기,비,교차로 - 교차로안,화물,남,49세,상해없음,승용,남,66세,경상
2018011600100290,2018년 1월 16일 14시,화요일,광주광역시 광산구 장덕동,경상사고,0,0,1,0,차대차 - 측면충돌,안전운전불이행,건조,맑음,교차로 - 교차로부근,승용,여,44세,상해없음,승용,여,44세,경상
2018011600100333,2018년 1월 16일 16시,화요일,광주광역시 서구 덕흥동,중상사고,0,1,0,0,차대차 - 측면충돌,교차로운행방법위반,젖음/습기,비,교차로 - 교차로안,화물,남,48세,상해없음,승용,여,34세,중상
2018011600100360,2018년 1월 16일 17시,화요일,광주광역시 남구 진월동,경상사고,0,0,1,0,차대사람 - 기타,안전운전불이행,건조,맑음,단일로 - 기타,자전거,남,9세,상해없음,보행자,여,75세,경상
2018011600100412,2018년 1월 16일 18시,화요일,광주광역시 북구 문흥동,경상사고,0,0,1,0,차량단독 - 기타,안전운전불이행,젖음/습기,비,교차로 - 교차로안,승용,남,50세,상해없음,,,,
2018011600100455,2018년 1월 16일 19시,화요일,광주광역시 광산구 신창동,경상사고,0,0,1,0,차대차 - 기타,안전운전불이행,젖음/습기,비,교차로 - 교차로부근,승용,남,60세,상해없음,자전거,남,32세,경상
2018011600100488,2018년 1월 16일 20시,화요일,광주광역시 북구 오치동,경상사고,0,0,2,0,차대차 - 측면충돌,안전운전불이행,젖음/습기,비,교차로 - 교차로안,승용,여,31세,상해없음,승용,여,50세,경상
2018011600100525,2018년 1월 16일 21시,화요일,광주광역시 서구 양동,경상사고,0,0,1,0,차대차 - 추돌,안전운전불이행,젖음/습기,비,교차로 - 교차로부근,승용,남,48세,상해없음,승용,여,30세,경상
2018011600100548,2018년 1월 16일 22시,화요일,광주광역시 서구 쌍촌동,경상사고,0,0,4,0,차대차 - 측면충돌,신호위반,젖음/습기,비,교차로 - 교차로안,승용,여,25세,상해없음,승용,여,50세,경상
2018011600100549,2018년 1월 16일 22시,화요일,광주광역시 북구 양산동,경상사고,0,0,2,0,차대차 - 측면충돌,신호위반,젖음/습기,비,교차로 - 교차로안,승용,남,59세,기타불명,승용,남,37세,경상
2018011600100550,2018년 1월 16일 22시,화요일,광주광역시 북구 매곡동,경상사고,0,0,2,0,차대차 - 추돌,안전운전불이행,건조,맑음,교차로 - 교차로부근,승용,남,28세,기타불명,승용,여,51세,경상
2018011700100036,2018년 1월 17일 01시,수요일,광주광역시 서구 쌍촌동,경상사고,0,0,2,0,차대차 - 측면충돌,안전운전불이행,건조,맑음,단일로 - 기타,승용,남,25세,상해없음,승용,남,22세,경상
2018011700100037,2018년 1월 17일 01시,수요일,광주광역시 서구 치평동,경상사고,0,0,2,0,차대차 - 기타,교차로운행방법위반,젖음/습기,비,교차로 - 교차로안,승용,남,23세,경상,승용,남,22세,상해없음
2018011700100038,2018년 1월 17일 01시,수요일,광주광역시 광산구 하남동,경상사고,0,0,1,0,차대차 - 측면충돌,안전거리미확보,건조,맑음,단일로 - 기타,승용,남,58세,상해없음,이륜,남,25세,경상
2018011700100058,2018년 1월 17일 02시,수요일,광주광역시 서구 풍암동,경상사고,0,0,1,0,차대사람 - 기타,안전운전불이행,젖음/습기,비,교차로 - 교차로안,승용,남,28세,상해없음,보행자,남,25세,경상
2018011700100059,2018년 1월 17일 02시,수요일,광주광역시 서구 세하동,경상사고,0,0,1,0,차대차 - 측면충돌,신호위반,젖음/습기,비,교차로 - 교차로안,승용,남,30세,상해없음,승용,남,67세,경상
2018011700100060,2018년 1월 17일 02시,수요일,광주광역시 북구 용봉동,경상사고,0,0,2,0,차대차 - 정면충돌,중앙선침범,젖음/습기,비,단일로 - 기타,승용,남,28세,상해없음,승용,남,50세,경상
2018011700100061,2018년 1월 17일 02시,수요일,광주광역시 광산구 수완동,경상사고,0,0,2,0,차대차 - 측면충돌,신호위반,젖음/습기,비,교차로 - 교차로안,승합,남,58세,상해없음,승용,남,40세,경상
2018011700100091,2018년 1월 17일 05시,수요일,광주광역시 광산구 운남동,중상사고,0,1,0,0,차대차 - 측면충돌,안전운전불이행,젖음/습기,비,단일로 - 기타,승용,남,30세,중상,승합,남,63세,상해없음
2018011700100146,2018년 1월 17일 07시,수요일,광주광역시 서구 마륵동,경상사고,0,0,1,0,차대차 - 측면충돌,안전운전불이행,건조,맑음,교차로 - 교차로안,승용,남,48세,상해없음,화물,남,30세,경상
2018011700100178,2018년 1월 17일 08시,수요일,광주광역시 광산구 신촌동,중상사고,0,1,1,0,차대차 - 추돌,안전운전불이행,젖음/습기,흐림,교차로 - 교차로부근,승용,남,55세,중상,승용,남,60세,경상
2018011700100235,2018년 1월 17일 10시,수요일,광주광역시 남구 주월동,경상사고,0,0,1,0,차대차 - 기타,안전운전불이행,건조,맑음,교차로 - 교차로부근,원동기,남,29세,경상,승합,남,57세,상해없음
2018011700100236,2018년 1월 17일 10시,수요일,광주광역시 광산구 신촌동,사망사고,1,1,2,0,차대차 - 정면충돌,신호위반,건조,맑음,교차로 - 교차로안,승용,여,26세,경상,승용,남,41세,경상
2018011700100287,2018년 1월 17일 12시,수요일,광주광역시 남구 송하동,경상사고,0,0,1,0,차대차 - 정면충돌,신호위반,젖음/습기,맑음,교차로 - 교차로안,화물,남,41세,상해없음,승용,남,27세,경상
2018011700100288,2018년 1월 17일 12시,수요일,광주광역시 북구 동림동,중상사고,0,1,0,0,차량단독 - 기타,기타,건조,맑음,단일로 - 기타,승합,남,48세,상해없음,,,,
2018011700100317,2018년 1월 17일 13시,수요일,광주광역시 서구 치평동,경상사고,0,0,1,0,차대차 - 측면충돌,안전거리미확보,건조,맑음,단일로 - 기타,승용,남,57세,상해없음,승용,여,43세,경상
2018011700100365,2018년 1월 17일 15시,수요일,광주광역시 북구 용봉동,경상사고,0,0,2,0,차대차 - 정면충돌,안전운전불이행,건조,맑음,교차로 - 교차로안,승용,남,19세,상해없음,승용,여,27세,경상
2018011700100366,2018년 1월 17일 15시,수요일,광주광역시 광산구 수완동,경상사고,0,0,2,0,차대차 - 측면충돌,안전거리미확보,건조,맑음,교차로 - 교차로부근,승용,여,29세,상해없음,승용,남,25세,경상
2018011700100400,2018년 1월 17일 16시,수요일,광주광역시 동구 금동,중상사고,0,1,0,0,차대사람 - 기타,신호위반,건조,맑음,단일로 - 기타,승용,남,59세,상해없음,보행자,남,56세,중상
2018011700100475,2018년 1월 17일 18시,수요일,광주광역시 서구 금호동,경상사고,0,0,1,0,차대차 - 기타,안전운전불이행,건조,맑음,단일로 - 기타,화물,남,66세,상해없음,승용,남,38세,경상
2018011700100476,2018년 1월 17일 18시,수요일,광주광역시 북구 양산동,경상사고,0,0,3,0,차대차 - 기타,안전운전불이행,건조,맑음,교차로 - 교차로부근,승용,여,65세,경상,승용,남,55세,경상
2018011700100477,2018년 1월 17일 18시,수요일,광주광역시 광산구 송정동,중상사고,0,1,0,0,차대차 - 기타,안전운전불이행,건조,맑음,단일로 - 기타,화물,남,59세,상해없음,이륜,남,24세,중상
2018011700100478,2018년 1월 17일 18시,수요일,광주광역시 광산구 산정동,경상사고,0,0,5,0,차량단독 - 기타,안전운전불이행,건조,맑음,교차로 - 교차로부근,승합,남,63세,상해없음,,,,
2018011800100038,2018년 1월 18일 01시,목요일,광주광역시 북구 용봉동,경상사고,0,0,1,0,차대차 - 기타,신호위반,건조,맑음,교차로 - 교차로안,승용,남,42세,상해없음,승용,여,23세,경상
2018011800100056,2018년 1월 18일 03시,목요일,광주광역시 서구 치평동,경상사고,0,0,1,0,차대차 - 추돌,안전거리미확보,건조,흐림,주차장 - 주차장,승용,남,61세,상해없음,승용,남,53세,경상
2018011800100071,2018년 1월 18일 05시,목요일,광주광역시 북구 문흥동,경상사고,0,0,2,0,차대차 - 기타,안전거리미확보,건조,맑음,단일로 - 기타,화물,남,70세,상해없음,승용,남,20세,경상
2018011800100086,2018년 1월 18일 06시,목요일,광주광역시 서구 치평동,경상사고,0,0,2,0,차대차 - 측면충돌,직진우회전진행방해,건조,맑음,교차로 - 교차로안,승용,남,56세,상해없음,승용,남,61세,경상
2018011800100087,2018년 1월 18일 06시,목요일,광주광역시 광산구 신가동,경상사고,0,0,3,0,차대차 - 추돌,안전운전불이행,건조,맑음,교차로 - 교차로안,승용,남,68세,경상,화물,남,56세,경상
2018011800100088,2018년 1월 18일 06시,목요일,광주광역시 광산구 신창동,경상사고,0,0,2,0,차대차 - 측면충돌,안전운전불이행,건조,맑음,단일로 - 기타,승용,남,23세,상해없음,승용,남,43세,경상
2018011800100089,2018년 1월 18일 06시,목요일,광주광역시 광산구 신가동,경상사고,0,0,1,0,차대차 - 추돌,안전운전불이행,건조,맑음,교차로 - 교차로안,화물,남,37세,상해없음,승용,남,66세,경상
2018011800100118,2018년 1월 18일 07시,목요일,광주광역시 북구 오치동,경상사고,0,0,2,0,차대차 - 측면충돌,안전운전불이행,건조,맑음,교차로 - 교차로안,화물,남,53세,상해없음,승용,남,77세,경상
2018011800100119,2018년 1월 18일 07시,목요일,광주광역시 광산구 신가동,경상사고,0,0,2,0,차대차 - 기타,안전거리미확보,건조,맑음,단일로 - 기타,승용,남,65세,경상,승용,남,54세,경상
2018011800100212,2018년 1월 18일 10시,목요일,광주광역시 남구 노대동,경상사고,0,0,1,0,차대차 - 측면충돌,안전운전불이행,건조,맑음,교차로 - 교차로안,승용,남,69세,상해없음,승용,남,46세,경상
2018011800100236,2018년 1월 18일 11시,목요일,광주광역시 북구 우산동,경상사고,0,0,3,0,차대차 - 기타,차로위반,건조,맑음,단일로 - 기타,화물,남,39세,상해없음,승용,남,69세,경상
2018011800100237,2018년 1월 18일 11시,목요일,광주광역시 광산구 운남동,중상사고,0,1,0,0,차량단독 - 기타,기타,건조,맑음,단일로 - 기타,승합,남,55세,상해없음,,,,
2018011800100300,2018년 1월 18일 14시,목요일,광주광역시 서구 화정동,경상사고,0,0,1,0,차대차 - 기타,안전거리미확보,건조,맑음,단일로 - 기타,승용,여,39세,기타불명,화물,남,57세,경상
2018011800100323,2018년 1월 18일 15시,목요일,광주광역시 광산구 송정동,경상사고,0,0,1,0,차대차 - 측면충돌,안전운전불이행,건조,맑음,교차로 - 교차로안,승용,여,34세,상해없음,승용,남,35세,경상
2018011800100349,2018년 1월 18일 16시,목요일,광주광역시 동구 서석동,경상사고,0,0,1,0,차대차 - 기타,안전운전불이행,건조,맑음,단일로 - 기타,화물,남,63세,상해없음,승합,남,40세,경상
2018011800100381,2018년 1월 18일 17시,목요일,광주광역시 서구 양동,중상사고,0,1,0,0,차대사람 - 기타,안전운전불이행,건조,맑음,단일로 - 기타,자전거,남,34세,상해없음,보행자,여,76세,중상
2018011800100426,2018년 1월 18일 18시,목요일,광주광역시 광산구 신가동,경상사고,0,0,1,0,차대차 - 추돌,안전운전불이행,건조,맑음,교차로 - 교차로안,승용,여,45세,상해없음,승용,여,49세,경상
2018011800100461,2018년 1월 18일 19시,목요일,광주광역시 북구 우산동,경상사고,0,0,2,0,차대차 - 측면충돌,안전운전불이행,건조,맑음,교차로 - 교차로안,승용,남,45세,상해없음,승용,여,32세,경상
2018011800100524,2018년 1월 18일 22시,목요일,광주광역시 남구 봉선동,중상사고,0,1,0,0,차대차 - 측면충돌,교차로운행방법위반,건조,맑음,교차로 - 교차로안,승용,남,53세,상해없음,개인형이동수단(PM),남,58세,중상
2018011800100525,2018년 1월 18일 22시,목요일,광주광역시 광산구 월곡동,경상사고,0,0,1,0,차대차 - 추돌,안전운전불이행,건조,맑음,교차로 - 교차로부근,승용,남,41세,상해없음,승용,여,43세,경상
2018011800100549,2018년 1월 18일 23시,목요일,광주광역시 서구 쌍촌동,경상사고,0,0,1,0,차대차 - 측면충돌,안전운전불이행,건조,맑음,교차로 - 교차로안,승용,남,74세,상해없음,승용,남,25세,경상
2018011900100025,2018년 1월 19일 00시,금요일,광주광역시 북구 중흥동,경상사고,0,0,4,0,차대차 - 정면충돌,중앙선침범,건조,맑음,교차로 - 교차로부근,승용,남,27세,상해없음,승용,남,72세,경상
2018011900100037,2018년 1월 19일 01시,금요일,광주광역시 광산구 우산동,중상사고,0,1,0,0,차대차 - 측면충돌,신호위반,건조,맑음,교차로 - 교차로안,이륜,남,24세,상해없음,승용,남,33세,상해없음
2018011900100049,2018년 1월 19일 02시,금요일,광주광역시 북구 두암동,경상사고,0,0,2,0,차대사람 - 횡단중,안전운전불이행,건조,맑음,교차로 - 교차로부근,승용,남,64세,상해없음,보행자,남,39세,경상
2018011900100054,2018년 1월 19일 03시,금요일,광주광역시 서구 농성동,경상사고,0,0,2,0,차량단독 - 공작물충돌,안전운전불이행,건조,맑음,교차로 - 교차로안,승용,남,29세,경상,,,,
2018011900100055,2018년 1월 19일 03시,금요일,광주광역시 서구 화정동,경상사고,0,0,1,0,차대사람 - 기타,안전운전불이행,건조,맑음,단일로 - 기타,승합,남,54세,상해없음,보행자,남,40세,경상
2018011900100089,2018년 1월 19일 06시,금요일,광주광역시 서구 금호동,경상사고,0,0,1,0,차대차 - 추돌,안전운전불이행,건조,흐림,주차장 - 주차장,승용,남,41세,상해없음,승용,남,70세,경상
2018011900100131,2018년 1월 19일 08시,금요일,광주광역시 광산구 선암동,경상사고,0,0,1,0,차대차 - 추돌,안전운전불이행,건조,맑음,교차로 - 교차로부근,승용,여,39세,상해없음,승용,여,29세,경상
2018011900100177,2018년 1월 19일 10시,금요일,광주광역시 서구 금호동,중상사고,0,1,1,0,차대차 - 측면충돌,안전거리미확보,건조,맑음,단일로 - 기타,승용,여,24세,중상,승합,남,64세,경상
2018011900100204,2018년 1월 19일 11시,금요일,광주광역시 북구 양산동,경상사고,0,0,1,0,차대차 - 측면충돌,안전운전불이행,건조,맑음,교차로 - 교차로안,자전거,남,75세,경상,화물,남,49세,상해없음
2018011900100226,2018년 1월 19일 12시,금요일,광주광역시 서구 마륵동,경상사고,0,0,1,0,차대차 - 측면충돌,안전운전불이행,건조,맑음,교차로 - 교차로부근,화물,남,35세,상해없음,자전거,남,77세,경상
2018011900100227,2018년 1월 19일 12시,금요일,광주광역시 서구 덕흥동,경상사고,0,0,1,0,차대차 - 측면충돌,안전거리미확보,건조,맑음,단일로 - 기타,화물,남,50세,상해없음,승용,남,28세,경상
2018011900100262,2018년 1월 19일 13시,금요일,광주광역시 북구 신안동,경상사고,0,0,2,0,차대차 - 측면충돌,교차로운행방법위반,건조,맑음,교차로 - 교차로안,승용,여,31세,경상,승용,남,43세,경상
2018011900100263,2018년 1월 19일 13시,금요일,광주광역시 북구 중흥동,경상사고,0,0,1,0,차대사람 - 기타,안전운전불이행,건조,맑음,단일로 - 기타,승용,여,56세,상해없음,보행자,여,50세,경상
2018011900100322,2018년 1월 19일 15시,금요일,광주광역시 광산구 우산동,경상사고,0,0,1,0,차대차 - 측면충돌,차로위반,건조,맑음,단일로 - 기타,화물,남,58세,상해없음,승용,여,38세,경상
2018011900100388,2018년 1월 19일 17시,금요일,광주광역시 광산구 산정동,중상사고,0,1,0,0,차대차 - 추돌,안전운전불이행,건조,맑음,교차로 - 교차로부근,승용,남,73세,상해없음,승용,여,31세,중상
2018011900100449,2018년 1월 19일 18시,금요일,광주광역시 광산구 월곡동,경상사고,0,0,1,0,차대사람 - 기타,안전운전불이행,건조,맑음,주차장 - 주차장,승용,남,29세,상해없음,보행자,남,11세,경상
2018011900100499,2018년 1월 19일 19시,금요일,광주광역시 서구 치평동,경상사고,0,0,1,0,차대차 - 측면충돌,교차로운행방법위반,건조,맑음,교차로 - 교차로안,승용,남,62세,상해없음,원동기,남,25세,경상
2018011900100500,2018년 1월 19일 19시,금요일,광주광역시 서구 내방동,경상사고,0,0,2,0,차대차 - 추돌,안전거리미확보,건조,맑음,단일로 - 기타,기타불명,기타불명,미분류,기타불명,승용,남,38세,경상
2018011900100501,2018년 1월 19일 19시,금요일,광주광역시 서구 유촌동,경상사고,0,0,1,0,차대차 - 추돌,안전운전불이행,건조,맑음,교차로 - 교차로부근,화물,남,51세,상해없음,승용,남,33세,경상
2018011900100502,2018년 1월 19일 19시,금요일,광주광역시 서구 풍암동,경상사고,0,0,1,0,차대차 - 측면충돌,안전운전불이행,건조,맑음,교차로 - 교차로안,이륜,남,57세,경상,승용,여,52세,상해없음
2018011900100503,2018년 1월 19일 19시,금요일,광주광역시 광산구 소촌동,경상사고,0,0,1,0,차대차 - 측면충돌,중앙선침범,건조,맑음,교차로 - 교차로부근,승용,남,40세,상해없음,이륜,남,59세,경상
2018011900100534,2018년 1월 19일 20시,금요일,광주광역시 서구 서창동,경상사고,0,0,1,0,차대차 - 추돌,안전운전불이행,건조,맑음,교차로 - 교차로안,승용,남,47세,상해없음,승용,여,45세,경상
2018011900100535,2018년 1월 19일 20시,금요일,광주광역시 남구 백운동,경상사고,0,0,1,0,차대차 - 측면충돌,안전운전불이행,건조,맑음,교차로 - 교차로안,화물,남,53세,상해없음,승용,남,36세,경상
2018011900100610,2018년 1월 19일 23시,금요일,광주광역시 서구 치평동,경상사고,0,0,1,0,차대차 - 측면충돌,안전운전불이행,건조,맑음,교차로 - 교차로안,승용,남,52세,상해없음,이륜,남,26세,경상
2018011900100611,2018년 1월 19일 23시,금요일,광주광역시 광산구 월곡동,경상사고,0,0,1,0,차대차 - 기타,안전거리미확보,건조,맑음,교차로 - 교차로부근,승용,남,45세,상해없음,원동기,남,32세,경상
2018012000100082,2018년 1월 20일 03시,토요일,광주광역시 서구 쌍촌동,중상사고,0,1,0,0,차대사람 - 횡단중,안전운전불이행,건조,맑음,교차로 - 교차로횡단보도내,승용,남,53세,상해없음,보행자,여,26세,중상
2018012000100083,2018년 1월 20일 03시,토요일,광주광역시 서구 내방동,경상사고,0,0,2,0,차대차 - 추돌,안전운전불이행,건조,맑음,단일로 - 기타,승용,남,38세,상해없음,승용,여,35세,경상
2018012000100084,2018년 1월 20일 03시,토요일,광주광역시 광산구 신가동,중상사고,0,1,8,0,차대차 - 추돌,안전운전불이행,건조,맑음,교차로 - 교차로부근,승용,남,38세,상해없음,승용,남,45세,경상
2018012000100119,2018년 1월 20일 06시,토요일,광주광역시 광산구 송정동,사망사고,1,0,0,0,차대사람 - 횡단중,안전운전불이행,건조,맑음,단일로 - 기타,승용,남,35세,상해없음,보행자,여,86세,사망
2018012000100152,2018년 1월 20일 08시,토요일,광주광역시 남구 방림동,경상사고,0,0,1,0,차대차 - 측면충돌,중앙선침범,건조,맑음,단일로 - 기타,화물,남,71세,상해없음,승용,남,34세,상해없음
2018012000100173,2018년 1월 20일 09시,토요일,광주광역시 서구 동천동,경상사고,0,0,1,0,차대차 - 기타,교차로운행방법위반,건조,맑음,교차로 - 교차로안,승용,남,38세,상해없음,이륜,남,23세,경상
2018012000100174,2018년 1월 20일 09시,토요일,광주광역시 광산구 월곡동,경상사고,0,0,1,0,차대사람 - 횡단중,안전운전불이행,건조,맑음,교차로 - 교차로부근,승용,남,48세,상해없음,보행자,남,87세,경상
2018012000100198,2018년 1월 20일 10시,토요일,광주광역시 광산구 운남동,경상사고,0,0,3,0,차대차 - 측면충돌,안전거리미확보,건조,맑음,교차로 - 교차로안,승용,남,65세,상해없음,승용,남,39세,경상
2018012000100237,2018년 1월 20일 12시,토요일,광주광역시 북구 오치동,경상사고,0,0,1,0,차대차 - 측면충돌,안전운전불이행,건조,맑음,단일로 - 기타,승용,여,40세,상해없음,이륜,남,21세,경상
2018012000100266,2018년 1월 20일 13시,토요일,광주광역시 광산구 신가동,경상사고,0,0,1,0,차대차 - 측면충돌,안전거리미확보,건조,맑음,단일로 - 기타,승용,남,40세,상해없음,이륜,남,28세,경상
2018012000100267,2018년 1월 20일 13시,토요일,광주광역시 광산구 장덕동,경상사고,0,0,1,0,차대차 - 기타,안전운전불이행,건조,맑음,단일로 - 기타,승용,남,41세,상해없음,승용,남,38세,경상
2018012000100294,2018년 1월 20일 14시,토요일,광주광역시 북구 각화동,중상사고,0,1,0,0,차대사람 - 기타,안전운전불이행,건조,맑음,교차로 - 교차로안,승용,여,51세,상해없음,보행자,여,54세,중상
2018012000100295,2018년 1월 20일 14시,토요일,광주광역시 광산구 신촌동,경상사고,0,0,1,0,차대차 - 측면충돌,안전운전불이행,건조,맑음,단일로 - 기타,승용,남,50세,상해없음,승용,여,52세,경상
2018012000100342,2018년 1월 20일 16시,토요일,광주광역시 북구 망월동,경상사고,0,0,1,0,차대차 - 추돌,안전운전불이행,건조,맑음,단일로 - 기타,승용,여,68세,상해없음,승용,여,49세,상해없음
2018012000100343,2018년 1월 20일 16시,토요일,광주광역시 광산구 선암동,경상사고,0,0,2,0,차대차 - 측면충돌,차로위반,건조,맑음,교차로 - 교차로부근,승용,남,69세,상해없음,화물,남,66세,경상
2018012000100375,2018년 1월 20일 17시,토요일,광주광역시 북구 운암동,경상사고,0,0,2,0,차대차 - 측면충돌,차로위반,건조,맑음,단일로 - 고가도로위,승용,남,42세,상해없음,승용,남,61세,경상
2018012000100449,2018년 1월 20일 19시,토요일,광주광역시 서구 치평동,경상사고,0,0,1,0,차대차 - 측면충돌,안전거리미확보,건조,맑음,단일로 - 기타,승용,여,31세,상해없음,승용,남,57세,상해없음
2018012000100450,2018년 1월 20일 19시,토요일,광주광역시 북구 신안동,경상사고,0,0,1,0,차대차 - 추돌,안전운전불이행,건조,맑음,교차로 - 교차로부근,승용,남,43세,상해없음,승용,남,37세,경상
2018012000100451,2018년 1월 20일 19시,토요일,광주광역시 광산구 송정동,중상사고,0,1,0,0,차대차 - 측면충돌,중앙선침범,건조,맑음,단일로 - 기타,승용,남,47세,상해없음,원동기,남,33세,중상
2018012000100479,2018년 1월 20일 20시,토요일,광주광역시 북구 연제동,경상사고,0,0,1,1,차대차 - 측면충돌,안전운전불이행,건조,맑음,교차로 - 교차로안,승용,남,62세,경상,이륜,남,24세,부상신고
2018012000100480,2018년 1월 20일 20시,토요일,광주광역시 광산구 장록동,경상사고,0,0,1,0,차대사람 - 차도통행중,안전운전불이행,젖음/습기,안개,단일로 - 교량,기타불명,기타불명,미분류,기타불명,보행자,여,66세,경상
2018012000100509,2018년 1월 20일 21시,토요일,광주광역시 남구 진월동,경상사고,0,0,1,0,차대차 - 측면충돌,안전운전불이행,건조,맑음,교차로 - 교차로안,승용,여,46세,상해없음,원동기,남,28세,경상
2018012000100538,2018년 1월 20일 22시,토요일,광주광역시 서구 치평동,경상사고,0,0,1,0,차대사람 - 차도통행중,안전운전불이행,건조,맑음,단일로 - 기타,승용,남,43세,상해없음,보행자,여,25세,경상
2018012000100539,2018년 1월 20일 22시,토요일,광주광역시 서구 치평동,부상신고사고,0,0,0,1,차대차 - 기타,안전거리미확보,건조,맑음,단일로 - 기타,승용,남,49세,상해없음,승용,여,47세,부상신고
2018012000100540,2018년 1월 20일 22시,토요일,광주광역시 남구 백운동,경상사고,0,0,3,0,차대차 - 추돌,안전운전불이행,건조,맑음,단일로 - 고가도로위,승용,남,53세,기타불명,승용,남,62세,경상
2018012000100564,2018년 1월 20일 23시,토요일,광주광역시 북구 용봉동,경상사고,0,0,1,0,차대차 - 추돌,안전거리미확보,건조,맑음,단일로 - 기타,승용,남,33세,상해없음,승용,남,56세,경상