사고번호,사고일시,요일,시군구,사고내용,사망자수,중상자수,경상자수,부상신고자수,사고유형,법규위반,노면상태,기상상태,도로형태,가해운전자 차종,가해운전자 성별,가해운전자 연령,가해운전자 상해정도,피해운전자 차종,피해운전자 성별,피해운전자 연령,피해운전자 상해정도
2018012000100565,2018년 1월 20일 23시,토요일,광주광역시 광산구 흑석동,중상사고,0,1,0,0,차대사람 - 차도통행중,안전운전불이행,건조,맑음,단일로 - 기타,승용,남,24세,상해없음,보행자,여,47세,중상
2018012000100566,2018년 1월 20일 23시,토요일,광주광역시 광산구 수완동,경상사고,0,0,2,0,차대차 - 측면충돌,안전운전불이행,건조,맑음,단일로 - 기타,승용,남,31세,상해없음,승용,남,27세,경상
2018012100100018,2018년 1월 21일 00시,일요일,광주광역시 서구 치평동,경상사고,0,0,4,0,차대차 - 측면충돌,안전운전불이행,건조,맑음,단일로 - 기타,승용,남,56세,상해없음,이륜,남,19세,경상
2018012100100068,2018년 1월 21일 04시,일요일,광주광역시 남구 방림동,경상사고,0,0,3,0,차대차 - 측면충돌,교차로운행방법위반,건조,맑음,교차로 - 교차로안,승용,남,48세,상해없음,승용,남,22세,경상
2018012100100111,2018년 1월 21일 07시,일요일,광주광역시 북구 두암동,경상사고,0,0,1,0,차대사람 - 기타,안전운전불이행,건조,맑음,교차로 - 교차로횡단보도내,승용,여,73세,상해없음,보행자,남,49세,경상
2018012100100177,2018년 1월 21일 12시,일요일,광주광역시 남구 월산동,경상사고,0,0,1,0,차대사람 - 기타,안전운전불이행,건조,맑음,단일로 - 기타,승용,남,35세,상해없음,보행자,남,8세,경상
2018012100100178,2018년 1월 21일 12시,일요일,광주광역시 북구 운암동,경상사고,0,0,6,0,차대차 - 측면충돌,안전운전불이행,건조,맑음,단일로 - 기타,승용,남,61세,상해없음,화물,남,48세,경상
2018012100100226,2018년 1월 21일 14시,일요일,광주광역시 동구 대인동,경상사고,0,0,1,0,차대사람 - 차도통행중,안전운전불이행,건조,맑음,기타 - 기타,승용,여,41세,상해없음,보행자,남,75세,경상
2018012100100244,2018년 1월 21일 15시,일요일,광주광역시 광산구 흑석동,부상신고사고,0,0,0,1,차대차 - 측면충돌,안전운전불이행,건조,맑음,단일로 - 기타,이륜,남,27세,부상신고,승용,여,41세,상해없음
2018012100100328,2018년 1월 21일 19시,일요일,광주광역시 북구 중흥동,경상사고,0,0,1,0,차대차 - 기타,안전운전불이행,건조,맑음,단일로 - 기타,승용,남,69세,상해없음,이륜,남,23세,경상
2018012100100368,2018년 1월 21일 21시,일요일,광주광역시 서구 내방동,경상사고,0,0,3,0,차대차 - 측면충돌,안전운전불이행,건조,맑음,단일로 - 기타,승용,남,21세,상해없음,승용,남,24세,경상
2018012100100402,2018년 1월 21일 23시,일요일,광주광역시 북구 운암동,경상사고,0,0,3,0,차대차 - 기타,신호위반,건조,맑음,교차로 - 교차로안,승용,남,34세,상해없음,승용,남,34세,경상
2018012200100027,2018년 1월 22일 03시,월요일,광주광역시 서구 쌍촌동,경상사고,0,0,2,0,차대차 - 측면충돌,차로위반,건조,맑음,단일로 - 기타,승용,여,57세,상해없음,승용,남,65세,경상
2018012200100041,2018년 1월 22일 05시,월요일,광주광역시 남구 봉선동,사망사고,1,0,0,0,차대차 - 측면충돌,기타,건조,맑음,교차로 - 교차로부근,승용,남,36세,상해없음,자전거,남,77세,사망
2018012200100054,2018년 1월 22일 06시,월요일,광주광역시 광산구 신가동,경상사고,0,0,2,0,차대차 - 추돌,안전운전불이행,건조,맑음,교차로 - 교차로부근,승용,남,30세,상해없음,승용,남,64세,경상
2018012200100078,2018년 1월 22일 07시,월요일,광주광역시 북구 풍향동,중상사고,0,1,5,0,차대차 - 측면충돌,신호위반,건조,맑음,교차로 - 교차로안,승합,남,56세,상해없음,승합,남,67세,중상
2018012200100102,2018년 1월 22일 08시,월요일,광주광역시 북구 유동,중상사고,0,1,0,0,차대사람 - 기타,안전운전불이행,건조,맑음,기타 - 기타,승용,여,58세,상해없음,보행자,여,78세,중상
2018012200100132,2018년 1월 22일 09시,월요일,광주광역시 동구 금남로5가,경상사고,0,0,1,0,차대사람 - 기타,안전운전불이행,건조,맑음,단일로 - 기타,승용,여,38세,상해없음,보행자,여,82세,경상
2018012200100150,2018년 1월 22일 10시,월요일,광주광역시 북구 누문동,중상사고,0,1,0,0,차대사람 - 차도통행중,안전운전불이행,건조,맑음,단일로 - 기타,화물,남,45세,상해없음,보행자,여,80세,중상
2018012200100183,2018년 1월 22일 11시,월요일,광주광역시 남구 송하동,경상사고,0,0,1,0,차대차 - 추돌,기타,건조,맑음,단일로 - 기타,승합,남,53세,상해없음,화물,남,56세,경상
2018012200100184,2018년 1월 22일 11시,월요일,광주광역시 북구 각화동,경상사고,0,0,1,0,차대차 - 추돌,안전운전불이행,건조,맑음,교차로 - 교차로부근,화물,남,70세,상해없음,승용,남,28세,경상
2018012200100185,2018년 1월 22일 11시,월요일,광주광역시 북구 일곡동,경상사고,0,0,1,0,차대차 - 추돌,안전운전불이행,건조,맑음,교차로 - 교차로안,승용,남,63세,상해없음,승용,여,39세,경상
2018012200100211,2018년 1월 22일 12시,월요일,광주광역시 북구 중흥동,경상사고,0,0,3,0,차대차 - 측면충돌,안전운전불이행,건조,맑음,교차로 - 교차로안,화물,남,43세,경상,승용,남,67세,경상
2018012200100212,2018년 1월 22일 12시,월요일,광주광역시 광산구 도천동,경상사고,0,0,1,0,차대차 - 정면충돌,안전거리미확보,건조,맑음,교차로 - 교차로부근,승용,남,56세,상해없음,승용,여,57세,경상
2018012200100241,2018년 1월 22일 13시,월요일,광주광역시 광산구 신창동,중상사고,0,1,0,0,차대사람 - 차도통행중,안전운전불이행,건조,맑음,교차로 - 교차로안,화물,남,52세,상해없음,보행자,여,52세,중상
2018012200100274,2018년 1월 22일 14시,월요일,광주광역시 광산구 송정동,경상사고,0,0,3,0,차대차 - 측면충돌,교차로운행방법위반,건조,맑음,교차로 - 교차로안,승용,여,53세,경상,승용,남,25세,경상
2018012200100303,2018년 1월 22일 15시,월요일,광주광역시 남구 행암동,경상사고,0,0,1,0,차대차 - 측면충돌,신호위반,건조,맑음,교차로 - 교차로안,승용,남,42세,기타불명,승용,남,36세,경상
2018012200100304,2018년 1월 22일 15시,월요일,광주광역시 북구 문흥동,경상사고,0,0,3,0,차대차 - 측면충돌,교차로운행방법위반,건조,맑음,교차로 - 교차로안,승용,남,38세,경상,승용,남,65세,경상
2018012200100383,2018년 1월 22일 17시,월요일,광주광역시 남구 주월동,경상사고,0,0,1,0,차대차 - 추돌,안전운전불이행,건조,맑음,교차로 - 교차로부근,승용,남,61세,상해없음,승용,남,34세,경상
2018012200100384,2018년 1월 22일 17시,월요일,광주광역시 광산구 월계동,경상사고,0,0,1,0,차대차 - 측면충돌,안전운전불이행,젖음/습기,비,교차로 - 교차로부근,승용,남,70세,상해없음,승용,남,58세,경상
2018012200100457,2018년 1월 22일 18시,월요일,광주광역시 광산구 수완동,경상사고,0,0,2,0,차대차 - 측면충돌,안전거리미확보,건조,맑음,단일로 - 기타,승용,남,60세,경상,승용,여,45세,경상
2018012200100517,2018년 1월 22일 20시,월요일,광주광역시 북구 운암동,경상사고,0,0,3,0,차대차 - 기타,교차로운행방법위반,건조,맑음,교차로 - 교차로안,승용,여,55세,상해없음,승용,남,65세,경상
2018012200100544,2018년 1월 22일 21시,월요일,광주광역시 광산구 수완동,중상사고,0,1,0,0,차대사람 - 횡단중,안전운전불이행,건조,맑음,단일로 - 기타,승합,남,53세,상해없음,보행자,남,29세,중상
2018012200100569,2018년 1월 22일 22시,월요일,광주광역시 서구 금호동,경상사고,0,0,1,0,차대차 - 추돌,안전운전불이행,건조,맑음,단일로 - 기타,승용,여,31세,상해없음,승용,남,37세,경상
2018012200100570,2018년 1월 22일 22시,월요일,광주광역시 서구 양동,경상사고,0,0,1,0,차대차 - 측면충돌,중앙선침범,건조,맑음,단일로 - 기타,승용,남,36세,상해없음,승용,남,62세,경상
2018012200100571,2018년 1월 22일 22시,월요일,광주광역시 광산구 월계동,중상사고,0,1,1,0,차대차 - 추돌,안전운전불이행,젖음/습기,비,교차로 - 교차로부근,화물,남,47세,중상,승용,남,43세,경상
2018012200100594,2018년 1월 22일 23시,월요일,광주광역시 남구 지석동,중상사고,0,1,0,0,차대차 - 추돌,안전거리미확보,젖음/습기,비,단일로 - 기타,승용,남,37세,기타불명,화물,남,51세,중상
2018012300100010,2018년 1월 23일 00시,화요일,광주광역시 서구 쌍촌동,중상사고,0,1,0,0,차대사람 - 횡단중,안전운전불이행,건조,맑음,교차로 - 교차로부근,화물,남,52세,상해없음,보행자,남,43세,중상
2018012300100039,2018년 1월 23일 04시,화요일,광주광역시 서구 농성동,중상사고,0,1,2,0,차대차 - 측면충돌,신호위반,건조,맑음,교차로 - 교차로안,승용,남,73세,상해없음,승용,남,55세,중상
2018012300100068,2018년 1월 23일 07시,화요일,광주광역시 광산구 신가동,중상사고,0,2,1,0,차대차 - 측면충돌,신호위반,건조,맑음,교차로 - 교차로안,승용,남,30세,상해없음,승용,여,35세,중상
2018012300100106,2018년 1월 23일 08시,화요일,광주광역시 서구 풍암동,중상사고,0,1,0,0,차대사람 - 횡단중,안전운전불이행,건조,맑음,단일로 - 기타,승용,남,27세,상해없음,보행자,여,20세,중상
2018012300100107,2018년 1월 23일 08시,화요일,광주광역시 북구 연제동,경상사고,0,0,1,0,차대차 - 측면충돌,교차로운행방법위반,젖음/습기,흐림,단일로 - 기타,승용,남,52세,상해없음,승용,여,24세,경상
2018012300100140,2018년 1월 23일 09시,화요일,광주광역시 서구 쌍촌동,경상사고,0,0,1,0,차대사람 - 횡단중,보행자보호의무위반,건조,맑음,단일로 - 기타,화물,남,61세,상해없음,보행자,여,22세,경상
2018012300100183,2018년 1월 23일 10시,화요일,광주광역시 서구 풍암동,경상사고,0,0,1,0,차대차 - 후진중충돌,안전운전불이행,건조,맑음,교차로 - 교차로안,승용,여,48세,상해없음,화물,남,37세,경상
2018012300100184,2018년 1월 23일 10시,화요일,광주광역시 북구 용봉동,경상사고,0,0,4,0,차대차 - 측면충돌,안전운전불이행,건조,맑음,단일로 - 기타,승용,남,38세,경상,화물,남,31세,경상
2018012300100224,2018년 1월 23일 11시,화요일,광주광역시 북구 양산동,경상사고,0,0,1,0,차대차 - 측면충돌,안전운전불이행,건조,맑음,교차로 - 교차로부근,승용,남,24세,상해없음,화물,남,63세,경상
2018012300100245,2018년 1월 23일 12시,화요일,광주광역시 북구 용두동,부상신고사고,0,0,0,1,차대차 - 기타,교차로운행방법위반,건조,맑음,교차로 - 교차로안,자전거,남,13세,부상신고,승용,여,54세,상해없음
2018012300100275,2018년 1월 23일 13시,화요일,광주광역시 서구 쌍촌동,경상사고,0,0,1,0,차대차 - 측면충돌,안전운전불이행,건조,맑음,단일로 - 기타,승용,남,72세,상해없음,승용,여,27세,경상
2018012300100342,2018년 1월 23일 15시,화요일,광주광역시 광산구 신가동,경상사고,0,0,1,0,차대차 - 추돌,안전거리미확보,건조,맑음,단일로 - 기타,승용,남,32세,상해없음,승용,남,27세,경상
2018012300100370,2018년 1월 23일 16시,화요일,광주광역시 북구 신안동,경상사고,0,0,1,0,차대사람 - 차도통행중,안전운전불이행,건조,맑음,단일로 - 기타,승용,남,33세,상해없음,보행자,남,42세,경상
2018012300100404,2018년 1월 23일 17시,화요일,광주광역시 광산구 도천동,경상사고,0,0,1,0,차대차 - 기타,교차로운행방법위반,건조,맑음,교차로 - 교차로안,화물,남,57세,상해없음,화물,남,56세,상해없음
2018012300100472,2018년 1월 23일 19시,화요일,광주광역시 서구 금호동,중상사고,0,1,1,0,차대차 - 기타,신호위반,건조,맑음,교차로 - 교차로부근,원동기,남,48세,중상,원동기,남,45세,경상
2018012300100473,2018년 1월 23일 19시,화요일,광주광역시 북구 두암동,중상사고,0,1,0,0,차대사람 - 기타,안전운전불이행,건조,맑음,단일로 - 기타,화물,남,54세,상해없음,보행자,남,64세,중상
2018012300100540,2018년 1월 23일 21시,화요일,광주광역시 북구 임동,경상사고,0,0,5,0,차대차 - 측면충돌,안전운전불이행,건조,맑음,단일로 - 기타,승용,남,40세,경상,승용,남,30세,경상
2018012300100558,2018년 1월 23일 22시,화요일,광주광역시 남구 진월동,경상사고,0,0,1,0,차대차 - 기타,안전운전불이행,기타,맑음,단일로 - 기타,승용,남,37세,상해없음,승용,여,28세,경상
2018012300100559,2018년 1월 23일 22시,화요일,광주광역시 북구 용두동,경상사고,0,0,1,0,차대차 - 측면충돌,안전운전불이행,건조,맑음,교차로 - 교차로부근,승용,남,53세,상해없음,원동기,남,23세,경상
2018012400100067,2018년 1월 24일 06시,수요일,광주광역시 광산구 송촌동,중상사고,0,2,1,0,차대차 - 측면충돌,안전거리미확보,젖음/습기,맑음,단일로 - 교량,승용,남,74세,상해없음,화물,남,52세,상해없음
2018012400100167,2018년 1월 24일 10시,수요일,광주광역시 광산구 수완동,중상사고,0,1,3,0,차대차 - 추돌,안전운전불이행,건조,맑음,단일로 - 기타,승용,남,46세,상해없음,승용,남,31세,경상
2018012400100173,2018년 1월 24일 10시,수요일,광주광역시 서구 쌍촌동,경상사고,0,0,1,0,차대차 - 측면충돌,차로위반,건조,맑음,단일로 - 기타,승용,남,43세,상해없음,화물,남,24세,경상
2018012400100174,2018년 1월 24일 10시,수요일,광주광역시 광산구 장덕동,경상사고,0,0,1,0,차대차 - 추돌,안전운전불이행,건조,맑음,교차로 - 교차로부근,승용,남,69세,상해없음,승용,여,32세,경상
2018012400100197,2018년 1월 24일 11시,수요일,광주광역시 북구 우산동,중상사고,0,1,0,0,차대차 - 측면충돌,안전거리미확보,건조,맑음,교차로 - 교차로부근,승용,남,61세,상해없음,이륜,남,49세,중상
2018012400100198,2018년 1월 24일 11시,수요일,광주광역시 광산구 하남동,경상사고,0,0,2,0,차대차 - 추돌,안전운전불이행,건조,맑음,단일로 - 기타,승용,남,31세,상해없음,승용,남,59세,경상
2018012400100199,2018년 1월 24일 11시,수요일,광주광역시 광산구 쌍암동,경상사고,0,0,1,0,차대차 - 기타,안전운전불이행,건조,맑음,단일로 - 기타,승용,여,31세,상해없음,승용,여,36세,경상
2018012400100318,2018년 1월 24일 15시,수요일,광주광역시 동구 금동,경상사고,0,0,1,0,차량단독 - 전도전복 - 전도,안전운전불이행,건조,맑음,단일로 - 기타,이륜,남,71세,경상,미분류,미분류,미분류,미분류
2018012400100353,2018년 1월 24일 16시,수요일,광주광역시 서구 매월동,경상사고,0,0,3,0,차대차 - 측면충돌,안전운전불이행,건조,맑음,교차로 - 교차로부근,화물,남,25세,상해없음,승용,남,29세,경상
2018012400100438,2018년 1월 24일 18시,수요일,광주광역시 북구 용봉동,경상사고,0,0,1,0,차대차 - 측면충돌,안전운전불이행,건조,맑음,단일로 - 기타,승용,남,56세,상해없음,이륜,남,23세,경상
2018012400100439,2018년 1월 24일 18시,수요일,광주광역시 광산구 신가동,중상사고,0,1,0,0,차대사람 - 횡단중,안전운전불이행,건조,맑음,교차로 - 교차로부근,승합,여,43세,상해없음,보행자,남,28세,중상
2018012400100558,2018년 1월 24일 22시,수요일,광주광역시 북구 신안동,중상사고,0,1,0,0,차대사람 - 횡단중,신호위반,건조,맑음,교차로 - 교차로횡단보도내,이륜,남,53세,상해없음,보행자,여,51세,중상
2018012500100050,2018년 1월 25일 06시,목요일,광주광역시 서구 유촌동,경상사고,0,0,2,0,차대차 - 측면충돌,안전운전불이행,건조,맑음,단일로 - 기타,화물,남,42세,상해없음,화물,남,56세,경상
2018012500100095,2018년 1월 25일 08시,목요일,광주광역시 서구 쌍촌동,중상사고,0,1,0,0,차대차 - 측면충돌,교차로운행방법위반,건조,맑음,교차로 - 교차로안,승용,남,47세,상해없음,이륜,남,29세,중상
2018012500100119,2018년 1월 25일 09시,목요일,광주광역시 남구 송하동,경상사고,0,0,1,0,차대차 - 기타,안전운전불이행,건조,맑음,기타 - 기타,승용,남,60세,상해없음,승용,여,54세,경상
2018012500100120,2018년 1월 25일 09시,목요일,광주광역시 북구 신안동,경상사고,0,0,2,0,차대차 - 측면충돌,안전운전불이행,건조,맑음,교차로 - 교차로부근,승용,여,41세,상해없음,승용,남,39세,경상
2018012500100161,2018년 1월 25일 10시,목요일,광주광역시 광산구 산정동,경상사고,0,0,1,0,차대차 - 측면충돌,안전운전불이행,건조,맑음,교차로 - 교차로안,승용,여,27세,경상,승용,여,44세,상해없음
2018012500100182,2018년 1월 25일 11시,목요일,광주광역시 북구 일곡동,경상사고,0,0,2,0,차대차 - 기타,안전운전불이행,건조,맑음,단일로 - 기타,승용,여,35세,상해없음,승용,남,70세,경상
2018012500100237,2018년 1월 25일 13시,목요일,광주광역시 서구 매월동,경상사고,0,0,1,0,차대차 - 측면충돌,교차로운행방법위반,건조,맑음,교차로 - 교차로안,승용,여,55세,상해없음,승용,여,58세,경상
2018012500100269,2018년 1월 25일 14시,목요일,광주광역시 남구 진월동,경상사고,0,0,1,0,차대차 - 측면충돌,안전거리미확보,건조,맑음,교차로 - 교차로부근,건설기계,남,54세,상해없음,승용,남,57세,경상
2018012500100341,2018년 1월 25일 16시,목요일,광주광역시 북구 두암동,경상사고,0,0,1,0,차대차 - 추돌,안전거리미확보,건조,맑음,기타 - 기타,승용,남,62세,상해없음,승용,남,30세,경상
2018012500100366,2018년 1월 25일 17시,목요일,광주광역시 서구 치평동,경상사고,0,0,2,0,차대차 - 측면충돌,직진우회전진행방해,건조,맑음,교차로 - 교차로안,승용,여,50세,경상,승용,남,37세,경상
2018012500100416,2018년 1월 25일 18시,목요일,광주광역시 광산구 수완동,중상사고,0,1,0,0,차대차 - 측면충돌,안전운전불이행,건조,맑음,교차로 - 교차로안,승용,남,20세,상해없음,이륜,남,25세,중상
2018012500100455,2018년 1월 25일 19시,목요일,광주광역시 남구 백운동,경상사고,0,0,3,0,차대차 - 기타,안전거리미확보,건조,맑음,교차로 - 교차로안,승용,남,52세,경상,승용,남,36세,경상
2018012500100456,2018년 1월 25일 19시,목요일,광주광역시 북구 중흥동,부상신고사고,0,0,0,1,차대차 - 측면충돌,직진우회전진행방해,건조,맑음,교차로 - 교차로안,이륜,남,45세,부상신고,승용,남,41세,상해없음
2018012500100480,2018년 1월 25일 20시,목요일,광주광역시 광산구 우산동,경상사고,0,0,4,0,차대차 - 측면충돌,안전운전불이행,건조,맑음,기타 - 기타,승용,여,67세,상해없음,승용,남,25세,경상
2018012500100531,2018년 1월 25일 22시,목요일,광주광역시 서구 동천동,경상사고,0,0,1,0,차대사람 - 횡단중,신호위반,건조,맑음,교차로 - 교차로횡단보도내,기타불명,기타불명,미분류,기타불명,보행자,남,18세,경상
2018012500100551,2018년 1월 25일 23시,목요일,광주광역시 서구 매월동,경상사고,0,0,3,0,차대차 - 추돌,안전운전불이행,건조,맑음,단일로 - 기타,승용,남,46세,상해없음,승용,여,55세,경상
2018012600100016,2018년 1월 26일 00시,금요일,광주광역시 광산구 신창동,경상사고,0,0,3,0,차대차 - 추돌,차로위반,건조,맑음,교차로 - 교차로부근,승용,여,47세,경상,승용,남,31세,경상
2018012600100029,2018년 1월 26일 01시,금요일,광주광역시 서구 매월동,경상사고,0,0,1,0,차량단독 - 공작물충돌,안전운전불이행,건조,맑음,교차로 - 교차로안,승용,남,36세,경상,,,,
2018012600100046,2018년 1월 26일 04시,금요일,광주광역시 북구 각화동,경상사고,0,0,3,0,차대차 - 측면충돌,안전운전불이행,건조,맑음,교차로 - 교차로부근,화물,남,54세,상해없음,승용,남,59세,경상
2018012600100096,2018년 1월 26일 08시,금요일,광주광역시 서구 광천동,경상사고,0,0,1,0,차대차 - 측면충돌,기타,건조,맑음,단일로 - 기타,승용,남,62세,상해없음,이륜,남,51세,경상
2018012600100097,2018년 1월 26일 08시,금요일,광주광역시 남구 백운동,경상사고,0,0,1,0,차대사람 - 횡단중,안전운전불이행,건조,맑음,단일로 - 기타,승용,여,28세,상해없음,보행자,남,71세,경상
2018012600100098,2018년 1월 26일 08시,금요일,광주광역시 북구 중흥동,경상사고,0,0,1,0,차대사람 - 기타,안전운전불이행,건조,맑음,단일로 - 기타,승용,남,18세,상해없음,보행자,여,24세,경상
2018012600100127,2018년 1월 26일 09시,금요일,광주광역시 북구 문흥동,중상사고,0,1,0,0,차대사람 - 횡단중,안전운전불이행,건조,맑음,교차로 - 교차로안,승합,남,64세,기타불명,보행자,여,54세,중상
2018012600100128,2018년 1월 26일 09시,금요일,광주광역시 북구 신용동,중상사고,0,1,0,0,차대사람 - 횡단중,보행자보호의무위반,건조,맑음,교차로 - 교차로안,승용,여,27세,상해없음,보행자,여,37세,중상
2018012600100218,2018년 1월 26일 12시,금요일,광주광역시 북구 동림동,경상사고,0,0,1,0,차대사람 - 기타,안전운전불이행,건조,맑음,단일로 - 기타,승용,남,38세,상해없음,보행자,여,60세,경상
2018012600100257,2018년 1월 26일 13시,금요일,광주광역시 북구 문흥동,경상사고,0,0,1,0,차대차 - 추돌,안전거리미확보,건조,맑음,기타 - 기타,승용,남,59세,상해없음,승용,남,60세,경상
2018012600100295,2018년 1월 26일 14시,금요일,광주광역시 북구 연제동,중상사고,0,2,1,0,차대차 - 추돌,안전운전불이행,건조,맑음,교차로 - 교차로부근,승용,남,71세,상해없음,승용,여,50세,중상
2018012600100330,2018년 1월 26일 15시,금요일,광주광역시 북구 운암동,경상사고,0,0,2,0,차대차 - 측면충돌,안전운전불이행,건조,맑음,단일로 - 기타,승용,남,60세,상해없음,승용,남,67세,경상
2018012600100331,2018년 1월 26일 15시,금요일,광주광역시 광산구 장덕동,경상사고,0,0,1,0,차대사람 - 보도통행중,보행자보호의무위반,건조,맑음,교차로 - 교차로횡단보도내,화물,남,47세,상해없음,보행자,여,67세,경상
2018012600100398,2018년 1월 26일 17시,금요일,광주광역시 서구 화정동,경상사고,0,0,3,0,차대차 - 측면충돌,안전운전불이행,건조,맑음,단일로 - 기타,승용,남,26세,상해없음,승용,여,35세,경상
2018012600100451,2018년 1월 26일 18시,금요일,광주광역시 동구 소태동,경상사고,0,0,1,0,차대차 - 측면충돌,안전운전불이행,건조,맑음,교차로 - 교차로안,승용,남,50세,상해없음,이륜,남,21세,경상
2018012600100452,2018년 1월 26일 18시,금요일,광주광역시 서구 금호동,경상사고,0,0,1,0,차대차 - 측면충돌,교차로운행방법위반,건조,맑음,교차로 - 교차로안,승용,남,65세,상해없음,승용,여,34세,경상
2018012600100509,2018년 1월 26일 19시,금요일,광주광역시 서구 동천동,경상사고,0,0,3,0,차대차 - 추돌,안전운전불이행,건조,기타,단일로 - 기타,승용,남,25세,상해없음,승용,남,37세,경상
2018012600100543,2018년 1월 26일 20시,금요일,광주광역시 서구 농성동,경상사고,0,0,1,0,차대차 - 측면충돌,안전거리미확보,건조,맑음,단일로 - 기타,승용,남,21세,상해없음,승용,남,34세,경상
2018012600100544,2018년 1월 26일 20시,금요일,광주광역시 북구 두암동,중상사고,0,1,1,0,차대차 - 측면충돌,차로위반,건조,맑음,단일로 - 기타,원동기,남,20세,경상,원동기,남,43세,중상
2018012600100572,2018년 1월 26일 21시,금요일,광주광역시 동구 금남로5가,경상사고,0,0,2,0,차대차 - 추돌,안전운전불이행,건조,맑음,단일로 - 기타,승용,남,56세,상해없음,승용,남,25세,경상
2018012600100573,2018년 1월 26일 21시,금요일,광주광역시 북구 두암동,경상사고,0,0,1,0,차대차 - 측면충돌,차로위반,건조,맑음,교차로 - 교차로안,승용,여,50세,상해없음,승합,남,58세,경상
2018012600100602,2018년 1월 26일 22시,금요일,광주광역시 서구 치평동,경상사고,0,0,4,0,차대차 - 추돌,안전거리미확보,건조,맑음,교차로 - 교차로부근,승용,남,52세,상해없음,승용,여,42세,경상
2018012600100603,2018년 1월 26일 22시,금요일,광주광역시 북구 용봉동,경상사고,0,0,2,0,차대차 - 추돌,안전운전불이행,건조,맑음,기타 - 기타,승용,남,29세,기타불명,승용,여,66세,경상
2018012600100636,2018년 1월 26일 23시,금요일,광주광역시 서구 광천동,중상사고,0,1,1,0,차대차 - 추돌,안전운전불이행,건조,맑음,교차로 - 교차로부근,승용,남,30세,상해없음,승용,남,65세,중상
2018012600100637,2018년 1월 26일 23시,금요일,광주광역시 남구 압촌동,경상사고,0,0,1,0,차대차 - 추돌,안전운전불이행,건조,맑음,단일로 - 기타,승용,남,33세,상해없음,승용,여,55세,경상
2018012700100037,2018년 1월 27일 01시,토요일,광주광역시 서구 화정동,경상사고,0,0,1,0,차량단독 - 기타,안전운전불이행,건조,맑음,교차로 - 교차로부근,승용,남,50세,상해없음,,,,
2018012700100038,2018년 1월 27일 01시,토요일,광주광역시 광산구 쌍암동,경상사고,0,0,2,0,차대차 - 측면충돌,교차로운행방법위반,건조,맑음,교차로 - 교차로안,승용,남,46세,경상,승용,남,34세,경상
2018012700100119,2018년 1월 27일 08시,토요일,광주광역시 북구 동림동,경상사고,0,0,1,0,차대차 - 추돌,안전거리미확보,건조,맑음,단일로 - 기타,승합,남,54세,상해없음,승용,여,44세,경상
2018012700100175,2018년 1월 27일 10시,토요일,광주광역시 서구 치평동,경상사고,0,0,4,0,차대차 - 측면충돌,교차로운행방법위반,건조,맑음,교차로 - 교차로안,승용,남,65세,상해없음,화물,남,37세,경상
2018012700100271,2018년 1월 27일 13시,토요일,광주광역시 남구 봉선동,경상사고,0,0,1,0,차대차 - 측면충돌,교차로운행방법위반,건조,맑음,교차로 - 교차로안,승용,남,49세,상해없음,승용,여,39세,경상
2018012700100412,2018년 1월 27일 18시,토요일,광주광역시 북구 유동,경상사고,0,0,1,0,차대차 - 측면충돌,안전운전불이행,건조,맑음,교차로 - 교차로안,승용,여,33세,상해없음,승용,남,65세,경상
2018012700100452,2018년 1월 27일 19시,토요일,광주광역시 서구 쌍촌동,사망사고,1,0,0,0,차대사람 - 길가장자리구역통행중,안전운전불이행,건조,맑음,단일로 - 기타,자전거,남,26세,상해없음,보행자,남,66세,사망
2018012700100453,2018년 1월 27일 19시,토요일,광주광역시 북구 두암동,경상사고,0,0,1,0,차대차 - 측면충돌,교차로운행방법위반,건조,맑음,교차로 - 교차로안,승용,남,60세,상해없음,이륜,남,39세,경상
2018012700100495,2018년 1월 27일 21시,토요일,광주광역시 광산구 장덕동,중상사고,0,1,0,0,차대사람 - 횡단중,중앙선침범,건조,맑음,교차로 - 교차로부근,승용,남,39세,상해없음,보행자,남,62세,중상
2018012700100496,2018년 1월 27일 21시,토요일,광주광역시 광산구 송정동,경상사고,0,0,3,0,차대차 - 측면충돌,안전거리미확보,건조,맑음,단일로 - 기타,승용,여,21세,경상,승용,남,24세,경상
2018012800100033,2018년 1월 28일 01시,일요일,광주광역시 남구 구동,경상사고,0,0,2,1,차대차 - 측면충돌,신호위반,건조,맑음,교차로 - 교차로안,승용,남,28세,부상신고,승용,여,23세,경상
2018012800100046,2018년 1월 28일 02시,일요일,광주광역시 서구 금호동,경상사고,0,0,1,0,차대사람 - 횡단중,보행자보호의무위반,건조,맑음,교차로 - 교차로횡단보도내,승용,남,40세,상해없음,보행자,남,22세,경상
2018012800100059,2018년 1월 28일 03시,일요일,광주광역시 동구 불로동,중상사고,0,1,1,0,차대차 - 측면충돌,신호위반,건조,맑음,교차로 - 교차로안,승용,남,22세,상해없음,승용,여,25세,중상
2018012800100064,2018년 1월 28일 04시,일요일,광주광역시 서구 치평동,중상사고,0,1,2,0,차대차 - 측면충돌,교차로운행방법위반,건조,맑음,교차로 - 교차로안,승용,남,20세,상해없음,승용,남,41세,중상
2018012800100091,2018년 1월 28일 08시,일요일,광주광역시 남구 방림동,중상사고,0,1,0,0,차대차 - 측면충돌,신호위반,건조,맑음,교차로 - 교차로안,승용,남,23세,상해없음,승용,남,61세,중상