사고번호,사고일시,요일,시군구,사고내용,사망자수,중상자수,경상자수,부상신고자수,사고유형,법규위반,노면상태,기상상태,도로형태,가해운전자 차종,가해운전자 성별,가해운전자 연령,가해운전자 상해정도,피해운전자 차종,피해운전자 성별,피해운전자 연령,피해운전자 상해정도
2018012800100092,2018년 1월 28일 08시,일요일,광주광역시 광산구 신창동,경상사고,0,0,1,0,차대차 - 측면충돌,안전운전불이행,건조,맑음,단일로 - 기타,승용,남,25세,상해없음,승용,여,43세,경상
2018012800100105,2018년 1월 28일 09시,일요일,광주광역시 북구 신안동,경상사고,0,0,3,0,차대차 - 측면충돌,안전거리미확보,건조,맑음,단일로 - 기타,승용,여,56세,경상,승용,남,73세,경상
2018012800100194,2018년 1월 28일 13시,일요일,광주광역시 서구 마륵동,경상사고,0,0,3,0,차대차 - 측면충돌,차로위반,건조,맑음,단일로 - 기타,승용,남,79세,상해없음,승용,남,32세,경상
2018012800100219,2018년 1월 28일 14시,일요일,광주광역시 서구 쌍촌동,경상사고,0,0,1,0,차대차 - 정면충돌,안전운전불이행,건조,맑음,단일로 - 기타,승용,여,33세,상해없음,승용,남,32세,경상
2018012800100311,2018년 1월 28일 18시,일요일,광주광역시 남구 백운동,경상사고,0,0,3,0,차대차 - 측면충돌,중앙선침범,건조,맑음,단일로 - 기타,승용,남,70세,상해없음,승용,남,43세,경상
2018012800100332,2018년 1월 28일 19시,일요일,광주광역시 서구 치평동,중상사고,0,1,0,0,차대차 - 기타,신호위반,건조,맑음,교차로 - 교차로안,승용,남,31세,상해없음,원동기,남,34세,중상
2018012800100349,2018년 1월 28일 20시,일요일,광주광역시 북구 임동,경상사고,0,0,3,0,차대차 - 측면충돌,신호위반,건조,맑음,교차로 - 교차로안,승용,남,44세,상해없음,승용,남,49세,경상
2018012900100022,2018년 1월 29일 01시,월요일,광주광역시 서구 광천동,경상사고,0,0,3,0,차대차 - 측면충돌,안전운전불이행,건조,맑음,교차로 - 교차로안,승용,남,45세,경상,승용,남,25세,경상
2018012900100082,2018년 1월 29일 07시,월요일,광주광역시 광산구 도산동,경상사고,0,0,2,0,차대차 - 추돌,안전운전불이행,서리/결빙,눈,단일로 - 기타,승용,남,49세,상해없음,승용,남,60세,경상
2018012900100113,2018년 1월 29일 08시,월요일,광주광역시 서구 화정동,경상사고,0,0,1,0,차대사람 - 횡단중,보행자보호의무위반,건조,맑음,단일로 - 기타,승용,여,47세,상해없음,보행자,여,66세,경상
2018012900100114,2018년 1월 29일 08시,월요일,광주광역시 북구 중흥동,경상사고,0,0,2,0,차대차 - 기타,안전거리미확보,건조,맑음,단일로 - 기타,승용,남,30세,경상,승용,여,59세,경상
2018012900100139,2018년 1월 29일 09시,월요일,광주광역시 북구 오치동,경상사고,0,0,2,0,차대차 - 측면충돌,안전운전불이행,건조,맑음,교차로 - 교차로안,승용,남,57세,상해없음,승용,남,38세,경상
2018012900100199,2018년 1월 29일 11시,월요일,광주광역시 서구 치평동,경상사고,0,0,2,0,차대차 - 측면충돌,직진우회전진행방해,건조,맑음,교차로 - 교차로안,승용,여,58세,상해없음,승용,남,66세,경상
2018012900100200,2018년 1월 29일 11시,월요일,광주광역시 남구 봉선동,경상사고,0,0,2,0,차대차 - 기타,안전운전불이행,건조,맑음,단일로 - 기타,이륜,남,35세,경상,화물,남,48세,경상
2018012900100232,2018년 1월 29일 12시,월요일,광주광역시 동구 금남로1가,경상사고,0,0,1,0,차대차 - 측면충돌,안전운전불이행,건조,맑음,단일로 - 기타,화물,남,27세,상해없음,화물,남,50세,경상
2018012900100302,2018년 1월 29일 14시,월요일,광주광역시 서구 쌍촌동,중상사고,0,1,0,0,차대사람 - 기타,안전운전불이행,건조,맑음,단일로 - 기타,승용,남,55세,상해없음,보행자,남,66세,중상
2018012900100303,2018년 1월 29일 14시,월요일,광주광역시 북구 중흥동,사망사고,1,0,0,0,차대사람 - 횡단중,보행자보호의무위반,건조,맑음,교차로 - 교차로안,승용,남,49세,상해없음,보행자,남,15세,사망
2018012900100362,2018년 1월 29일 16시,월요일,광주광역시 남구 진월동,중상사고,0,1,0,0,차대사람 - 기타,안전운전불이행,건조,맑음,단일로 - 기타,승용,여,51세,상해없음,보행자,남,6세,중상
2018012900100363,2018년 1월 29일 16시,월요일,광주광역시 광산구 월전동,경상사고,0,0,2,0,차대차 - 추돌,안전운전불이행,젖음/습기,맑음,교차로 - 교차로부근,화물,남,69세,상해없음,승용,여,26세,경상
2018012900100428,2018년 1월 29일 18시,월요일,광주광역시 서구 쌍촌동,경상사고,0,0,1,0,차대차 - 측면충돌,교차로운행방법위반,건조,맑음,교차로 - 교차로안,승용,남,37세,상해없음,이륜,남,19세,경상
2018012900100464,2018년 1월 29일 19시,월요일,광주광역시 북구 운암동,경상사고,0,0,1,0,차대사람 - 기타,안전운전불이행,건조,맑음,단일로 - 기타,승용,남,37세,상해없음,보행자,남,57세,경상
2018012900100526,2018년 1월 29일 22시,월요일,광주광역시 북구 용봉동,경상사고,0,0,1,0,차대사람 - 기타,안전운전불이행,건조,맑음,교차로 - 교차로부근,승용,여,54세,상해없음,보행자,여,58세,경상
2018013000100036,2018년 1월 30일 02시,화요일,광주광역시 북구 신안동,경상사고,0,0,2,0,차대차 - 측면충돌,안전운전불이행,건조,맑음,단일로 - 기타,승용,남,39세,경상,승용,남,57세,경상
2018013000100076,2018년 1월 30일 06시,화요일,광주광역시 서구 화정동,경상사고,0,0,1,0,차대차 - 측면충돌,안전운전불이행,건조,맑음,단일로 - 기타,승용,남,35세,기타불명,승용,남,36세,경상
2018013000100102,2018년 1월 30일 07시,화요일,광주광역시 서구 치평동,중상사고,0,1,0,0,차대사람 - 차도통행중,안전운전불이행,건조,맑음,단일로 - 기타,승용,여,39세,상해없음,보행자,남,42세,중상
2018013000100166,2018년 1월 30일 09시,화요일,광주광역시 북구 연제동,경상사고,0,0,1,0,차대차 - 추돌,안전거리미확보,건조,맑음,기타 - 기타,화물,남,53세,상해없음,화물,남,58세,경상
2018013000100196,2018년 1월 30일 10시,화요일,광주광역시 동구 용산동,경상사고,0,0,1,0,차대차 - 추돌,안전거리미확보,건조,맑음,단일로 - 기타,승용,여,30세,상해없음,승용,여,42세,경상
2018013000100226,2018년 1월 30일 11시,화요일,광주광역시 북구 용봉동,중상사고,0,2,0,0,차대차 - 추돌,안전운전불이행,건조,맑음,교차로 - 교차로안,승용,남,73세,상해없음,승용,여,68세,중상
2018013000100286,2018년 1월 30일 13시,화요일,광주광역시 북구 용봉동,경상사고,0,0,2,0,차대사람 - 기타,안전운전불이행,건조,맑음,단일로 - 기타,승용,여,53세,상해없음,보행자,남,59세,경상
2018013000100318,2018년 1월 30일 14시,화요일,광주광역시 서구 금호동,경상사고,0,0,2,0,차대차 - 측면충돌,안전거리미확보,건조,맑음,교차로 - 교차로안,승용,남,53세,상해없음,승용,남,47세,경상
2018013000100319,2018년 1월 30일 14시,화요일,광주광역시 북구 본촌동,경상사고,0,0,2,0,차대차 - 측면충돌,교차로운행방법위반,건조,맑음,교차로 - 교차로안,화물,여,49세,상해없음,승용,여,56세,경상
2018013000100342,2018년 1월 30일 15시,화요일,광주광역시 광산구 용곡동,경상사고,0,0,1,0,차대차 - 정면충돌,중앙선침범,건조,맑음,단일로 - 기타,화물,남,62세,기타불명,화물,남,57세,경상
2018013000100418,2018년 1월 30일 17시,화요일,광주광역시 북구 신용동,경상사고,0,0,1,0,차대차 - 기타,안전운전불이행,건조,맑음,단일로 - 기타,자전거,남,9세,경상,화물,남,40세,상해없음
2018013000100419,2018년 1월 30일 17시,화요일,광주광역시 북구 대촌동,중상사고,0,1,0,0,차대사람 - 기타,안전운전불이행,건조,맑음,단일로 - 기타,화물,남,67세,상해없음,보행자,여,21세,중상
2018013000100477,2018년 1월 30일 18시,화요일,광주광역시 북구 문흥동,중상사고,0,1,1,0,차대사람 - 횡단중,안전운전불이행,건조,맑음,단일로 - 기타,승용,여,41세,상해없음,보행자,남,44세,중상
2018013000100535,2018년 1월 30일 19시,화요일,광주광역시 광산구 우산동,경상사고,0,0,1,0,차대차 - 추돌,안전운전불이행,건조,맑음,교차로 - 교차로부근,승용,남,28세,상해없음,승용,남,49세,경상
2018013000100564,2018년 1월 30일 20시,화요일,광주광역시 북구 우산동,경상사고,0,0,1,0,차대차 - 측면충돌,안전운전불이행,건조,맑음,교차로 - 교차로부근,승용,남,51세,상해없음,이륜,남,23세,경상
2018013000100600,2018년 1월 30일 21시,화요일,광주광역시 서구 매월동,중상사고,0,3,0,0,차대차 - 측면충돌,안전운전불이행,건조,맑음,교차로 - 교차로안,화물,남,59세,상해없음,승용,남,51세,중상
2018013000100645,2018년 1월 30일 23시,화요일,광주광역시 서구 농성동,경상사고,0,0,2,0,차대차 - 측면충돌,신호위반,건조,맑음,교차로 - 교차로안,화물,남,24세,상해없음,승용,여,40세,경상
2018013000100646,2018년 1월 30일 23시,화요일,광주광역시 서구 화정동,경상사고,0,0,1,0,차대차 - 측면충돌,신호위반,건조,맑음,교차로 - 교차로안,승용,여,43세,상해없음,승용,남,60세,경상
2018013100100025,2018년 1월 31일 01시,수요일,광주광역시 남구 백운동,경상사고,0,0,3,0,차대차 - 기타,안전거리미확보,건조,맑음,교차로 - 교차로안,승용,남,47세,상해없음,승용,남,23세,경상
2018013100100037,2018년 1월 31일 02시,수요일,광주광역시 광산구 월곡동,경상사고,0,0,2,0,차대차 - 측면충돌,안전운전불이행,건조,맑음,교차로 - 교차로부근,승용,남,71세,상해없음,승용,남,55세,기타불명
2018013100100044,2018년 1월 31일 03시,수요일,광주광역시 서구 내방동,경상사고,0,0,1,0,차대차 - 측면충돌,안전운전불이행,건조,맑음,단일로 - 기타,승용,남,32세,상해없음,화물,남,40세,경상
2018013100100081,2018년 1월 31일 06시,수요일,광주광역시 광산구 소촌동,경상사고,0,0,1,0,차대사람 - 횡단중,신호위반,건조,맑음,기타 - 기타,승용,남,65세,상해없음,보행자,남,75세,경상
2018013100100193,2018년 1월 31일 09시,수요일,광주광역시 광산구 신가동,경상사고,0,0,1,0,차대차 - 기타,교차로운행방법위반,해빙,맑음,교차로 - 교차로안,화물,남,51세,상해없음,승용,남,40세,경상
2018013100100236,2018년 1월 31일 11시,수요일,광주광역시 서구 화정동,경상사고,0,0,1,0,차대사람 - 횡단중,신호위반,건조,맑음,교차로 - 교차로안,승용,남,46세,상해없음,보행자,여,59세,경상
2018013100100266,2018년 1월 31일 12시,수요일,광주광역시 남구 백운동,중상사고,0,1,0,0,차대사람 - 길가장자리구역통행중,안전운전불이행,건조,맑음,교차로 - 교차로부근,승용,여,68세,상해없음,보행자,여,69세,중상
2018013100100267,2018년 1월 31일 12시,수요일,광주광역시 북구 중흥동,경상사고,0,0,1,0,차대차 - 후진중충돌,불법유턴,건조,맑음,단일로 - 기타,승용,여,50세,상해없음,승용,남,59세,경상
2018013100100268,2018년 1월 31일 12시,수요일,광주광역시 광산구 장덕동,중상사고,0,1,0,0,차대차 - 측면충돌,안전운전불이행,건조,맑음,단일로 - 기타,승용,여,55세,상해없음,자전거,여,25세,중상
2018013100100290,2018년 1월 31일 13시,수요일,광주광역시 광산구 월곡동,경상사고,0,0,2,0,차대차 - 추돌,안전운전불이행,건조,맑음,단일로 - 기타,승용,남,66세,상해없음,승용,남,34세,경상
2018013100100311,2018년 1월 31일 14시,수요일,광주광역시 북구 두암동,경상사고,0,0,1,0,차대차 - 기타,안전운전불이행,건조,맑음,단일로 - 기타,화물,남,41세,상해없음,이륜,여,47세,경상
2018013100100312,2018년 1월 31일 14시,수요일,광주광역시 광산구 월계동,중상사고,0,1,0,0,차대차 - 추돌,교차로운행방법위반,건조,맑음,교차로 - 교차로안,승용,여,59세,상해없음,자전거,여,44세,중상
2018013100100338,2018년 1월 31일 15시,수요일,광주광역시 서구 동천동,경상사고,0,0,1,0,차대차 - 후진중충돌,안전운전불이행,건조,맑음,단일로 - 기타,승용,남,44세,상해없음,승용,여,42세,경상
2018013100100372,2018년 1월 31일 16시,수요일,광주광역시 서구 매월동,경상사고,0,0,1,0,차대사람 - 횡단중,안전운전불이행,건조,맑음,단일로 - 기타,기타불명,기타불명,미분류,기타불명,보행자,여,49세,경상
2018013100100398,2018년 1월 31일 17시,수요일,광주광역시 광산구 수완동,경상사고,0,0,2,0,차대차 - 추돌,안전거리미확보,건조,맑음,단일로 - 기타,승용,남,33세,경상,이륜,남,25세,경상
2018013100100445,2018년 1월 31일 18시,수요일,광주광역시 남구 진월동,경상사고,0,0,1,0,차대차 - 측면충돌,안전운전불이행,건조,맑음,단일로 - 기타,이륜,남,72세,경상,승용,여,32세,상해없음
2018013100100446,2018년 1월 31일 18시,수요일,광주광역시 북구 우산동,경상사고,0,0,1,0,차대차 - 측면충돌,교차로운행방법위반,건조,맑음,교차로 - 교차로안,승용,여,58세,상해없음,승용,남,53세,경상
2018013100100447,2018년 1월 31일 18시,수요일,광주광역시 북구 일곡동,중상사고,0,1,0,0,차대사람 - 횡단중,안전운전불이행,건조,맑음,기타 - 기타,승용,남,65세,상해없음,보행자,여,78세,중상
2018013100100448,2018년 1월 31일 18시,수요일,광주광역시 북구 문흥동,경상사고,0,0,1,0,차대사람 - 기타,안전운전불이행,건조,맑음,단일로 - 기타,승용,남,63세,상해없음,보행자,남,61세,경상
2018013100100449,2018년 1월 31일 18시,수요일,광주광역시 북구 누문동,경상사고,0,0,3,0,차대차 - 측면충돌,안전거리미확보,건조,맑음,단일로 - 기타,승용,여,53세,경상,승용,여,59세,경상
2018013100100499,2018년 1월 31일 19시,수요일,광주광역시 광산구 송촌동,경상사고,0,0,2,0,차대차 - 측면충돌,안전운전불이행,건조,맑음,교차로 - 교차로부근,승용,남,33세,경상,승용,여,43세,경상
2018013100100553,2018년 1월 31일 21시,수요일,광주광역시 북구 일곡동,경상사고,0,0,1,0,차대차 - 측면충돌,안전운전불이행,건조,맑음,교차로 - 교차로안,승용,남,21세,상해없음,승용,여,45세,경상
2018013100100554,2018년 1월 31일 21시,수요일,광주광역시 광산구 우산동,경상사고,0,0,4,0,차대차 - 추돌,안전운전불이행,건조,맑음,단일로 - 기타,승용,남,36세,경상,승용,남,59세,경상
2018013100100576,2018년 1월 31일 22시,수요일,광주광역시 북구 풍향동,경상사고,0,0,1,0,차대사람 - 횡단중,안전운전불이행,건조,맑음,교차로 - 교차로횡단보도내,기타불명,기타불명,미분류,기타불명,보행자,남,62세,경상
2018013100100606,2018년 1월 31일 23시,수요일,광주광역시 남구 진월동,중상사고,0,1,1,0,차대차 - 정면충돌,안전운전불이행,건조,맑음,단일로 - 기타,승용,남,38세,상해없음,승용,남,25세,경상
2018020100100105,2018년 2월 1일 07시,목요일,광주광역시 남구 백운동,중상사고,0,1,0,0,차대사람 - 횡단중,안전운전불이행,건조,맑음,교차로 - 교차로안,화물,남,70세,상해없음,보행자,여,62세,중상
2018020100100142,2018년 2월 1일 08시,목요일,광주광역시 서구 내방동,경상사고,0,0,2,0,차대차 - 측면충돌,안전운전불이행,서리/결빙,눈,단일로 - 기타,승용,남,25세,경상,승용,남,52세,경상
2018020100100143,2018년 2월 1일 08시,목요일,광주광역시 북구 신안동,경상사고,0,0,2,0,차대차 - 측면충돌,교차로운행방법위반,건조,맑음,교차로 - 교차로안,승용,남,54세,경상,승용,남,38세,경상
2018020100100144,2018년 2월 1일 08시,목요일,광주광역시 광산구 산정동,경상사고,0,0,4,0,차대차 - 측면충돌,안전거리미확보,건조,맑음,단일로 - 기타,화물,남,52세,상해없음,승용,남,59세,경상
2018020100100189,2018년 2월 1일 09시,목요일,광주광역시 동구 학동,경상사고,0,0,1,0,차대차 - 기타,안전운전불이행,건조,맑음,단일로 - 기타,승용,남,81세,상해없음,승용,여,22세,경상
2018020100100190,2018년 2월 1일 09시,목요일,광주광역시 서구 쌍촌동,경상사고,0,0,3,0,차대차 - 측면충돌,교차로운행방법위반,건조,맑음,교차로 - 교차로안,승용,남,69세,경상,승용,여,42세,경상
2018020100100221,2018년 2월 1일 10시,목요일,광주광역시 서구 치평동,경상사고,0,0,1,0,차대차 - 측면충돌,안전운전불이행,건조,맑음,교차로 - 교차로안,승용,여,52세,상해없음,이륜,남,50세,경상
2018020100100222,2018년 2월 1일 10시,목요일,광주광역시 서구 쌍촌동,경상사고,0,0,1,0,차대차 - 측면충돌,안전운전불이행,건조,맑음,단일로 - 기타,승용,여,55세,상해없음,승용,여,34세,경상
2018020100100254,2018년 2월 1일 11시,목요일,광주광역시 동구 지산동,중상사고,0,1,0,0,차대사람 - 기타,안전운전불이행,건조,맑음,교차로 - 교차로부근,화물,남,34세,상해없음,보행자,남,86세,중상
2018020100100255,2018년 2월 1일 11시,목요일,광주광역시 남구 월산동,경상사고,0,0,1,0,차대사람 - 차도통행중,안전운전불이행,건조,맑음,단일로 - 기타,화물,남,57세,상해없음,보행자,남,51세,경상
2018020100100256,2018년 2월 1일 11시,목요일,광주광역시 광산구 수완동,경상사고,0,0,1,0,차대차 - 측면충돌,신호위반,건조,맑음,교차로 - 교차로안,승용,여,33세,상해없음,승용,여,44세,경상
2018020100100357,2018년 2월 1일 14시,목요일,광주광역시 광산구 소촌동,경상사고,0,0,3,0,차대사람 - 횡단중,신호위반,건조,맑음,교차로 - 교차로횡단보도내,승용,여,35세,상해없음,보행자,여,67세,경상
2018020100100386,2018년 2월 1일 15시,목요일,광주광역시 서구 유촌동,경상사고,0,0,2,0,차대차 - 측면충돌,안전거리미확보,건조,맑음,단일로 - 기타,승용,남,62세,상해없음,특수,남,36세,경상
2018020100100387,2018년 2월 1일 15시,목요일,광주광역시 북구 신안동,경상사고,0,0,1,0,차대차 - 측면충돌,안전거리미확보,건조,맑음,단일로 - 기타,승용,여,61세,상해없음,승용,남,35세,경상
2018020100100499,2018년 2월 1일 18시,목요일,광주광역시 동구 금남로5가,경상사고,0,0,1,0,차대차 - 측면충돌,안전거리미확보,건조,맑음,단일로 - 기타,승용,여,20세,상해없음,승용,여,39세,경상
2018020100100500,2018년 2월 1일 18시,목요일,광주광역시 북구 양산동,경상사고,0,0,1,0,차대차 - 기타,안전운전불이행,건조,맑음,단일로 - 기타,승용,남,43세,상해없음,자전거,남,22세,경상
2018020100100501,2018년 2월 1일 18시,목요일,광주광역시 광산구 우산동,사망사고,1,0,3,0,차대차 - 기타,안전운전불이행,건조,맑음,단일로 - 기타,승용,남,23세,상해없음,승용,남,52세,사망
2018020100100502,2018년 2월 1일 18시,목요일,광주광역시 광산구 산월동,경상사고,0,0,1,0,차대사람 - 길가장자리구역통행중,안전운전불이행,건조,맑음,교차로 - 교차로부근,승용,남,47세,상해없음,보행자,남,38세,경상
2018020100100558,2018년 2월 1일 19시,목요일,광주광역시 광산구 산정동,경상사고,0,0,1,0,차대차 - 추돌,안전운전불이행,건조,맑음,교차로 - 교차로안,이륜,남,26세,경상,승용,남,41세,상해없음
2018020100100559,2018년 2월 1일 19시,목요일,광주광역시 광산구 선암동,경상사고,0,0,1,0,차대차 - 추돌,안전거리미확보,건조,맑음,단일로 - 기타,승합,남,49세,상해없음,이륜,남,20세,경상
2018020100100655,2018년 2월 1일 22시,목요일,광주광역시 서구 화정동,경상사고,0,0,2,0,차대차 - 측면충돌,교차로운행방법위반,건조,맑음,교차로 - 교차로안,승용,남,79세,상해없음,승용,남,25세,경상
2018020100100688,2018년 2월 1일 23시,목요일,광주광역시 북구 임동,사망사고,1,0,0,0,차대사람 - 횡단중,안전운전불이행,건조,맑음,단일로 - 기타,화물,남,67세,상해없음,보행자,남,55세,사망
2018020200100015,2018년 2월 2일 00시,금요일,광주광역시 동구 소태동,경상사고,0,0,6,0,차대차 - 측면충돌,안전거리미확보,건조,맑음,단일로 - 기타,승용,남,44세,상해없음,승용,여,41세,경상
2018020200100016,2018년 2월 2일 00시,금요일,광주광역시 광산구 수완동,경상사고,0,0,1,0,차대차 - 기타,교차로운행방법위반,건조,맑음,교차로 - 교차로안,승용,여,27세,상해없음,이륜,남,42세,경상
2018020200100103,2018년 2월 2일 07시,금요일,광주광역시 서구 유촌동,경상사고,0,0,1,0,차대차 - 측면충돌,안전거리미확보,건조,맑음,단일로 - 기타,승용,남,27세,상해없음,승용,남,45세,경상
2018020200100151,2018년 2월 2일 08시,금요일,광주광역시 서구 농성동,경상사고,0,0,1,0,차대차 - 측면충돌,안전운전불이행,건조,맑음,단일로 - 기타,승용,남,47세,상해없음,승용,남,61세,상해없음
2018020200100152,2018년 2월 2일 08시,금요일,광주광역시 북구 양산동,경상사고,0,0,5,0,차대차 - 측면충돌,신호위반,건조,맑음,교차로 - 교차로안,승합,남,50세,상해없음,화물,남,21세,경상
2018020200100329,2018년 2월 2일 14시,금요일,광주광역시 북구 신안동,경상사고,0,0,1,0,차대사람 - 기타,안전운전불이행,건조,맑음,단일로 - 기타,승용,남,53세,상해없음,보행자,여,66세,경상
2018020200100369,2018년 2월 2일 15시,금요일,광주광역시 북구 두암동,경상사고,0,0,3,0,차대차 - 기타,안전운전불이행,건조,맑음,교차로 - 교차로안,승용,여,50세,경상,화물,남,26세,경상
2018020200100370,2018년 2월 2일 15시,금요일,광주광역시 북구 운암동,경상사고,0,0,2,0,차대차 - 측면충돌,안전운전불이행,건조,맑음,교차로 - 교차로부근,승용,여,44세,상해없음,승용,남,39세,경상
2018020200100371,2018년 2월 2일 15시,금요일,광주광역시 북구 두암동,경상사고,0,0,1,0,차대차 - 추돌,안전운전불이행,건조,맑음,단일로 - 기타,승용,남,56세,상해없음,승용,여,31세,경상
2018020200100431,2018년 2월 2일 17시,금요일,광주광역시 북구 각화동,중상사고,0,1,0,0,차대사람 - 횡단중,신호위반,건조,맑음,교차로 - 교차로부근,승용,남,69세,상해없음,보행자,남,4세,중상
2018020200100432,2018년 2월 2일 17시,금요일,광주광역시 북구 양산동,경상사고,0,0,1,0,차대사람 - 보도통행중,보행자보호의무위반,건조,맑음,교차로 - 교차로횡단보도내,화물,남,52세,상해없음,보행자,여,9세,경상
2018020200100478,2018년 2월 2일 18시,금요일,광주광역시 서구 치평동,경상사고,0,0,1,0,차대차 - 기타,안전운전불이행,건조,맑음,단일로 - 기타,화물,남,50세,상해없음,승용,남,45세,경상
2018020200100479,2018년 2월 2일 18시,금요일,광주광역시 남구 진월동,경상사고,0,0,1,0,차대차 - 측면충돌,신호위반,건조,맑음,교차로 - 교차로안,승용,남,22세,상해없음,화물,남,42세,경상
2018020200100480,2018년 2월 2일 18시,금요일,광주광역시 남구 봉선동,중상사고,0,1,0,0,차대사람 - 횡단중,신호위반,건조,맑음,교차로 - 교차로횡단보도내,승용,남,51세,상해없음,보행자,여,24세,중상
2018020200100481,2018년 2월 2일 18시,금요일,광주광역시 북구 임동,경상사고,0,0,2,0,차대차 - 측면충돌,안전거리미확보,건조,맑음,단일로 - 기타,승용,남,19세,상해없음,승용,여,29세,경상
2018020200100520,2018년 2월 2일 19시,금요일,광주광역시 북구 용봉동,경상사고,0,0,1,0,차대차 - 측면충돌,중앙선침범,건조,맑음,교차로 - 교차로안,승용,여,36세,상해없음,승용,남,68세,경상
2018020200100521,2018년 2월 2일 19시,금요일,광주광역시 북구 두암동,경상사고,0,0,1,0,차대차 - 측면충돌,안전운전불이행,건조,맑음,단일로 - 기타,승용,남,60세,상해없음,이륜,남,24세,경상
2018020200100522,2018년 2월 2일 19시,금요일,광주광역시 광산구 서봉동,경상사고,0,0,1,0,차대차 - 기타,안전운전불이행,건조,흐림,교차로 - 교차로부근,화물,남,64세,상해없음,승합,남,41세,경상
2018020200100587,2018년 2월 2일 21시,금요일,광주광역시 서구 농성동,경상사고,0,0,1,0,차대사람 - 횡단중,중앙선침범,건조,맑음,단일로 - 기타,이륜,남,35세,상해없음,보행자,여,56세,경상
2018020200100621,2018년 2월 2일 22시,금요일,광주광역시 서구 쌍촌동,사망사고,1,0,0,0,차대사람 - 기타,안전운전불이행,건조,맑음,교차로 - 교차로부근,승합,남,62세,상해없음,보행자,남,64세,사망
2018020200100622,2018년 2월 2일 22시,금요일,광주광역시 서구 쌍촌동,중상사고,0,1,0,0,차대사람 - 횡단중,신호위반,기타,맑음,교차로 - 교차로부근,승용,여,56세,상해없음,보행자,남,59세,중상
2018020200100623,2018년 2월 2일 22시,금요일,광주광역시 광산구 송정동,중상사고,0,1,0,0,차대차 - 측면충돌,교차로운행방법위반,건조,맑음,교차로 - 교차로안,승용,남,33세,상해없음,이륜,남,22세,중상
2018020200100624,2018년 2월 2일 22시,금요일,광주광역시 광산구 신창동,경상사고,0,0,1,0,차대차 - 추돌,기타,건조,맑음,단일로 - 기타,승용,남,35세,상해없음,승합,남,54세,경상
2018020200100663,2018년 2월 2일 23시,금요일,광주광역시 남구 백운동,경상사고,0,0,1,0,차대차 - 기타,교차로운행방법위반,건조,맑음,교차로 - 교차로안,승용,남,56세,상해없음,이륜,남,17세,경상
2018020200100664,2018년 2월 2일 23시,금요일,광주광역시 북구 신안동,경상사고,0,0,1,0,차대차 - 측면충돌,차로위반,건조,맑음,단일로 - 기타,개인형이동수단(PM),남,57세,경상,승용,남,34세,상해없음
2018020300100127,2018년 2월 3일 06시,토요일,광주광역시 북구 삼각동,경상사고,0,0,1,0,차대차 - 추돌,안전운전불이행,서리/결빙,눈,단일로 - 기타,승용,남,43세,상해없음,이륜,남,65세,경상
2018020300100139,2018년 2월 3일 07시,토요일,광주광역시 북구 운암동,경상사고,0,0,3,0,차대차 - 추돌,안전거리미확보,적설,눈,단일로 - 기타,승용,남,22세,상해없음,승용,남,54세,경상
2018020300100182,2018년 2월 3일 09시,토요일,광주광역시 북구 두암동,중상사고,0,1,1,0,차대차 - 측면충돌,안전운전불이행,건조,맑음,교차로 - 교차로안,승용,남,22세,상해없음,이륜,남,67세,경상
2018020300100268,2018년 2월 3일 11시,토요일,광주광역시 북구 용봉동,경상사고,0,0,1,0,차대사람 - 기타,기타,건조,맑음,단일로 - 기타,승합,남,62세,상해없음,보행자,여,22세,경상
2018020300100313,2018년 2월 3일 12시,토요일,광주광역시 서구 치평동,경상사고,0,0,3,0,차대차 - 추돌,안전거리미확보,건조,맑음,단일로 - 기타,승용,남,31세,경상,승합,남,59세,상해없음
2018020300100360,2018년 2월 3일 13시,토요일,광주광역시 남구 진월동,경상사고,0,0,2,0,차대차 - 측면충돌,교차로운행방법위반,젖음/습기,눈,교차로 - 교차로안,승용,여,25세,경상,화물,남,26세,경상
2018020300100361,2018년 2월 3일 13시,토요일,광주광역시 북구 오치동,경상사고,0,0,1,0,차대차 - 기타,안전운전불이행,건조,맑음,단일로 - 기타,승용,남,60세,상해없음,이륜,남,35세,경상
2018020300100410,2018년 2월 3일 14시,토요일,광주광역시 남구 백운동,경상사고,0,0,1,0,차대차 - 측면충돌,기타,건조,맑음,교차로 - 교차로안,승용,남,28세,상해없음,승용,여,52세,경상
2018020300100411,2018년 2월 3일 14시,토요일,광주광역시 북구 운암동,부상신고사고,0,0,0,1,차대사람 - 횡단중,안전운전불이행,건조,맑음,교차로 - 교차로안,승용,남,55세,상해없음,보행자,여,79세,부상신고
2018020300100474,2018년 2월 3일 16시,토요일,광주광역시 북구 우산동,경상사고,0,0,2,0,차대차 - 추돌,안전거리미확보,건조,맑음,단일로 - 기타,승용,여,47세,상해없음,승용,남,40세,경상
2018020300100508,2018년 2월 3일 17시,토요일,광주광역시 동구 운림동,중상사고,0,1,0,0,차대차 - 기타,교차로운행방법위반,건조,맑음,교차로 - 교차로안,승용,남,59세,상해없음,이륜,남,46세,중상
2018020300100547,2018년 2월 3일 18시,토요일,광주광역시 광산구 신창동,경상사고,0,0,3,0,차대차 - 측면충돌,안전거리미확보,적설,눈,교차로 - 교차로부근,승용,남,62세,상해없음,승용,남,22세,경상
2018020300100600,2018년 2월 3일 19시,토요일,광주광역시 북구 동림동,경상사고,0,0,1,0,차대차 - 기타,교차로운행방법위반,건조,맑음,교차로 - 교차로안,승용,남,67세,상해없음,이륜,남,58세,경상