사고번호,사고일시,요일,시군구,사고내용,사망자수,중상자수,경상자수,부상신고자수,사고유형,법규위반,노면상태,기상상태,도로형태,가해운전자 차종,가해운전자 성별,가해운전자 연령,가해운전자 상해정도,피해운전자 차종,피해운전자 성별,피해운전자 연령,피해운전자 상해정도
2018021100100075,2018년 2월 11일 04시,일요일,광주광역시 북구 용봉동,경상사고,0,0,1,0,차대차 - 측면충돌,안전운전불이행,서리/결빙,눈,교차로 - 교차로안,승용,남,20세,기타불명,승용,남,63세,경상
2018021100100084,2018년 2월 11일 05시,일요일,광주광역시 남구 주월동,중상사고,0,1,0,0,차대차 - 측면충돌,안전운전불이행,서리/결빙,눈,단일로 - 기타,화물,남,54세,상해없음,승용,남,67세,중상
2018021100100085,2018년 2월 11일 05시,일요일,광주광역시 북구 용봉동,경상사고,0,0,1,0,차대차 - 측면충돌,안전운전불이행,서리/결빙,눈,교차로 - 교차로부근,승용,남,44세,상해없음,승용,남,48세,경상
2018021100100105,2018년 2월 11일 07시,일요일,광주광역시 서구 양동,경상사고,0,0,1,0,차대차 - 기타,안전운전불이행,적설,눈,단일로 - 기타,승용,남,32세,상해없음,승용,남,69세,경상
2018021100100106,2018년 2월 11일 07시,일요일,광주광역시 북구 중흥동,경상사고,0,0,2,0,차대차 - 측면충돌,교차로운행방법위반,서리/결빙,눈,교차로 - 교차로안,승용,남,31세,경상,화물,남,55세,경상
2018021100100150,2018년 2월 11일 10시,일요일,광주광역시 광산구 월전동,경상사고,0,0,1,0,차대차 - 추돌,안전운전불이행,서리/결빙,눈,교차로 - 교차로부근,승합,남,45세,상해없음,승용,남,36세,경상
2018021100100187,2018년 2월 11일 12시,일요일,광주광역시 서구 농성동,경상사고,0,0,3,0,차대차 - 추돌,안전운전불이행,건조,맑음,교차로 - 교차로부근,승용,남,55세,상해없음,승용,여,34세,경상
2018021100100188,2018년 2월 11일 12시,일요일,광주광역시 서구 치평동,경상사고,0,0,2,0,차대사람 - 기타,안전운전불이행,건조,맑음,기타 - 기타,승용,여,21세,상해없음,보행자,남,28세,경상
2018021100100189,2018년 2월 11일 12시,일요일,광주광역시 북구 신용동,경상사고,0,0,2,0,차대차 - 기타,안전거리미확보,건조,맑음,단일로 - 기타,승용,남,42세,상해없음,승용,남,26세,경상
2018021100100217,2018년 2월 11일 13시,일요일,광주광역시 서구 금호동,경상사고,0,0,1,0,차대사람 - 횡단중,안전운전불이행,건조,맑음,교차로 - 교차로횡단보도내,화물,남,60세,상해없음,보행자,남,88세,경상
2018021100100237,2018년 2월 11일 14시,일요일,광주광역시 북구 용봉동,경상사고,0,0,1,0,차대차 - 기타,교차로운행방법위반,젖음/습기,눈,교차로 - 교차로안,이륜,남,47세,경상,승용,남,52세,상해없음
2018021100100290,2018년 2월 11일 16시,일요일,광주광역시 북구 운정동,경상사고,0,0,2,0,차대차 - 기타,안전운전불이행,건조,맑음,교차로 - 교차로안,화물,남,53세,상해없음,승용,남,29세,경상
2018021100100349,2018년 2월 11일 18시,일요일,광주광역시 광산구 운남동,경상사고,0,0,1,0,차대차 - 추돌,교차로운행방법위반,젖음/습기,눈,교차로 - 교차로안,승용,남,33세,상해없음,이륜,남,19세,경상
2018021100100375,2018년 2월 11일 19시,일요일,광주광역시 북구 본촌동,경상사고,0,0,1,0,차대차 - 기타,안전운전불이행,건조,맑음,단일로 - 기타,승용,여,38세,기타불명,승용,남,21세,상해없음
2018021100100435,2018년 2월 11일 21시,일요일,광주광역시 서구 치평동,중상사고,0,1,0,0,차대사람 - 횡단중,보행자보호의무위반,젖음/습기,흐림,교차로 - 교차로횡단보도내,승용,여,26세,상해없음,보행자,남,50세,중상
2018021100100456,2018년 2월 11일 22시,일요일,광주광역시 서구 쌍촌동,경상사고,0,0,1,0,차대사람 - 횡단중,안전운전불이행,서리/결빙,눈,교차로 - 교차로안,승용,남,20세,상해없음,보행자,여,22세,경상
2018021100100475,2018년 2월 11일 23시,일요일,광주광역시 서구 화정동,중상사고,0,1,0,0,차대사람 - 횡단중,안전운전불이행,서리/결빙,눈,교차로 - 교차로안,승용,남,24세,상해없음,보행자,남,62세,중상
2018021100100476,2018년 2월 11일 23시,일요일,광주광역시 북구 용봉동,경상사고,0,0,1,0,차대차 - 측면충돌,안전운전불이행,적설,눈,단일로 - 기타,승용,남,47세,상해없음,승용,남,58세,경상
2018021200100010,2018년 2월 12일 00시,월요일,광주광역시 서구 화정동,경상사고,0,0,1,0,차대차 - 측면충돌,안전운전불이행,적설,눈,단일로 - 기타,승용,남,62세,상해없음,승용,남,32세,경상
2018021200100011,2018년 2월 12일 00시,월요일,광주광역시 남구 주월동,경상사고,0,0,1,0,차대차 - 추돌,안전운전불이행,적설,눈,단일로 - 고가도로위,승용,남,27세,상해없음,승용,여,31세,경상
2018021200100032,2018년 2월 12일 02시,월요일,광주광역시 광산구 수완동,경상사고,0,0,1,0,차대차 - 측면충돌,신호위반,적설,눈,교차로 - 교차로안,승용,남,59세,상해없음,승용,남,61세,경상
2018021200100067,2018년 2월 12일 06시,월요일,광주광역시 광산구 산월동,중상사고,0,2,3,0,차대차 - 측면충돌,안전운전불이행,서리/결빙,눈,교차로 - 교차로안,승용,남,45세,경상,승용,남,60세,경상
2018021200100136,2018년 2월 12일 08시,월요일,광주광역시 서구 광천동,중상사고,0,1,0,0,차대차 - 추돌,안전거리미확보,서리/결빙,눈,단일로 - 기타,승용,남,49세,상해없음,승용,남,54세,중상
2018021200100137,2018년 2월 12일 08시,월요일,광주광역시 서구 유촌동,경상사고,0,0,1,0,차대차 - 추돌,안전운전불이행,서리/결빙,흐림,단일로 - 기타,승용,남,48세,상해없음,승용,여,48세,경상
2018021200100138,2018년 2월 12일 08시,월요일,광주광역시 서구 치평동,경상사고,0,0,1,0,차대차 - 추돌,안전거리미확보,서리/결빙,눈,교차로 - 교차로안,승용,남,27세,상해없음,승용,남,61세,경상
2018021200100139,2018년 2월 12일 08시,월요일,광주광역시 서구 마륵동,경상사고,0,0,1,0,차대차 - 측면충돌,교차로운행방법위반,서리/결빙,눈,교차로 - 교차로안,화물,남,63세,기타불명,화물,남,58세,경상
2018021200100140,2018년 2월 12일 08시,월요일,광주광역시 북구 동림동,경상사고,0,0,1,0,차대차 - 측면충돌,교차로운행방법위반,서리/결빙,눈,교차로 - 교차로부근,승합,남,43세,상해없음,승용,남,38세,경상
2018021200100141,2018년 2월 12일 08시,월요일,광주광역시 북구 대촌동,경상사고,0,0,3,0,차대차 - 기타,교차로운행방법위반,적설,눈,교차로 - 교차로안,승용,남,31세,경상,화물,남,47세,경상
2018021200100142,2018년 2월 12일 08시,월요일,광주광역시 광산구 오선동,경상사고,0,0,1,0,차대차 - 정면충돌,안전운전불이행,적설,눈,교차로 - 교차로안,승용,여,25세,상해없음,승용,남,29세,경상
2018021200100183,2018년 2월 12일 09시,월요일,광주광역시 북구 매곡동,경상사고,0,0,1,0,차대차 - 추돌,안전거리미확보,젖음/습기,맑음,단일로 - 기타,승용,남,46세,상해없음,승합,여,48세,상해없음
2018021200100184,2018년 2월 12일 09시,월요일,광주광역시 광산구 황룡동,경상사고,0,0,1,0,차대차 - 정면충돌,중앙선침범,적설,눈,단일로 - 기타,화물,남,53세,상해없음,승용,여,32세,경상
2018021200100219,2018년 2월 12일 10시,월요일,광주광역시 서구 쌍촌동,중상사고,0,1,0,0,차대사람 - 기타,안전운전불이행,적설,눈,단일로 - 지하차도(도로)내,승용,남,25세,상해없음,보행자,남,56세,중상
2018021200100220,2018년 2월 12일 10시,월요일,광주광역시 남구 방림동,경상사고,0,0,1,0,차대차 - 측면충돌,안전운전불이행,적설,눈,단일로 - 기타,승용,남,69세,상해없음,승용,여,43세,경상
2018021200100221,2018년 2월 12일 10시,월요일,광주광역시 북구 운암동,경상사고,0,0,2,0,차대차 - 측면충돌,직진우회전진행방해,적설,맑음,교차로 - 교차로안,승용,여,19세,경상,화물,남,50세,경상
2018021200100222,2018년 2월 12일 10시,월요일,광주광역시 광산구 신창동,부상신고사고,0,0,0,1,차대차 - 측면충돌,안전운전불이행,서리/결빙,눈,교차로 - 교차로부근,화물,남,32세,부상신고,화물,남,55세,상해없음
2018021200100223,2018년 2월 12일 10시,월요일,광주광역시 광산구 도덕동,중상사고,0,1,4,0,차대차 - 추돌,안전거리미확보,적설,눈,단일로 - 기타,승용,남,32세,상해없음,승용,남,49세,상해없음
2018021200100280,2018년 2월 12일 12시,월요일,광주광역시 서구 화정동,경상사고,0,0,1,0,차대차 - 추돌,안전운전불이행,서리/결빙,눈,단일로 - 터널,승용,여,44세,상해없음,승용,남,48세,경상
2018021200100281,2018년 2월 12일 12시,월요일,광주광역시 광산구 장수동,경상사고,0,0,1,0,차대차 - 추돌,안전거리미확보,젖음/습기,눈,단일로 - 터널,화물,남,44세,상해없음,승용,여,25세,경상
2018021200100325,2018년 2월 12일 13시,월요일,광주광역시 광산구 월계동,중상사고,0,1,0,0,차량단독 - 공작물충돌,안전운전불이행,서리/결빙,눈,교차로 - 교차로부근,화물,여,61세,중상,,,,
2018021200100411,2018년 2월 12일 15시,월요일,광주광역시 남구 봉선동,경상사고,0,0,1,0,차대사람 - 횡단중,보행자보호의무위반,젖음/습기,눈,단일로 - 기타,승용,여,36세,상해없음,보행자,남,8세,경상
2018021200100412,2018년 2월 12일 15시,월요일,광주광역시 북구 지야동,경상사고,0,0,1,0,차대차 - 측면충돌,중앙선침범,젖음/습기,눈,단일로 - 기타,승용,남,27세,상해없음,승용,여,62세,경상
2018021200100413,2018년 2월 12일 15시,월요일,광주광역시 북구 임동,경상사고,0,0,2,0,차대차 - 측면충돌,교차로운행방법위반,건조,맑음,교차로 - 교차로안,승용,여,54세,경상,승용,여,58세,경상
2018021200100466,2018년 2월 12일 16시,월요일,광주광역시 북구 신용동,경상사고,0,0,1,0,차대차 - 기타,안전운전불이행,서리/결빙,눈,단일로 - 교량,승용,남,30세,상해없음,승용,여,29세,경상
2018021200100510,2018년 2월 12일 17시,월요일,광주광역시 북구 용봉동,경상사고,0,0,1,0,차대차 - 정면충돌,안전운전불이행,서리/결빙,눈,단일로 - 기타,승용,여,38세,상해없음,승용,남,24세,경상
2018021200100511,2018년 2월 12일 17시,월요일,광주광역시 광산구 신창동,경상사고,0,0,2,0,차대차 - 추돌,안전운전불이행,서리/결빙,눈,교차로 - 교차로부근,화물,남,44세,상해없음,승용,남,35세,경상
2018021200100574,2018년 2월 12일 18시,월요일,광주광역시 서구 치평동,경상사고,0,0,1,0,차대사람 - 횡단중,안전운전불이행,젖음/습기,눈,교차로 - 교차로안,승용,남,48세,상해없음,보행자,남,59세,경상
2018021200100575,2018년 2월 12일 18시,월요일,광주광역시 서구 화정동,경상사고,0,0,2,0,차대차 - 추돌,안전거리미확보,기타,기타,교차로 - 교차로안,승용,남,27세,상해없음,승용,남,30세,경상
2018021200100576,2018년 2월 12일 18시,월요일,광주광역시 북구 운암동,경상사고,0,0,1,0,차대차 - 추돌,안전거리미확보,건조,맑음,단일로 - 기타,승용,남,39세,상해없음,승용,여,53세,경상
2018021200100577,2018년 2월 12일 18시,월요일,광주광역시 광산구 장덕동,경상사고,0,0,3,0,차대차 - 측면충돌,안전거리미확보,젖음/습기,흐림,교차로 - 교차로부근,승용,남,49세,상해없음,승용,남,36세,경상
2018021200100623,2018년 2월 12일 19시,월요일,광주광역시 북구 문흥동,경상사고,0,0,1,0,차대사람 - 횡단중,안전운전불이행,건조,맑음,교차로 - 교차로안,기타불명,기타불명,미분류,기타불명,보행자,남,16세,경상
2018021200100667,2018년 2월 12일 20시,월요일,광주광역시 서구 쌍촌동,경상사고,0,0,2,0,차대차 - 측면충돌,안전운전불이행,건조,맑음,단일로 - 기타,승용,남,26세,경상,승용,남,25세,경상
2018021200100668,2018년 2월 12일 20시,월요일,광주광역시 광산구 신창동,부상신고사고,0,0,0,1,차대차 - 추돌,안전운전불이행,건조,맑음,교차로 - 교차로부근,승용,남,51세,상해없음,승용,남,53세,부상신고
2018021200100734,2018년 2월 12일 22시,월요일,광주광역시 북구 양산동,경상사고,0,0,1,0,차대차 - 추돌,안전운전불이행,서리/결빙,눈,단일로 - 기타,승용,남,29세,상해없음,승용,남,52세,경상
2018021300100045,2018년 2월 13일 01시,화요일,광주광역시 북구 유동,경상사고,0,0,1,0,차대사람 - 기타,안전운전불이행,건조,맑음,단일로 - 기타,승용,남,44세,상해없음,보행자,남,38세,경상
2018021300100133,2018년 2월 13일 07시,화요일,광주광역시 광산구 산월동,중상사고,0,1,0,0,차대사람 - 기타,신호위반,건조,맑음,교차로 - 교차로횡단보도내,승용,여,65세,상해없음,보행자,여,34세,중상
2018021300100217,2018년 2월 13일 09시,화요일,광주광역시 서구 광천동,경상사고,0,0,1,0,차대차 - 추돌,안전운전불이행,건조,맑음,단일로 - 기타,승용,남,60세,상해없음,승용,여,53세,경상
2018021300100218,2018년 2월 13일 09시,화요일,광주광역시 북구 두암동,중상사고,0,1,1,0,차대사람 - 기타,안전운전불이행,서리/결빙,맑음,단일로 - 기타,승용,남,60세,상해없음,보행자,여,64세,중상
2018021300100219,2018년 2월 13일 09시,화요일,광주광역시 북구 운암동,경상사고,0,0,2,0,차대차 - 측면충돌,안전운전불이행,서리/결빙,맑음,단일로 - 기타,승용,남,32세,상해없음,승용,여,46세,경상
2018021300100265,2018년 2월 13일 10시,화요일,광주광역시 동구 운림동,중상사고,0,2,0,0,차대사람 - 횡단중,기타,건조,맑음,교차로 - 교차로안,승용,남,37세,상해없음,보행자,남,8세,중상
2018021300100266,2018년 2월 13일 10시,화요일,광주광역시 북구 삼각동,경상사고,0,0,1,0,차대차 - 추돌,안전거리미확보,건조,맑음,단일로 - 기타,승용,남,60세,상해없음,승용,여,31세,경상
2018021300100341,2018년 2월 13일 12시,화요일,광주광역시 북구 매곡동,부상신고사고,0,0,0,2,차대차 - 측면충돌,교차로운행방법위반,서리/결빙,맑음,교차로 - 교차로안,승용,남,49세,부상신고,승용,남,60세,상해없음
2018021300100417,2018년 2월 13일 14시,화요일,광주광역시 북구 양산동,경상사고,0,0,2,0,차대사람 - 횡단중,보행자보호의무위반,건조,맑음,교차로 - 교차로안,화물,남,55세,상해없음,보행자,남,5세,경상
2018021300100418,2018년 2월 13일 14시,화요일,광주광역시 북구 동림동,경상사고,0,0,1,0,차대차 - 추돌,안전운전불이행,건조,맑음,단일로 - 기타,승용,남,62세,상해없음,승용,남,43세,상해없음
2018021300100419,2018년 2월 13일 14시,화요일,광주광역시 광산구 수완동,경상사고,0,0,1,0,차대차 - 측면충돌,안전운전불이행,건조,맑음,교차로 - 교차로부근,화물,남,64세,상해없음,승용,여,36세,경상
2018021300100464,2018년 2월 13일 15시,화요일,광주광역시 동구 금동,중상사고,0,1,0,0,차대차 - 측면충돌,안전운전불이행,건조,맑음,교차로 - 교차로안,승용,여,53세,상해없음,자전거,남,73세,중상
2018021300100518,2018년 2월 13일 16시,화요일,광주광역시 북구 두암동,중상사고,0,1,0,0,차대사람 - 기타,보행자보호의무위반,건조,맑음,교차로 - 교차로안,승용,남,31세,상해없음,보행자,여,70세,중상
2018021300100519,2018년 2월 13일 16시,화요일,광주광역시 광산구 송정동,경상사고,0,0,1,0,차량단독 - 기타,기타,건조,맑음,단일로 - 기타,승합,남,48세,상해없음,,,,
2018021300100567,2018년 2월 13일 17시,화요일,광주광역시 북구 두암동,경상사고,0,0,1,0,차대사람 - 기타,안전운전불이행,젖음/습기,맑음,단일로 - 기타,승용,남,70세,상해없음,보행자,남,68세,경상
2018021300100568,2018년 2월 13일 17시,화요일,광주광역시 광산구 송정동,경상사고,0,0,1,0,차대차 - 측면충돌,안전운전불이행,건조,맑음,교차로 - 교차로부근,기타불명,기타불명,미분류,기타불명,승용,여,56세,경상
2018021300100569,2018년 2월 13일 17시,화요일,광주광역시 광산구 신가동,경상사고,0,0,1,0,차대차 - 추돌,안전운전불이행,건조,맑음,교차로 - 교차로부근,승용,남,62세,상해없음,승용,남,33세,경상
2018021300100634,2018년 2월 13일 18시,화요일,광주광역시 동구 학동,중상사고,0,1,0,0,차대사람 - 기타,기타,건조,맑음,단일로 - 기타,화물,남,57세,상해없음,보행자,여,78세,중상
2018021300100635,2018년 2월 13일 18시,화요일,광주광역시 북구 북동,중상사고,0,1,0,0,차대차 - 기타,신호위반,건조,맑음,교차로 - 교차로안,승용,남,29세,상해없음,자전거,남,80세,중상
2018021300100636,2018년 2월 13일 18시,화요일,광주광역시 북구 삼각동,중상사고,0,2,3,0,차대차 - 기타,교차로운행방법위반,건조,맑음,교차로 - 교차로안,승용,남,68세,경상,승합,남,71세,중상
2018021300100637,2018년 2월 13일 18시,화요일,광주광역시 광산구 신가동,경상사고,0,0,1,0,차대사람 - 횡단중,보행자보호의무위반,건조,맑음,교차로 - 교차로횡단보도내,승용,남,47세,상해없음,보행자,여,57세,경상
2018021300100722,2018년 2월 13일 20시,화요일,광주광역시 북구 양산동,경상사고,0,0,1,0,차대차 - 측면충돌,안전운전불이행,건조,맑음,교차로 - 교차로안,승용,남,60세,상해없음,승용,남,38세,경상
2018021300100786,2018년 2월 13일 22시,화요일,광주광역시 서구 금호동,경상사고,0,0,1,0,차대차 - 측면충돌,안전운전불이행,건조,맑음,교차로 - 교차로부근,승용,남,49세,상해없음,승합,남,49세,경상
2018021400100032,2018년 2월 14일 00시,수요일,광주광역시 광산구 신촌동,경상사고,0,0,1,0,차대차 - 측면충돌,안전운전불이행,건조,맑음,단일로 - 기타,승용,남,41세,상해없음,화물,남,61세,경상
2018021400100092,2018년 2월 14일 04시,수요일,광주광역시 서구 광천동,경상사고,0,0,1,0,차대사람 - 기타,안전운전불이행,건조,맑음,단일로 - 기타,이륜,남,29세,상해없음,보행자,여,16세,경상
2018021400100102,2018년 2월 14일 05시,수요일,광주광역시 광산구 수완동,경상사고,0,0,3,0,차대차 - 추돌,안전운전불이행,건조,맑음,교차로 - 교차로부근,승용,남,46세,상해없음,승용,남,59세,경상
2018021400100122,2018년 2월 14일 06시,수요일,광주광역시 광산구 월곡동,경상사고,0,0,1,0,차대차 - 추돌,안전운전불이행,건조,맑음,교차로 - 교차로부근,승용,남,37세,상해없음,승합,남,61세,경상
2018021400100143,2018년 2월 14일 07시,수요일,광주광역시 광산구 송정동,경상사고,0,0,3,0,차대차 - 측면충돌,안전운전불이행,건조,맑음,단일로 - 기타,승용,남,46세,경상,승용,남,30세,경상
2018021400100193,2018년 2월 14일 09시,수요일,광주광역시 남구 송하동,경상사고,0,0,1,0,차대차 - 기타,안전운전불이행,건조,맑음,단일로 - 기타,자전거,남,63세,경상,승용,여,46세,상해없음
2018021400100226,2018년 2월 14일 10시,수요일,광주광역시 서구 치평동,경상사고,0,0,2,0,차대차 - 측면충돌,신호위반,건조,맑음,교차로 - 교차로안,승용,남,35세,경상,승용,남,72세,경상
2018021400100271,2018년 2월 14일 11시,수요일,광주광역시 서구 치평동,경상사고,0,0,1,0,차대차 - 측면충돌,안전운전불이행,건조,맑음,기타 - 기타,승용,남,47세,상해없음,승용,남,23세,경상
2018021400100272,2018년 2월 14일 11시,수요일,광주광역시 서구 동천동,경상사고,0,0,1,0,차대사람 - 횡단중,보행자보호의무위반,건조,맑음,단일로 - 기타,승용,남,52세,상해없음,보행자,여,18세,경상
2018021400100273,2018년 2월 14일 11시,수요일,광주광역시 남구 진월동,경상사고,0,0,2,0,차대차 - 기타,불법유턴,건조,맑음,단일로 - 기타,승용,남,63세,경상,승용,남,25세,경상
2018021400100443,2018년 2월 14일 16시,수요일,광주광역시 서구 치평동,경상사고,0,0,1,0,차대차 - 측면충돌,신호위반,건조,맑음,교차로 - 교차로안,승용,남,52세,상해없음,화물,남,39세,경상
2018021400100490,2018년 2월 14일 17시,수요일,광주광역시 서구 매월동,경상사고,0,0,1,0,차대차 - 측면충돌,안전운전불이행,건조,맑음,단일로 - 기타,승용,남,69세,상해없음,승용,남,37세,경상
2018021400100491,2018년 2월 14일 17시,수요일,광주광역시 광산구 월계동,경상사고,0,0,1,0,차대사람 - 횡단중,보행자보호의무위반,건조,맑음,교차로 - 교차로횡단보도내,승용,남,56세,상해없음,보행자,여,61세,경상
2018021400100535,2018년 2월 14일 18시,수요일,광주광역시 남구 백운동,중상사고,0,1,0,0,차대사람 - 횡단중,안전운전불이행,건조,맑음,교차로 - 교차로부근,승용,여,61세,상해없음,보행자,여,50세,중상
2018021400100536,2018년 2월 14일 18시,수요일,광주광역시 남구 봉선동,경상사고,0,0,1,0,차대차 - 기타,교차로운행방법위반,건조,맑음,교차로 - 교차로안,승용,남,69세,상해없음,승용,남,43세,경상
2018021400100537,2018년 2월 14일 18시,수요일,광주광역시 북구 중흥동,경상사고,0,0,1,0,차대사람 - 횡단중,보행자보호의무위반,건조,맑음,단일로 - 기타,승용,남,23세,상해없음,보행자,여,22세,경상
2018021400100538,2018년 2월 14일 18시,수요일,광주광역시 광산구 신가동,경상사고,0,0,1,0,차대차 - 추돌,안전거리미확보,건조,맑음,단일로 - 지하차도(도로)내,승용,남,65세,상해없음,화물,남,46세,경상
2018021400100600,2018년 2월 14일 19시,수요일,광주광역시 동구 월남동,중상사고,0,1,0,0,차대사람 - 횡단중,보행자보호의무위반,건조,맑음,단일로 - 기타,승합,남,48세,상해없음,보행자,여,23세,중상
2018021400100635,2018년 2월 14일 20시,수요일,광주광역시 동구 장동,부상신고사고,0,0,0,1,차대차 - 기타,교차로운행방법위반,건조,맑음,교차로 - 교차로안,기타불명,기타불명,미분류,기타불명,원동기,남,52세,부상신고
2018021400100636,2018년 2월 14일 20시,수요일,광주광역시 서구 금호동,경상사고,0,0,1,0,차대차 - 기타,교차로운행방법위반,건조,맑음,교차로 - 교차로안,승용,남,57세,상해없음,이륜,남,21세,경상
2018021400100637,2018년 2월 14일 20시,수요일,광주광역시 남구 월산동,경상사고,0,0,1,0,차대사람 - 차도통행중,안전운전불이행,건조,맑음,단일로 - 기타,승용,여,44세,상해없음,보행자,남,38세,경상
2018021400100639,2018년 2월 14일 20시,수요일,광주광역시 광산구 우산동,경상사고,0,0,3,0,차대차 - 측면충돌,직진우회전진행방해,건조,맑음,교차로 - 교차로안,화물,남,63세,경상,승용,남,53세,경상
2018021400100677,2018년 2월 14일 21시,수요일,광주광역시 동구 불로동,경상사고,0,0,1,0,차대사람 - 기타,안전운전불이행,건조,맑음,단일로 - 기타,이륜,남,25세,상해없음,보행자,남,75세,경상
2018021400100678,2018년 2월 14일 21시,수요일,광주광역시 북구 우산동,경상사고,0,0,1,0,차대사람 - 기타,안전운전불이행,건조,맑음,교차로 - 교차로안,승용,남,74세,상해없음,보행자,남,39세,경상
2018021400100679,2018년 2월 14일 21시,수요일,광주광역시 북구 오치동,경상사고,0,0,1,0,차대차 - 측면충돌,안전거리미확보,건조,맑음,단일로 - 기타,승용,남,56세,상해없음,승용,남,47세,경상
2018021400100680,2018년 2월 14일 21시,수요일,광주광역시 광산구 우산동,경상사고,0,0,1,0,차대차 - 측면충돌,안전운전불이행,건조,맑음,단일로 - 기타,승용,남,41세,상해없음,승용,남,64세,상해없음
2018021400100681,2018년 2월 14일 21시,수요일,광주광역시 광산구 도산동,경상사고,0,0,4,0,차대차 - 측면충돌,교차로운행방법위반,건조,맑음,교차로 - 교차로안,승용,남,53세,상해없음,화물,남,49세,경상
2018021400100682,2018년 2월 14일 21시,수요일,광주광역시 광산구 월계동,경상사고,0,0,1,0,차대사람 - 기타,안전운전불이행,건조,맑음,기타 - 기타,승용,남,44세,상해없음,보행자,남,55세,경상
2018021400100718,2018년 2월 14일 22시,수요일,광주광역시 서구 치평동,경상사고,0,0,1,0,차대차 - 측면충돌,안전운전불이행,건조,맑음,교차로 - 교차로안,승용,남,48세,상해없음,승용,여,43세,경상
2018021400100719,2018년 2월 14일 22시,수요일,광주광역시 북구 동림동,경상사고,0,0,1,0,차대사람 - 횡단중,안전운전불이행,건조,맑음,교차로 - 교차로안,화물,남,68세,상해없음,보행자,여,32세,경상
2018021400100742,2018년 2월 14일 23시,수요일,광주광역시 서구 치평동,경상사고,0,0,3,0,차대차 - 측면충돌,안전운전불이행,건조,맑음,단일로 - 기타,승용,남,46세,상해없음,승용,여,47세,상해없음
2018021400100743,2018년 2월 14일 23시,수요일,광주광역시 광산구 장록동,경상사고,0,0,1,0,차대차 - 정면충돌,안전운전불이행,건조,맑음,교차로 - 교차로안,승용,남,62세,상해없음,승합,남,47세,경상
2018021500100020,2018년 2월 15일 00시,목요일,광주광역시 동구 궁동,경상사고,0,0,1,0,차대차 - 측면충돌,신호위반,건조,맑음,교차로 - 교차로안,승용,남,60세,상해없음,승용,남,66세,경상
2018021500100021,2018년 2월 15일 00시,목요일,광주광역시 광산구 신가동,경상사고,0,0,1,0,차대차 - 추돌,안전운전불이행,건조,맑음,교차로 - 교차로안,승용,여,55세,상해없음,승용,남,45세,경상
2018021500100039,2018년 2월 15일 01시,목요일,광주광역시 동구 금남로3가,경상사고,0,0,3,0,차대차 - 측면충돌,신호위반,건조,맑음,교차로 - 교차로부근,승용,남,66세,상해없음,승용,남,35세,상해없음
2018021500100040,2018년 2월 15일 01시,목요일,광주광역시 북구 용봉동,경상사고,0,0,1,0,차대사람 - 기타,안전운전불이행,건조,맑음,교차로 - 교차로안,승용,남,38세,상해없음,보행자,남,48세,경상
2018021500100063,2018년 2월 15일 02시,목요일,광주광역시 서구 치평동,경상사고,0,0,1,0,차대차 - 추돌,안전운전불이행,건조,맑음,단일로 - 기타,승용,남,36세,상해없음,승용,남,46세,상해없음
2018021500100078,2018년 2월 15일 03시,목요일,광주광역시 북구 우산동,경상사고,0,0,1,0,차대차 - 기타,안전운전불이행,건조,맑음,교차로 - 교차로부근,화물,남,22세,상해없음,승용,남,26세,경상
2018021500100091,2018년 2월 15일 04시,목요일,광주광역시 북구 용봉동,경상사고,0,0,4,0,차대차 - 추돌,안전운전불이행,건조,맑음,교차로 - 교차로부근,승용,남,57세,기타불명,승용,남,68세,경상
2018021500100109,2018년 2월 15일 05시,목요일,광주광역시 북구 운암동,경상사고,0,0,3,0,차대차 - 측면충돌,중앙선침범,건조,맑음,단일로 - 기타,승용,남,26세,경상,승용,남,49세,상해없음
2018021500100146,2018년 2월 15일 09시,목요일,광주광역시 서구 풍암동,경상사고,0,0,2,0,차대차 - 측면충돌,안전운전불이행,건조,맑음,교차로 - 교차로부근,승용,남,56세,경상,승용,여,60세,경상
2018021500100250,2018년 2월 15일 13시,목요일,광주광역시 동구 계림동,경상사고,0,0,1,0,차대차 - 측면충돌,안전운전불이행,건조,맑음,단일로 - 기타,이륜,남,25세,상해없음,승용,여,34세,경상
2018021500100265,2018년 2월 15일 14시,목요일,광주광역시 서구 화정동,경상사고,0,0,2,2,차대차 - 추돌,안전운전불이행,건조,맑음,교차로 - 교차로안,승용,남,47세,상해없음,승용,남,79세,경상
2018021500100356,2018년 2월 15일 19시,목요일,광주광역시 동구 계림동,경상사고,0,0,1,0,차대차 - 측면충돌,안전운전불이행,건조,맑음,단일로 - 기타,승용,남,57세,상해없음,자전거,남,67세,경상
2018021500100408,2018년 2월 15일 21시,목요일,광주광역시 광산구 선암동,경상사고,0,0,1,0,차대차 - 추돌,안전운전불이행,건조,맑음,단일로 - 기타,승용,남,50세,상해없음,승용,남,30세,경상
2018021500100428,2018년 2월 15일 22시,목요일,광주광역시 서구 양동,중상사고,0,1,0,0,차대사람 - 횡단중,안전운전불이행,건조,맑음,교차로 - 교차로안,승용,남,69세,상해없음,보행자,여,57세,중상
2018021500100429,2018년 2월 15일 22시,목요일,광주광역시 서구 쌍촌동,중상사고,0,2,3,0,차대차 - 측면충돌,안전운전불이행,건조,맑음,단일로 - 기타,승용,남,25세,상해없음,승용,남,45세,중상