사고번호,사고일시,요일,시군구,사고내용,사망자수,중상자수,경상자수,부상신고자수,사고유형,법규위반,노면상태,기상상태,도로형태,가해운전자 차종,가해운전자 성별,가해운전자 연령,가해운전자 상해정도,피해운전자 차종,피해운전자 성별,피해운전자 연령,피해운전자 상해정도
2018022400100315,2018년 2월 24일 15시,토요일,광주광역시 서구 쌍촌동,경상사고,0,0,1,0,차대사람 - 차도통행중,안전운전불이행,건조,맑음,단일로 - 기타,승용,여,34세,상해없음,보행자,여,53세,경상
2018022400100345,2018년 2월 24일 16시,토요일,광주광역시 동구 학동,중상사고,0,1,4,0,차대차 - 측면충돌,신호위반,건조,맑음,교차로 - 교차로안,승합,남,38세,경상,승용,남,65세,상해없음
2018022400100429,2018년 2월 24일 19시,토요일,광주광역시 북구 운암동,중상사고,0,1,0,0,차대차 - 측면충돌,안전운전불이행,건조,맑음,교차로 - 교차로안,승용,남,60세,상해없음,원동기,남,45세,중상
2018022400100430,2018년 2월 24일 19시,토요일,광주광역시 북구 신용동,경상사고,0,0,1,0,차대차 - 측면충돌,신호위반,건조,맑음,교차로 - 교차로안,화물,남,52세,상해없음,승용,남,56세,경상
2018022400100431,2018년 2월 24일 19시,토요일,광주광역시 광산구 우산동,경상사고,0,0,4,0,차대차 - 추돌,안전거리미확보,건조,맑음,단일로 - 기타,승용,여,31세,상해없음,승용,남,34세,경상
2018022400100472,2018년 2월 24일 21시,토요일,광주광역시 서구 금호동,경상사고,0,0,2,0,차대차 - 측면충돌,안전운전불이행,건조,맑음,교차로 - 교차로안,승용,남,66세,상해없음,승용,남,46세,경상
2018022400100496,2018년 2월 24일 22시,토요일,광주광역시 북구 각화동,경상사고,0,0,1,0,차대차 - 측면충돌,차로위반,건조,맑음,교차로 - 교차로안,화물,여,60세,상해없음,승용,남,32세,경상
2018022400100497,2018년 2월 24일 22시,토요일,광주광역시 북구 용봉동,경상사고,0,0,1,0,차대사람 - 기타,안전운전불이행,건조,맑음,단일로 - 기타,승용,남,65세,상해없음,보행자,남,46세,경상
2018022500100015,2018년 2월 25일 00시,일요일,광주광역시 서구 유촌동,중상사고,0,1,0,0,차대차 - 측면충돌,신호위반,건조,맑음,교차로 - 교차로안,승용,남,60세,상해없음,원동기,남,15세,중상
2018022500100037,2018년 2월 25일 02시,일요일,광주광역시 서구 광천동,중상사고,0,1,0,0,차대사람 - 기타,안전운전불이행,건조,맑음,단일로 - 기타,승용,여,25세,상해없음,보행자,남,27세,중상
2018022500100111,2018년 2월 25일 09시,일요일,광주광역시 북구 문흥동,중상사고,0,1,0,0,차대사람 - 기타,안전운전불이행,건조,맑음,단일로 - 기타,승용,남,71세,상해없음,보행자,남,10세,중상
2018022500100128,2018년 2월 25일 10시,일요일,광주광역시 광산구 송정동,경상사고,0,0,3,0,차대차 - 측면충돌,안전거리미확보,건조,맑음,단일로 - 기타,승용,남,42세,경상,승용,남,21세,경상
2018022500100233,2018년 2월 25일 15시,일요일,광주광역시 남구 진월동,경상사고,0,0,2,0,차대차 - 측면충돌,안전거리미확보,건조,맑음,단일로 - 기타,승용,남,47세,상해없음,승용,남,22세,상해없음
2018022500100234,2018년 2월 25일 15시,일요일,광주광역시 광산구 월곡동,중상사고,0,1,0,0,차대사람 - 횡단중,안전운전불이행,건조,맑음,단일로 - 기타,승용,남,28세,상해없음,보행자,여,58세,중상
2018022500100323,2018년 2월 25일 19시,일요일,광주광역시 북구 용두동,중상사고,0,1,1,0,차대차 - 추돌,안전운전불이행,건조,맑음,단일로 - 기타,승용,남,42세,상해없음,승용,여,39세,경상
2018022500100363,2018년 2월 25일 21시,일요일,광주광역시 서구 화정동,중상사고,0,1,0,0,차대차 - 기타,안전운전불이행,건조,맑음,교차로 - 교차로부근,승용,남,27세,상해없음,이륜,남,19세,중상
2018022500100364,2018년 2월 25일 21시,일요일,광주광역시 북구 대촌동,중상사고,0,1,1,0,차대차 - 추돌,안전운전불이행,건조,맑음,단일로 - 기타,화물,남,62세,중상,승용,남,47세,경상
2018022500100365,2018년 2월 25일 21시,일요일,광주광역시 광산구 신창동,경상사고,0,0,1,0,차대사람 - 기타,안전운전불이행,건조,맑음,교차로 - 교차로안,승용,남,46세,상해없음,보행자,남,31세,경상
2018022500100382,2018년 2월 25일 22시,일요일,광주광역시 광산구 신창동,경상사고,0,0,2,0,차대차 - 측면충돌,안전거리미확보,건조,맑음,교차로 - 교차로안,승용,여,30세,경상,원동기,남,17세,경상
2018022500100394,2018년 2월 25일 23시,일요일,광주광역시 서구 벽진동,중상사고,0,1,1,0,차대차 - 측면충돌,안전거리미확보,건조,맑음,단일로 - 기타,승용,남,27세,상해없음,승용,여,50세,경상
2018022600100010,2018년 2월 26일 00시,월요일,광주광역시 서구 벽진동,경상사고,0,0,1,0,차량단독 - 기타,안전운전불이행,건조,맑음,단일로 - 기타,승용,남,68세,상해없음,,,,
2018022600100080,2018년 2월 26일 07시,월요일,광주광역시 북구 운암동,경상사고,0,0,1,0,차대차 - 측면충돌,안전운전불이행,건조,맑음,단일로 - 기타,승용,남,76세,상해없음,승용,여,42세,경상
2018022600100109,2018년 2월 26일 08시,월요일,광주광역시 북구 두암동,경상사고,0,0,1,0,차대차 - 측면충돌,안전운전불이행,건조,맑음,단일로 - 기타,승용,여,58세,상해없음,원동기,남,65세,경상
2018022600100110,2018년 2월 26일 08시,월요일,광주광역시 북구 임동,경상사고,0,0,1,0,차대차 - 정면충돌,안전운전불이행,건조,맑음,단일로 - 기타,승용,여,48세,상해없음,승용,남,52세,경상
2018022600100179,2018년 2월 26일 10시,월요일,광주광역시 동구 산수동,경상사고,0,0,1,0,차대사람 - 횡단중,안전운전불이행,건조,맑음,단일로 - 기타,승용,여,55세,상해없음,보행자,여,80세,경상
2018022600100180,2018년 2월 26일 10시,월요일,광주광역시 광산구 우산동,중상사고,0,1,0,0,차량단독 - 공작물충돌,안전운전불이행,건조,맑음,교차로 - 교차로부근,승용,남,19세,상해없음,,,,
2018022600100212,2018년 2월 26일 11시,월요일,광주광역시 서구 농성동,중상사고,0,1,0,0,차량단독 - 공작물충돌,안전운전불이행,건조,맑음,단일로 - 기타,이륜,남,45세,중상,,,,
2018022600100280,2018년 2월 26일 13시,월요일,광주광역시 서구 광천동,경상사고,0,0,1,0,차대차 - 측면충돌,차로위반,건조,맑음,단일로 - 지하차도(도로)내,승용,남,50세,상해없음,승용,여,54세,경상
2018022600100320,2018년 2월 26일 14시,월요일,광주광역시 남구 봉선동,사망사고,1,0,0,0,차대사람 - 횡단중,안전운전불이행,건조,맑음,교차로 - 교차로부근,승용,여,63세,상해없음,보행자,여,87세,사망
2018022600100355,2018년 2월 26일 15시,월요일,광주광역시 북구 우산동,중상사고,0,1,0,0,차대사람 - 차도통행중,안전운전불이행,건조,맑음,단일로 - 기타,승용,여,61세,상해없음,보행자,남,75세,중상
2018022600100356,2018년 2월 26일 15시,월요일,광주광역시 북구 신안동,경상사고,0,0,2,0,차대차 - 측면충돌,교차로운행방법위반,건조,맑음,교차로 - 교차로부근,승용,여,67세,경상,승용,남,59세,경상
2018022600100429,2018년 2월 26일 17시,월요일,광주광역시 광산구 도산동,경상사고,0,0,1,0,차대차 - 추돌,안전운전불이행,건조,맑음,기타 - 기타,자전거,남,10세,경상,승용,여,42세,상해없음
2018022600100430,2018년 2월 26일 17시,월요일,광주광역시 광산구 신창동,경상사고,0,0,1,0,차대차 - 추돌,교차로운행방법위반,건조,맑음,교차로 - 교차로안,승용,남,54세,상해없음,승용,여,48세,경상
2018022600100468,2018년 2월 26일 18시,월요일,광주광역시 남구 백운동,경상사고,0,0,1,0,차대차 - 측면충돌,안전운전불이행,건조,맑음,교차로 - 교차로부근,승용,남,31세,상해없음,자전거,남,13세,경상
2018022600100519,2018년 2월 26일 20시,월요일,광주광역시 북구 용봉동,경상사고,0,0,1,0,차대차 - 측면충돌,직진우회전진행방해,건조,맑음,교차로 - 교차로안,승용,남,35세,상해없음,승용,남,40세,경상
2018022600100561,2018년 2월 26일 22시,월요일,광주광역시 북구 중흥동,경상사고,0,0,1,0,차대사람 - 횡단중,신호위반,건조,맑음,단일로 - 기타,승용,남,30세,상해없음,보행자,여,19세,경상
2018022700100034,2018년 2월 27일 02시,화요일,광주광역시 광산구 수완동,경상사고,0,0,6,0,차대차 - 추돌,안전운전불이행,건조,맑음,교차로 - 교차로부근,승용,남,48세,상해없음,승용,남,24세,경상
2018022700100066,2018년 2월 27일 06시,화요일,광주광역시 서구 매월동,경상사고,0,0,1,0,차대차 - 측면충돌,안전거리미확보,건조,맑음,단일로 - 기타,화물,남,50세,상해없음,이륜,남,28세,경상
2018022700100067,2018년 2월 27일 06시,화요일,광주광역시 광산구 월계동,경상사고,0,0,1,0,차대차 - 추돌,안전거리미확보,건조,맑음,단일로 - 기타,승용,남,58세,상해없음,승용,남,35세,경상
2018022700100100,2018년 2월 27일 08시,화요일,광주광역시 광산구 운수동,경상사고,0,0,1,0,차대차 - 측면충돌,안전거리미확보,건조,맑음,단일로 - 기타,승용,여,61세,상해없음,승용,남,27세,경상
2018022700100101,2018년 2월 27일 08시,화요일,광주광역시 광산구 하남동,경상사고,0,0,3,0,차대차 - 추돌,안전거리미확보,건조,맑음,단일로 - 기타,승용,남,24세,경상,승용,남,34세,상해없음
2018022700100118,2018년 2월 27일 09시,화요일,광주광역시 북구 매곡동,경상사고,0,0,1,0,차대차 - 기타,안전거리미확보,건조,맑음,단일로 - 기타,승용,남,34세,상해없음,승용,여,35세,경상
2018022700100126,2018년 2월 27일 09시,화요일,광주광역시 동구 산수동,중상사고,0,1,0,0,차대사람 - 횡단중,안전운전불이행,건조,맑음,단일로 - 기타,승용,여,47세,상해없음,보행자,여,59세,중상
2018022700100127,2018년 2월 27일 09시,화요일,광주광역시 서구 광천동,경상사고,0,0,1,0,차대차 - 측면충돌,안전거리미확보,건조,맑음,교차로 - 교차로부근,승용,남,57세,상해없음,승합,남,44세,상해없음
2018022700100154,2018년 2월 27일 10시,화요일,광주광역시 광산구 도천동,경상사고,0,0,1,0,차대차 - 후진중충돌,안전운전불이행,건조,맑음,단일로 - 기타,화물,남,42세,상해없음,승용,남,57세,경상
2018022700100179,2018년 2월 27일 11시,화요일,광주광역시 북구 임동,경상사고,0,0,1,0,차대차 - 측면충돌,안전운전불이행,건조,맑음,교차로 - 교차로부근,건설기계,남,62세,기타불명,승용,남,48세,경상
2018022700100202,2018년 2월 27일 12시,화요일,광주광역시 광산구 수완동,경상사고,0,0,1,0,차대사람 - 기타,신호위반,건조,맑음,교차로 - 교차로횡단보도내,화물,남,67세,상해없음,보행자,여,73세,경상
2018022700100230,2018년 2월 27일 13시,화요일,광주광역시 남구 방림동,중상사고,0,2,1,0,차대차 - 측면충돌,신호위반,건조,맑음,교차로 - 교차로안,승용,여,76세,중상,승용,여,43세,경상
2018022700100231,2018년 2월 27일 13시,화요일,광주광역시 광산구 월계동,경상사고,0,0,7,0,차량단독 - 공작물충돌,안전운전불이행,건조,맑음,교차로 - 교차로부근,승합,남,29세,경상,,,,
2018022700100258,2018년 2월 27일 14시,화요일,광주광역시 북구 문흥동,경상사고,0,0,2,0,차대사람 - 차도통행중,보행자보호의무위반,건조,맑음,단일로 - 기타,승용,남,71세,상해없음,보행자,여,18세,경상
2018022700100384,2018년 2월 27일 18시,화요일,광주광역시 남구 월산동,중상사고,0,1,0,0,차대사람 - 기타,안전운전불이행,건조,맑음,교차로 - 교차로부근,화물,남,57세,상해없음,보행자,남,57세,중상
2018022700100438,2018년 2월 27일 19시,화요일,광주광역시 광산구 신창동,경상사고,0,0,1,0,차대차 - 기타,안전거리미확보,건조,맑음,단일로 - 기타,승용,남,47세,상해없음,승용,남,62세,상해없음
2018022700100468,2018년 2월 27일 20시,화요일,광주광역시 서구 치평동,경상사고,0,0,4,0,차대차 - 측면충돌,안전거리미확보,건조,맑음,단일로 - 기타,승용,남,47세,상해없음,승용,남,25세,경상
2018022700100502,2018년 2월 27일 21시,화요일,광주광역시 남구 방림동,경상사고,0,0,1,0,차대차 - 추돌,차로위반,건조,맑음,교차로 - 교차로안,화물,남,52세,상해없음,승용,남,57세,상해없음
2018022700100560,2018년 2월 27일 23시,화요일,광주광역시 서구 화정동,경상사고,0,0,1,0,차대차 - 기타,안전운전불이행,건조,맑음,단일로 - 기타,승합,남,51세,상해없음,승용,남,30세,경상
2018022700100561,2018년 2월 27일 23시,화요일,광주광역시 남구 주월동,경상사고,0,0,1,0,차대사람 - 횡단중,신호위반,건조,맑음,교차로 - 교차로횡단보도내,기타불명,기타불명,미분류,기타불명,보행자,여,18세,경상
2018022800100038,2018년 2월 28일 04시,수요일,광주광역시 남구 백운동,경상사고,0,0,1,0,차대차 - 후진중충돌,안전거리미확보,건조,맑음,단일로 - 기타,승용,여,35세,상해없음,승용,여,44세,경상
2018022800100071,2018년 2월 28일 07시,수요일,광주광역시 광산구 수완동,경상사고,0,0,1,0,차대차 - 측면충돌,차로위반,건조,맑음,교차로 - 교차로부근,화물,남,63세,상해없음,승용,여,47세,경상
2018022800100098,2018년 2월 28일 08시,수요일,광주광역시 북구 북동,경상사고,0,0,1,0,차대차 - 기타,안전거리미확보,건조,맑음,단일로 - 기타,승용,남,58세,상해없음,화물,남,40세,경상
2018022800100099,2018년 2월 28일 08시,수요일,광주광역시 서구 농성동,경상사고,0,0,2,0,차대차 - 추돌,안전운전불이행,건조,맑음,단일로 - 기타,승용,여,40세,경상,승용,남,57세,경상
2018022800100100,2018년 2월 28일 08시,수요일,광주광역시 광산구 옥동,경상사고,0,0,2,0,차대차 - 측면충돌,안전거리미확보,건조,맑음,단일로 - 기타,화물,남,52세,상해없음,승용,남,31세,경상
2018022800100122,2018년 2월 28일 09시,수요일,광주광역시 서구 화정동,경상사고,0,0,1,0,차대사람 - 횡단중,보행자보호의무위반,건조,맑음,교차로 - 교차로횡단보도내,승용,여,35세,상해없음,보행자,여,88세,경상
2018022800100144,2018년 2월 28일 10시,수요일,광주광역시 서구 광천동,경상사고,0,0,2,0,차대차 - 측면충돌,교차로운행방법위반,건조,맑음,교차로 - 교차로안,승용,남,70세,경상,승용,남,48세,경상
2018022800100241,2018년 2월 28일 13시,수요일,광주광역시 서구 풍암동,경상사고,0,0,2,0,차대차 - 기타,교차로운행방법위반,젖음/습기,비,교차로 - 교차로안,승용,남,44세,상해없음,승용,남,43세,경상
2018022800100281,2018년 2월 28일 14시,수요일,광주광역시 동구 수기동,중상사고,0,1,2,0,차대차 - 기타,안전거리미확보,젖음/습기,비,단일로 - 기타,승합,남,50세,상해없음,승용,남,50세,경상
2018022800100282,2018년 2월 28일 14시,수요일,광주광역시 서구 광천동,경상사고,0,0,4,0,차대차 - 기타,기타,젖음/습기,비,교차로 - 교차로부근,승용,남,69세,상해없음,승합,남,56세,기타불명
2018022800100364,2018년 2월 28일 16시,수요일,광주광역시 남구 진월동,경상사고,0,0,1,0,차대차 - 측면충돌,안전운전불이행,건조,맑음,교차로 - 교차로부근,승용,여,44세,상해없음,승용,여,46세,경상
2018022800100408,2018년 2월 28일 17시,수요일,광주광역시 서구 치평동,경상사고,0,0,1,0,차대차 - 측면충돌,안전운전불이행,젖음/습기,비,단일로 - 기타,승용,남,61세,상해없음,승용,남,54세,경상
2018022800100409,2018년 2월 28일 17시,수요일,광주광역시 광산구 산정동,경상사고,0,0,1,0,차대차 - 측면충돌,안전운전불이행,젖음/습기,비,단일로 - 기타,승용,남,41세,상해없음,승용,여,54세,경상
2018022800100465,2018년 2월 28일 18시,수요일,광주광역시 서구 치평동,경상사고,0,0,1,0,차대사람 - 횡단중,신호위반,젖음/습기,비,교차로 - 교차로횡단보도내,원동기,남,49세,상해없음,보행자,여,23세,경상
2018022800100466,2018년 2월 28일 18시,수요일,광주광역시 남구 노대동,경상사고,0,0,2,0,차대차 - 기타,안전운전불이행,젖음/습기,비,단일로 - 기타,화물,남,45세,상해없음,승용,남,19세,경상
2018022800100467,2018년 2월 28일 18시,수요일,광주광역시 광산구 도천동,경상사고,0,0,1,0,차대차 - 측면충돌,안전거리미확보,젖음/습기,비,교차로 - 교차로부근,승용,남,28세,기타불명,승용,남,25세,경상
2018022800100547,2018년 2월 28일 19시,수요일,광주광역시 서구 마륵동,경상사고,0,0,2,0,차대차 - 측면충돌,안전거리미확보,건조,맑음,단일로 - 기타,승용,남,38세,상해없음,승용,남,44세,경상
2018022800100548,2018년 2월 28일 19시,수요일,광주광역시 남구 월산동,경상사고,0,0,1,0,차대차 - 측면충돌,안전운전불이행,젖음/습기,비,단일로 - 기타,승용,남,49세,상해없음,승용,남,40세,경상
2018022800100596,2018년 2월 28일 20시,수요일,광주광역시 북구 오치동,경상사고,0,0,2,1,차대차 - 기타,교차로운행방법위반,젖음/습기,비,교차로 - 교차로안,승용,남,19세,경상,승용,남,61세,경상
2018022800100597,2018년 2월 28일 20시,수요일,광주광역시 북구 동림동,경상사고,0,0,10,0,차대차 - 추돌,안전운전불이행,젖음/습기,비,단일로 - 기타,화물,남,47세,상해없음,승합,남,60세,경상
2018022800100661,2018년 2월 28일 21시,수요일,광주광역시 서구 쌍촌동,경상사고,0,0,3,0,차대차 - 추돌,안전거리미확보,건조,흐림,단일로 - 지하차도(도로)내,승용,남,36세,상해없음,승용,여,57세,경상
2018022800100662,2018년 2월 28일 21시,수요일,광주광역시 서구 금호동,경상사고,0,0,2,0,차대차 - 측면충돌,안전운전불이행,건조,맑음,교차로 - 교차로안,승용,남,64세,상해없음,승용,여,48세,경상
2018022800100715,2018년 2월 28일 22시,수요일,광주광역시 북구 연제동,경상사고,0,0,1,0,차대차 - 추돌,안전운전불이행,젖음/습기,비,교차로 - 교차로부근,승용,남,39세,상해없음,승용,여,39세,경상
2018022800100756,2018년 2월 28일 23시,수요일,광주광역시 서구 치평동,경상사고,0,0,1,0,차대차 - 측면충돌,안전운전불이행,젖음/습기,비,교차로 - 교차로안,승합,남,38세,상해없음,이륜,남,25세,경상
2018022800100757,2018년 2월 28일 23시,수요일,광주광역시 서구 쌍촌동,경상사고,0,0,1,0,차대차 - 측면충돌,안전운전불이행,건조,맑음,단일로 - 기타,기타불명,기타불명,미분류,기타불명,승용,여,43세,경상
2018022800100758,2018년 2월 28일 23시,수요일,광주광역시 서구 농성동,경상사고,0,0,1,0,차대차 - 측면충돌,차로위반,건조,맑음,교차로 - 교차로안,승용,여,58세,상해없음,승용,남,34세,경상
2018030100100033,2018년 3월 1일 00시,목요일,광주광역시 남구 월산동,경상사고,0,0,1,0,차대사람 - 차도통행중,차로위반,건조,맑음,단일로 - 기타,승용,남,68세,상해없음,보행자,남,37세,경상
2018030100100054,2018년 3월 1일 01시,목요일,광주광역시 서구 화정동,경상사고,0,0,3,0,차대차 - 측면충돌,신호위반,건조,맑음,교차로 - 교차로안,승용,남,57세,경상,승용,남,24세,경상
2018030100100055,2018년 3월 1일 01시,목요일,광주광역시 광산구 신창동,경상사고,0,0,4,0,차대차 - 추돌,안전운전불이행,건조,맑음,단일로 - 기타,승용,남,32세,상해없음,승용,남,62세,경상
2018030100100124,2018년 3월 1일 06시,목요일,광주광역시 서구 쌍촌동,경상사고,0,0,1,0,차대차 - 추돌,안전거리미확보,젖음/습기,비,단일로 - 기타,화물,남,29세,상해없음,승용,남,27세,경상
2018030100100125,2018년 3월 1일 06시,목요일,광주광역시 남구 월산동,경상사고,0,0,2,0,차대차 - 기타,안전거리미확보,건조,맑음,기타 - 기타,승용,남,37세,상해없음,승용,남,44세,경상
2018030100100172,2018년 3월 1일 10시,목요일,광주광역시 북구 운암동,경상사고,0,0,1,0,차대차 - 측면충돌,신호위반,건조,맑음,교차로 - 교차로안,승용,남,52세,상해없음,승용,여,51세,경상
2018030100100194,2018년 3월 1일 11시,목요일,광주광역시 서구 화정동,중상사고,0,2,1,0,차대차 - 측면충돌,안전운전불이행,건조,맑음,단일로 - 기타,이륜,남,46세,상해없음,승용,남,70세,중상
2018030100100223,2018년 3월 1일 12시,목요일,광주광역시 서구 마륵동,경상사고,0,0,16,0,차대차 - 측면충돌,기타,건조,맑음,교차로 - 교차로부근,건설기계,남,42세,상해없음,승용,남,18세,경상
2018030100100278,2018년 3월 1일 14시,목요일,광주광역시 서구 쌍촌동,중상사고,0,1,0,0,차대사람 - 횡단중,신호위반,건조,맑음,교차로 - 교차로안,승용,남,59세,상해없음,보행자,여,20세,중상
2018030100100279,2018년 3월 1일 14시,목요일,광주광역시 광산구 산월동,경상사고,0,0,3,0,차대차 - 측면충돌,교차로운행방법위반,건조,맑음,교차로 - 교차로안,승용,남,54세,상해없음,승용,여,29세,경상
2018030100100369,2018년 3월 1일 17시,목요일,광주광역시 북구 운암동,경상사고,0,0,2,0,차대차 - 기타,신호위반,건조,맑음,교차로 - 교차로안,승용,남,57세,상해없음,화물,남,56세,경상
2018030100100393,2018년 3월 1일 18시,목요일,광주광역시 북구 양산동,중상사고,0,1,0,0,차대사람 - 기타,안전운전불이행,건조,맑음,단일로 - 기타,자전거,남,13세,상해없음,보행자,남,13세,중상
2018030100100428,2018년 3월 1일 19시,목요일,광주광역시 서구 쌍촌동,중상사고,0,1,0,0,차대사람 - 차도통행중,안전운전불이행,건조,맑음,단일로 - 기타,승용,남,57세,상해없음,보행자,여,42세,중상
2018030100100429,2018년 3월 1일 19시,목요일,광주광역시 북구 임동,경상사고,0,0,2,0,차대차 - 추돌,안전운전불이행,건조,맑음,교차로 - 교차로부근,승용,남,39세,상해없음,승용,남,39세,경상
2018030100100430,2018년 3월 1일 19시,목요일,광주광역시 북구 오치동,경상사고,0,0,2,0,차대차 - 추돌,안전운전불이행,건조,맑음,단일로 - 기타,승용,남,58세,상해없음,승용,여,40세,경상
2018030100100444,2018년 3월 1일 20시,목요일,광주광역시 남구 방림동,경상사고,0,0,2,0,차대차 - 측면충돌,안전운전불이행,건조,맑음,교차로 - 교차로부근,승용,여,48세,경상,승용,여,38세,경상
2018030100100445,2018년 3월 1일 20시,목요일,광주광역시 북구 운암동,경상사고,0,0,2,0,차대차 - 기타,안전거리미확보,건조,맑음,단일로 - 기타,승용,남,62세,상해없음,승용,여,29세,경상
2018030100100470,2018년 3월 1일 21시,목요일,광주광역시 북구 신안동,중상사고,0,1,2,0,차대차 - 측면충돌,직진우회전진행방해,건조,맑음,교차로 - 교차로안,승용,여,29세,중상,승용,남,59세,경상
2018030100100484,2018년 3월 1일 22시,목요일,광주광역시 광산구 송정동,경상사고,0,0,1,0,차대차 - 정면충돌,중앙선침범,건조,맑음,교차로 - 교차로부근,승용,남,45세,상해없음,승용,남,36세,경상
2018030200100030,2018년 3월 2일 04시,금요일,광주광역시 서구 치평동,경상사고,0,0,1,0,차대차 - 측면충돌,안전운전불이행,건조,맑음,교차로 - 교차로안,승용,여,36세,상해없음,승용,남,70세,경상
2018030200100071,2018년 3월 2일 07시,금요일,광주광역시 서구 화정동,경상사고,0,0,2,0,차대차 - 측면충돌,신호위반,건조,맑음,교차로 - 교차로안,승용,여,66세,상해없음,승용,남,65세,경상
2018030200100104,2018년 3월 2일 08시,금요일,광주광역시 남구 백운동,경상사고,0,0,1,0,차대차 - 기타,안전거리미확보,건조,맑음,단일로 - 기타,승용,남,41세,상해없음,승용,남,33세,경상
2018030200100105,2018년 3월 2일 08시,금요일,광주광역시 북구 양산동,경상사고,0,0,2,0,차대차 - 측면충돌,안전거리미확보,건조,맑음,단일로 - 기타,승용,남,42세,경상,승용,여,54세,경상
2018030200100139,2018년 3월 2일 09시,금요일,광주광역시 서구 금호동,경상사고,0,0,2,0,차대차 - 기타,안전운전불이행,건조,맑음,교차로 - 교차로안,승용,여,41세,경상,승용,여,48세,경상
2018030200100165,2018년 3월 2일 10시,금요일,광주광역시 서구 화정동,경상사고,0,0,2,0,차대사람 - 길가장자리구역통행중,안전운전불이행,건조,맑음,교차로 - 교차로안,승용,여,25세,경상,보행자,여,74세,경상
2018030200100166,2018년 3월 2일 10시,금요일,광주광역시 남구 노대동,경상사고,0,0,1,0,차대차 - 추돌,안전운전불이행,건조,맑음,단일로 - 기타,승용,남,32세,상해없음,승용,남,81세,경상
2018030200100191,2018년 3월 2일 11시,금요일,광주광역시 서구 벽진동,경상사고,0,0,2,0,차대차 - 추돌,안전거리미확보,건조,맑음,단일로 - 기타,승합,남,62세,상해없음,승용,여,40세,경상
2018030200100192,2018년 3월 2일 11시,금요일,광주광역시 북구 신안동,경상사고,0,0,1,0,차대사람 - 횡단중,안전운전불이행,건조,맑음,단일로 - 기타,화물,남,49세,상해없음,보행자,여,57세,경상
2018030200100258,2018년 3월 2일 13시,금요일,광주광역시 광산구 수완동,경상사고,0,0,4,0,차대차 - 측면충돌,신호위반,건조,맑음,교차로 - 교차로안,승용,남,38세,경상,승용,여,41세,경상
2018030200100337,2018년 3월 2일 15시,금요일,광주광역시 서구 화정동,경상사고,0,0,1,0,차대차 - 추돌,안전거리미확보,건조,맑음,단일로 - 기타,승용,남,42세,상해없음,승용,남,51세,경상
2018030200100338,2018년 3월 2일 15시,금요일,광주광역시 광산구 옥동,경상사고,0,0,2,0,차대차 - 정면충돌,교차로운행방법위반,건조,맑음,교차로 - 교차로안,승용,남,25세,경상,승용,남,43세,경상
2018030200100384,2018년 3월 2일 16시,금요일,광주광역시 서구 치평동,경상사고,0,0,1,0,차대사람 - 횡단중,안전운전불이행,건조,맑음,단일로 - 기타,승용,남,61세,상해없음,보행자,여,10세,경상
2018030200100385,2018년 3월 2일 16시,금요일,광주광역시 광산구 옥동,경상사고,0,0,2,0,차대차 - 추돌,안전운전불이행,건조,맑음,단일로 - 기타,화물,남,53세,경상,화물,남,54세,경상
2018030200100461,2018년 3월 2일 18시,금요일,광주광역시 북구 매곡동,경상사고,0,0,2,0,차대차 - 추돌,안전거리미확보,건조,맑음,단일로 - 기타,승용,여,39세,상해없음,승용,여,58세,경상
2018030200100540,2018년 3월 2일 20시,금요일,광주광역시 남구 서동,경상사고,0,0,1,0,차대차 - 추돌,불법유턴,건조,맑음,단일로 - 기타,승용,남,66세,상해없음,승용,여,34세,경상
2018030200100570,2018년 3월 2일 21시,금요일,광주광역시 광산구 월계동,경상사고,0,0,1,0,차대차 - 추돌,안전운전불이행,건조,맑음,교차로 - 교차로부근,승용,남,48세,상해없음,승용,남,36세,경상
2018030200100613,2018년 3월 2일 23시,금요일,광주광역시 동구 지산동,경상사고,0,0,1,0,차대차 - 기타,신호위반,건조,맑음,교차로 - 교차로안,원동기,남,35세,상해없음,승용,남,45세,경상
2018030300100017,2018년 3월 3일 00시,토요일,광주광역시 북구 용봉동,중상사고,0,1,0,0,차대차 - 추돌,안전운전불이행,건조,맑음,단일로 - 기타,화물,남,41세,상해없음,원동기,남,47세,중상
2018030300100030,2018년 3월 3일 01시,토요일,광주광역시 북구 운암동,경상사고,0,0,2,0,차량단독 - 공작물충돌,안전운전불이행,건조,맑음,단일로 - 기타,승용,남,51세,상해없음,,,,
2018030300100045,2018년 3월 3일 03시,토요일,광주광역시 광산구 우산동,경상사고,0,0,1,0,차대차 - 측면충돌,신호위반,건조,맑음,교차로 - 교차로안,승용,남,26세,상해없음,승용,남,47세,경상
2018030300100074,2018년 3월 3일 06시,토요일,광주광역시 광산구 월계동,중상사고,0,1,2,0,차대차 - 측면충돌,불법유턴,건조,맑음,단일로 - 기타,승용,남,55세,상해없음,화물,남,46세,중상
2018030300100169,2018년 3월 3일 11시,토요일,광주광역시 북구 신용동,경상사고,0,0,1,0,차대차 - 측면충돌,교차로운행방법위반,건조,맑음,교차로 - 교차로부근,승용,남,39세,상해없음,건설기계,남,38세,경상
2018030300100252,2018년 3월 3일 14시,토요일,광주광역시 서구 매월동,경상사고,0,0,1,0,차대차 - 측면충돌,안전운전불이행,건조,맑음,교차로 - 교차로부근,승용,남,45세,상해없음,이륜,남,63세,경상