사고번호,사고일시,요일,시군구,사고내용,사망자수,중상자수,경상자수,부상신고자수,사고유형,법규위반,노면상태,기상상태,도로형태,가해운전자 차종,가해운전자 성별,가해운전자 연령,가해운전자 상해정도,피해운전자 차종,피해운전자 성별,피해운전자 연령,피해운전자 상해정도
2018031500100512,2018년 3월 15일 19시,목요일,광주광역시 북구 매곡동,경상사고,0,0,1,0,차대차 - 기타,안전거리미확보,건조,맑음,단일로 - 기타,승용,남,38세,상해없음,원동기,남,47세,경상
2018031500100541,2018년 3월 15일 20시,목요일,광주광역시 서구 풍암동,경상사고,0,0,2,0,차대차 - 측면충돌,안전운전불이행,건조,맑음,단일로 - 기타,승용,여,42세,경상,승용,남,27세,경상
2018031500100542,2018년 3월 15일 20시,목요일,광주광역시 북구 연제동,경상사고,0,0,2,0,차대차 - 측면충돌,교차로운행방법위반,건조,맑음,교차로 - 교차로안,승용,남,67세,상해없음,승용,남,35세,경상
2018031500100573,2018년 3월 15일 21시,목요일,광주광역시 동구 지산동,경상사고,0,0,1,0,차대차 - 기타,안전운전불이행,건조,맑음,단일로 - 기타,승용,남,49세,상해없음,이륜,남,21세,경상
2018031500100574,2018년 3월 15일 21시,목요일,광주광역시 광산구 우산동,경상사고,0,0,1,0,차대차 - 측면충돌,기타,건조,맑음,단일로 - 기타,승용,남,59세,상해없음,승용,남,49세,경상
2018031500100600,2018년 3월 15일 22시,목요일,광주광역시 북구 두암동,경상사고,0,0,1,0,차대사람 - 기타,안전운전불이행,건조,흐림,교차로 - 교차로안,승용,남,38세,상해없음,보행자,남,52세,경상
2018031500100601,2018년 3월 15일 22시,목요일,광주광역시 광산구 운남동,중상사고,0,1,1,0,차대차 - 추돌,안전거리미확보,건조,맑음,교차로 - 교차로부근,승용,여,24세,상해없음,화물,남,48세,중상
2018031500100602,2018년 3월 15일 22시,목요일,광주광역시 광산구 소촌동,경상사고,0,0,1,0,차대차 - 측면충돌,안전운전불이행,건조,맑음,교차로 - 교차로부근,승용,여,21세,상해없음,승용,여,49세,경상
2018031500100629,2018년 3월 15일 23시,목요일,광주광역시 광산구 신가동,중상사고,0,1,0,0,차대차 - 측면충돌,신호위반,건조,맑음,교차로 - 교차로안,승용,남,37세,상해없음,승용,여,63세,중상
2018031600100018,2018년 3월 16일 00시,금요일,광주광역시 광산구 신창동,경상사고,0,0,1,0,차대차 - 기타,안전운전불이행,건조,맑음,단일로 - 기타,승용,남,40세,상해없음,승용,여,36세,경상
2018031600100037,2018년 3월 16일 01시,금요일,광주광역시 서구 농성동,경상사고,0,0,1,0,차대차 - 후진중충돌,안전운전불이행,건조,흐림,단일로 - 지하차도(도로)내,승용,남,38세,상해없음,승용,남,41세,경상
2018031600100083,2018년 3월 16일 07시,금요일,광주광역시 북구 운암동,경상사고,0,0,2,0,차대차 - 측면충돌,안전거리미확보,건조,맑음,단일로 - 기타,화물,남,65세,상해없음,승합,남,52세,경상
2018031600100085,2018년 3월 16일 07시,금요일,광주광역시 광산구 월계동,중상사고,0,1,2,0,차대차 - 측면충돌,교차로운행방법위반,건조,맑음,교차로 - 교차로안,승용,남,80세,경상,승용,남,27세,중상
2018031600100124,2018년 3월 16일 08시,금요일,광주광역시 남구 진월동,경상사고,0,0,1,0,차대사람 - 횡단중,신호위반,건조,맑음,단일로 - 기타,승용,여,31세,상해없음,보행자,남,18세,경상
2018031600100159,2018년 3월 16일 09시,금요일,광주광역시 동구 대인동,경상사고,0,0,1,0,차대차 - 측면충돌,신호위반,건조,맑음,교차로 - 교차로안,승용,남,64세,상해없음,승용,남,53세,경상
2018031600100160,2018년 3월 16일 09시,금요일,광주광역시 광산구 소촌동,경상사고,0,0,2,0,차대차 - 측면충돌,안전거리미확보,건조,맑음,단일로 - 기타,승용,여,34세,기타불명,승용,남,58세,경상
2018031600100194,2018년 3월 16일 10시,금요일,광주광역시 북구 유동,경상사고,0,0,3,0,차대차 - 추돌,안전거리미확보,건조,맑음,단일로 - 기타,승용,남,32세,상해없음,승용,남,58세,경상
2018031600100234,2018년 3월 16일 12시,금요일,광주광역시 북구 본촌동,경상사고,0,0,1,0,차대차 - 측면충돌,교차로운행방법위반,건조,맑음,교차로 - 교차로안,이륜,남,53세,경상,승용,여,59세,기타불명
2018031600100273,2018년 3월 16일 13시,금요일,광주광역시 서구 치평동,경상사고,0,0,1,0,차대차 - 측면충돌,안전운전불이행,건조,맑음,단일로 - 기타,승용,여,32세,상해없음,승용,여,49세,상해없음
2018031600100274,2018년 3월 16일 13시,금요일,광주광역시 북구 운암동,경상사고,0,0,2,0,차대차 - 추돌,안전운전불이행,건조,맑음,단일로 - 고가도로위,승용,남,69세,상해없음,승용,남,48세,경상
2018031600100300,2018년 3월 16일 14시,금요일,광주광역시 남구 진월동,중상사고,0,1,0,0,차대사람 - 횡단중,안전운전불이행,건조,맑음,단일로 - 기타,승용,남,47세,상해없음,보행자,남,6세,중상
2018031600100330,2018년 3월 16일 15시,금요일,광주광역시 남구 월산동,중상사고,0,1,0,0,차대사람 - 기타,안전운전불이행,건조,맑음,단일로 - 기타,승합,남,51세,상해없음,보행자,여,70세,중상
2018031600100374,2018년 3월 16일 16시,금요일,광주광역시 동구 궁동,경상사고,0,0,1,0,차대차 - 후진중충돌,안전운전불이행,건조,맑음,단일로 - 기타,화물,남,60세,상해없음,승용,남,43세,경상
2018031600100505,2018년 3월 16일 19시,금요일,광주광역시 서구 금호동,경상사고,0,0,3,0,차대차 - 기타,신호위반,건조,기타,단일로 - 기타,승용,남,46세,상해없음,승용,여,39세,경상
2018031600100541,2018년 3월 16일 20시,금요일,광주광역시 북구 각화동,경상사고,0,0,1,0,차대차 - 측면충돌,신호위반,건조,맑음,교차로 - 교차로안,승용,남,60세,상해없음,승용,여,55세,경상
2018031600100542,2018년 3월 16일 20시,금요일,광주광역시 광산구 운남동,경상사고,0,0,1,0,차량단독 - 기타,기타,건조,맑음,단일로 - 기타,승합,남,55세,상해없음,,,,
2018031600100577,2018년 3월 16일 21시,금요일,광주광역시 북구 연제동,중상사고,0,1,0,0,차대차 - 측면충돌,안전운전불이행,건조,맑음,교차로 - 교차로안,기타불명,기타불명,미분류,기타불명,자전거,남,39세,중상
2018031600100578,2018년 3월 16일 21시,금요일,광주광역시 광산구 신가동,경상사고,0,0,1,0,차대사람 - 차도통행중,안전운전불이행,건조,맑음,단일로 - 기타,승용,남,23세,상해없음,보행자,남,21세,경상
2018031600100604,2018년 3월 16일 22시,금요일,광주광역시 광산구 명화동,중상사고,0,1,0,0,차량단독 - 전도전복 - 전도,안전운전불이행,건조,맑음,단일로 - 기타,화물,남,56세,중상,미분류,미분류,미분류,미분류
2018031600100644,2018년 3월 16일 23시,금요일,광주광역시 북구 신안동,경상사고,0,0,4,0,차대차 - 추돌,안전운전불이행,건조,맑음,교차로 - 교차로부근,승용,남,32세,상해없음,승용,여,38세,경상
2018031700100017,2018년 3월 17일 00시,토요일,광주광역시 남구 백운동,경상사고,0,0,2,0,차대차 - 추돌,안전거리미확보,건조,맑음,단일로 - 기타,승용,남,35세,상해없음,승용,남,56세,경상
2018031700100097,2018년 3월 17일 07시,토요일,광주광역시 광산구 도천동,중상사고,0,1,1,0,차대차 - 정면충돌,안전운전불이행,건조,맑음,단일로 - 기타,승용,남,31세,상해없음,승용,남,37세,경상
2018031700100146,2018년 3월 17일 09시,토요일,광주광역시 서구 치평동,경상사고,0,0,3,0,차대차 - 추돌,안전운전불이행,건조,맑음,단일로 - 기타,승용,여,35세,상해없음,승용,남,48세,경상
2018031700100174,2018년 3월 17일 10시,토요일,광주광역시 남구 노대동,중상사고,0,1,0,0,차대사람 - 횡단중,보행자보호의무위반,건조,맑음,교차로 - 교차로횡단보도내,승용,여,45세,상해없음,보행자,여,61세,중상
2018031700100175,2018년 3월 17일 10시,토요일,광주광역시 북구 연제동,중상사고,0,1,1,0,차대차 - 추돌,안전거리미확보,건조,맑음,단일로 - 기타,화물,남,60세,중상,화물,남,73세,경상
2018031700100209,2018년 3월 17일 11시,토요일,광주광역시 북구 운암동,중상사고,0,1,0,0,차대사람 - 횡단중,보행자보호의무위반,건조,맑음,단일로 - 기타,건설기계,남,54세,상해없음,보행자,여,74세,중상
2018031700100308,2018년 3월 17일 14시,토요일,광주광역시 동구 황금동,중상사고,0,1,0,0,차대사람 - 기타,안전운전불이행,건조,맑음,기타 - 기타,승용,여,19세,상해없음,보행자,여,58세,중상
2018031700100309,2018년 3월 17일 14시,토요일,광주광역시 광산구 우산동,경상사고,0,0,2,0,차대차 - 기타,안전거리미확보,건조,맑음,교차로 - 교차로부근,승용,남,55세,상해없음,승용,여,37세,경상
2018031700100338,2018년 3월 17일 15시,토요일,광주광역시 서구 광천동,경상사고,0,0,1,0,차대차 - 추돌,안전거리미확보,건조,맑음,교차로 - 교차로부근,건설기계,남,31세,상해없음,승용,남,40세,경상
2018031700100339,2018년 3월 17일 15시,토요일,광주광역시 북구 운암동,경상사고,0,0,1,0,차대차 - 측면충돌,안전운전불이행,건조,맑음,단일로 - 기타,자전거,남,9세,경상,화물,남,48세,상해없음
2018031700100384,2018년 3월 17일 16시,토요일,광주광역시 북구 두암동,중상사고,0,1,4,0,차대차 - 기타,안전운전불이행,건조,맑음,단일로 - 기타,승용,남,52세,상해없음,승용,남,46세,경상
2018031700100385,2018년 3월 17일 16시,토요일,광주광역시 북구 운암동,경상사고,0,0,3,0,차대차 - 기타,안전거리미확보,건조,맑음,교차로 - 교차로안,승용,남,71세,상해없음,승용,남,22세,경상
2018031700100386,2018년 3월 17일 16시,토요일,광주광역시 광산구 소촌동,경상사고,0,0,2,0,차대차 - 측면충돌,안전운전불이행,건조,맑음,단일로 - 기타,건설기계,남,56세,상해없음,승용,여,51세,경상
2018031700100435,2018년 3월 17일 17시,토요일,광주광역시 서구 쌍촌동,경상사고,0,0,1,0,차대차 - 측면충돌,신호위반,건조,맑음,교차로 - 교차로안,승용,남,67세,상해없음,이륜,남,34세,경상
2018031700100468,2018년 3월 17일 18시,토요일,광주광역시 서구 마륵동,중상사고,0,2,3,0,차대차 - 측면충돌,안전운전불이행,건조,맑음,교차로 - 교차로부근,승용,남,53세,경상,승용,남,27세,경상
2018031700100469,2018년 3월 17일 18시,토요일,광주광역시 광산구 신가동,경상사고,0,0,1,0,차대사람 - 횡단중,보행자보호의무위반,건조,맑음,단일로 - 기타,승용,남,65세,상해없음,보행자,남,71세,경상
2018031700100514,2018년 3월 17일 19시,토요일,광주광역시 북구 용봉동,경상사고,0,0,1,0,차대사람 - 기타,안전운전불이행,건조,맑음,교차로 - 교차로부근,승용,남,53세,상해없음,보행자,여,22세,경상
2018031700100545,2018년 3월 17일 20시,토요일,광주광역시 서구 금호동,경상사고,0,0,3,0,차대차 - 추돌,안전운전불이행,건조,맑음,단일로 - 기타,승용,여,32세,상해없음,승용,남,49세,경상
2018031700100623,2018년 3월 17일 23시,토요일,광주광역시 서구 벽진동,경상사고,0,0,3,0,차대차 - 추돌,안전운전불이행,건조,기타,교차로 - 교차로부근,승용,남,34세,상해없음,승용,여,40세,경상
2018031700100624,2018년 3월 17일 23시,토요일,광주광역시 북구 신안동,경상사고,0,0,1,0,차대차 - 기타,신호위반,건조,맑음,교차로 - 교차로안,승용,남,62세,상해없음,이륜,남,19세,경상
2018031800100054,2018년 3월 18일 03시,일요일,광주광역시 동구 학동,경상사고,0,0,2,0,차대차 - 기타,안전운전불이행,건조,맑음,단일로 - 기타,승용,남,48세,상해없음,원동기,남,20세,경상
2018031800100079,2018년 3월 18일 06시,일요일,광주광역시 광산구 쌍암동,중상사고,0,1,1,0,차대차 - 측면충돌,신호위반,건조,맑음,교차로 - 교차로안,승용,남,32세,상해없음,승용,남,65세,중상
2018031800100115,2018년 3월 18일 09시,일요일,광주광역시 북구 신용동,경상사고,0,0,1,0,차대차 - 기타,안전운전불이행,건조,맑음,단일로 - 기타,자전거,남,17세,경상,기타불명,기타불명,미분류,기타불명
2018031800100161,2018년 3월 18일 12시,일요일,광주광역시 서구 광천동,경상사고,0,0,1,0,차대차 - 측면충돌,안전거리미확보,건조,맑음,교차로 - 교차로부근,승합,남,58세,상해없음,승용,남,31세,경상
2018031800100162,2018년 3월 18일 12시,일요일,광주광역시 광산구 운남동,경상사고,0,0,1,0,차대차 - 기타,교차로운행방법위반,건조,맑음,교차로 - 교차로안,화물,남,42세,상해없음,승용,여,43세,경상
2018031800100271,2018년 3월 18일 16시,일요일,광주광역시 서구 치평동,경상사고,0,0,3,0,차대차 - 측면충돌,직진우회전진행방해,젖음/습기,비,교차로 - 교차로안,승용,남,54세,경상,승용,남,67세,경상
2018031800100272,2018년 3월 18일 16시,일요일,광주광역시 남구 송하동,경상사고,0,0,1,0,차대사람 - 횡단중,보행자보호의무위반,건조,맑음,교차로 - 교차로횡단보도내,승용,여,59세,상해없음,보행자,남,67세,경상
2018031800100295,2018년 3월 18일 17시,일요일,광주광역시 동구 계림동,경상사고,0,0,1,0,차대차 - 추돌,안전운전불이행,젖음/습기,비,단일로 - 기타,승용,여,35세,상해없음,승용,남,74세,상해없음
2018031800100296,2018년 3월 18일 17시,일요일,광주광역시 광산구 안청동,중상사고,0,1,1,0,차대차 - 측면충돌,교차로운행방법위반,젖음/습기,비,교차로 - 교차로안,승용,남,46세,경상,승용,남,42세,중상
2018031800100326,2018년 3월 18일 18시,일요일,광주광역시 서구 광천동,경상사고,0,0,3,0,차대차 - 측면충돌,교차로운행방법위반,건조,맑음,교차로 - 교차로안,승용,남,63세,상해없음,승용,남,25세,상해없음
2018031800100423,2018년 3월 18일 21시,일요일,광주광역시 서구 광천동,경상사고,0,0,2,2,차대차 - 측면충돌,차로위반,건조,흐림,단일로 - 기타,승용,남,61세,경상,승용,남,55세,경상
2018031800100424,2018년 3월 18일 21시,일요일,광주광역시 광산구 월곡동,경상사고,0,0,2,0,차대차 - 기타,안전운전불이행,젖음/습기,비,교차로 - 교차로부근,승용,기타불명,미분류,기타불명,승용,남,59세,경상
2018031900100018,2018년 3월 19일 01시,월요일,광주광역시 서구 쌍촌동,경상사고,0,0,4,0,차대차 - 기타,안전운전불이행,젖음/습기,비,단일로 - 기타,승용,남,24세,상해없음,승용,남,34세,상해없음
2018031900100019,2018년 3월 19일 01시,월요일,광주광역시 북구 유동,부상신고사고,0,0,0,1,차대차 - 측면충돌,안전운전불이행,젖음/습기,비,단일로 - 기타,승용,남,66세,상해없음,승용,남,37세,부상신고
2018031900100088,2018년 3월 19일 07시,월요일,광주광역시 서구 화정동,중상사고,0,2,2,0,차대차 - 측면충돌,안전운전불이행,건조,맑음,단일로 - 기타,승용,남,30세,상해없음,승합,남,38세,경상
2018031900100089,2018년 3월 19일 07시,월요일,광주광역시 북구 대촌동,경상사고,0,0,1,0,차대차 - 측면충돌,안전운전불이행,건조,맑음,교차로 - 교차로안,승용,남,55세,상해없음,화물,남,49세,경상
2018031900100090,2018년 3월 19일 07시,월요일,광주광역시 북구 우산동,경상사고,0,0,1,1,차대차 - 측면충돌,직진우회전진행방해,젖음/습기,비,교차로 - 교차로안,승용,남,29세,경상,승용,남,62세,부상신고
2018031900100115,2018년 3월 19일 08시,월요일,광주광역시 북구 운암동,경상사고,0,0,1,0,차대차 - 기타,안전거리미확보,건조,맑음,단일로 - 기타,승용,남,27세,상해없음,승용,여,35세,경상
2018031900100122,2018년 3월 19일 08시,월요일,광주광역시 동구 산수동,경상사고,0,0,1,0,차대차 - 측면충돌,기타,젖음/습기,비,단일로 - 기타,승용,남,25세,상해없음,이륜,남,65세,경상
2018031900100123,2018년 3월 19일 08시,월요일,광주광역시 광산구 도천동,경상사고,0,0,1,0,차대차 - 기타,안전거리미확보,젖음/습기,비,교차로 - 교차로부근,승용,여,46세,상해없음,화물,남,24세,경상
2018031900100148,2018년 3월 19일 09시,월요일,광주광역시 남구 월산동,중상사고,0,1,0,0,차대사람 - 기타,안전운전불이행,건조,맑음,단일로 - 기타,화물,남,50세,상해없음,보행자,남,50세,중상
2018031900100183,2018년 3월 19일 10시,월요일,광주광역시 북구 누문동,경상사고,0,0,2,0,차대차 - 측면충돌,안전운전불이행,젖음/습기,비,단일로 - 기타,화물,남,56세,상해없음,승용,남,68세,경상
2018031900100205,2018년 3월 19일 11시,월요일,광주광역시 북구 두암동,경상사고,0,0,1,0,차대차 - 기타,안전거리미확보,건조,맑음,단일로 - 기타,승용,남,56세,상해없음,승합,남,62세,상해없음
2018031900100234,2018년 3월 19일 12시,월요일,광주광역시 서구 농성동,경상사고,0,0,3,0,차대차 - 측면충돌,중앙선침범,젖음/습기,비,단일로 - 기타,승용,여,70세,상해없음,화물,남,48세,경상
2018031900100280,2018년 3월 19일 14시,월요일,광주광역시 남구 송하동,중상사고,0,1,1,0,차대차 - 측면충돌,교차로운행방법위반,건조,맑음,교차로 - 교차로안,승용,여,63세,경상,승용,여,66세,중상
2018031900100306,2018년 3월 19일 15시,월요일,광주광역시 동구 금남로5가,경상사고,0,0,1,0,차대사람 - 횡단중,안전운전불이행,젖음/습기,흐림,단일로 - 기타,승용,남,65세,상해없음,보행자,여,34세,경상
2018031900100307,2018년 3월 19일 15시,월요일,광주광역시 북구 두암동,경상사고,0,0,1,0,차대사람 - 기타,안전운전불이행,젖음/습기,비,단일로 - 기타,승용,남,51세,상해없음,보행자,여,57세,경상
2018031900100308,2018년 3월 19일 15시,월요일,광주광역시 북구 양산동,경상사고,0,0,2,0,차대차 - 측면충돌,차로위반,건조,맑음,단일로 - 기타,승용,여,49세,상해없음,승용,남,25세,경상
2018031900100377,2018년 3월 19일 17시,월요일,광주광역시 북구 오치동,경상사고,0,0,2,0,차대차 - 추돌,안전거리미확보,건조,맑음,단일로 - 기타,승용,남,69세,상해없음,승용,남,38세,경상
2018031900100378,2018년 3월 19일 17시,월요일,광주광역시 광산구 월계동,경상사고,0,0,1,0,차대차 - 측면충돌,안전운전불이행,건조,맑음,단일로 - 기타,화물,남,36세,상해없음,승용,남,39세,경상
2018031900100413,2018년 3월 19일 18시,월요일,광주광역시 광산구 수완동,경상사고,0,0,1,0,차대사람 - 횡단중,신호위반,젖음/습기,비,교차로 - 교차로횡단보도내,기타불명,기타불명,미분류,기타불명,보행자,남,14세,경상
2018031900100414,2018년 3월 19일 18시,월요일,광주광역시 광산구 장덕동,경상사고,0,0,1,0,차대차 - 측면충돌,안전운전불이행,건조,맑음,단일로 - 기타,승용,남,52세,상해없음,이륜,남,41세,경상
2018031900100459,2018년 3월 19일 19시,월요일,광주광역시 북구 용두동,중상사고,0,1,0,0,차대사람 - 횡단중,보행자보호의무위반,건조,맑음,단일로 - 기타,승용,여,49세,상해없음,보행자,남,53세,중상
2018031900100497,2018년 3월 19일 20시,월요일,광주광역시 동구 계림동,경상사고,0,0,2,0,차대차 - 추돌,안전거리미확보,건조,맑음,단일로 - 기타,승용,남,53세,상해없음,승용,남,32세,경상
2018031900100498,2018년 3월 19일 20시,월요일,광주광역시 북구 운암동,중상사고,0,1,0,0,차대차 - 측면충돌,신호위반,젖음/습기,맑음,교차로 - 교차로안,승용,남,35세,상해없음,승용,남,58세,중상
2018031900100533,2018년 3월 19일 21시,월요일,광주광역시 서구 치평동,중상사고,0,2,1,0,차대차 - 기타,과속,젖음/습기,흐림,단일로 - 기타,승용,남,43세,경상,승용,남,28세,중상
2018031900100534,2018년 3월 19일 21시,월요일,광주광역시 서구 화정동,경상사고,0,0,2,0,차대차 - 추돌,안전운전불이행,젖음/습기,비,단일로 - 기타,승용,남,56세,상해없음,승용,여,29세,경상
2018031900100535,2018년 3월 19일 21시,월요일,광주광역시 서구 풍암동,경상사고,0,0,1,0,차대차 - 기타,안전운전불이행,건조,맑음,단일로 - 기타,승용,남,45세,상해없음,승용,남,31세,경상
2018032000100011,2018년 3월 20일 00시,화요일,광주광역시 서구 치평동,경상사고,0,0,1,0,차대차 - 측면충돌,신호위반,건조,맑음,교차로 - 교차로안,화물,남,51세,상해없음,승용,남,34세,경상
2018032000100014,2018년 3월 20일 01시,화요일,광주광역시 동구 금동,경상사고,0,0,1,0,차대사람 - 길가장자리구역통행중,안전운전불이행,건조,맑음,단일로 - 기타,승용,남,20세,상해없음,보행자,여,20세,경상
2018032000100023,2018년 3월 20일 02시,화요일,광주광역시 서구 치평동,경상사고,0,0,2,0,차대차 - 기타,신호위반,건조,맑음,교차로 - 교차로안,승용,여,36세,상해없음,승용,남,55세,경상
2018032000100035,2018년 3월 20일 04시,화요일,광주광역시 서구 쌍촌동,경상사고,0,0,1,0,차대사람 - 횡단중,안전운전불이행,건조,맑음,단일로 - 기타,승용,남,47세,상해없음,보행자,남,53세,경상
2018032000100036,2018년 3월 20일 04시,화요일,광주광역시 서구 풍암동,경상사고,0,0,3,0,차대차 - 기타,직진우회전진행방해,건조,맑음,교차로 - 교차로안,승용,남,54세,경상,승용,남,59세,경상
2018032000100061,2018년 3월 20일 06시,화요일,광주광역시 서구 광천동,중상사고,0,1,1,0,차대차 - 측면충돌,신호위반,건조,맑음,교차로 - 교차로안,이륜,남,60세,중상,승용,남,58세,상해없음
2018032000100085,2018년 3월 20일 07시,화요일,광주광역시 북구 신용동,경상사고,0,0,2,0,차대차 - 측면충돌,안전운전불이행,건조,맑음,단일로 - 기타,승용,남,57세,경상,승용,남,45세,경상
2018032000100126,2018년 3월 20일 08시,화요일,광주광역시 서구 쌍촌동,경상사고,0,0,1,0,차대사람 - 보도통행중,신호위반,건조,맑음,교차로 - 교차로안,승용,남,36세,상해없음,보행자,남,44세,경상
2018032000100127,2018년 3월 20일 08시,화요일,광주광역시 북구 운암동,경상사고,0,0,1,0,차대차 - 측면충돌,안전운전불이행,건조,맑음,단일로 - 기타,승용,여,55세,상해없음,자전거,남,83세,경상
2018032000100215,2018년 3월 20일 11시,화요일,광주광역시 광산구 신촌동,사망사고,1,0,1,0,차대차 - 추돌,안전거리미확보,건조,맑음,단일로 - 기타,원동기,남,88세,사망,승용,남,66세,경상
2018032000100267,2018년 3월 20일 13시,화요일,광주광역시 서구 매월동,경상사고,0,0,2,0,차대차 - 후진중충돌,불법유턴,건조,맑음,기타 - 기타,승용,남,73세,상해없음,승용,남,35세,경상
2018032000100294,2018년 3월 20일 14시,화요일,광주광역시 동구 학동,경상사고,0,0,1,0,차대차 - 추돌,안전거리미확보,건조,맑음,단일로 - 기타,승용,남,61세,상해없음,승용,여,38세,경상
2018032000100323,2018년 3월 20일 15시,화요일,광주광역시 광산구 소촌동,경상사고,0,0,2,0,차대차 - 기타,차로위반,건조,맑음,교차로 - 교차로부근,화물,남,39세,상해없음,승용,남,37세,경상
2018032000100348,2018년 3월 20일 16시,화요일,광주광역시 북구 두암동,중상사고,0,1,1,0,차대차 - 기타,안전운전불이행,건조,맑음,단일로 - 기타,이륜,남,21세,경상,승용,남,65세,중상
2018032000100349,2018년 3월 20일 16시,화요일,광주광역시 광산구 수완동,경상사고,0,0,1,0,차대차 - 추돌,안전운전불이행,건조,맑음,단일로 - 기타,승용,남,54세,상해없음,승용,남,23세,경상
2018032000100385,2018년 3월 20일 17시,화요일,광주광역시 광산구 신창동,중상사고,0,1,0,0,차대사람 - 횡단중,보행자보호의무위반,건조,맑음,교차로 - 교차로안,승용,여,43세,상해없음,보행자,남,15세,중상
2018032000100429,2018년 3월 20일 18시,화요일,광주광역시 서구 화정동,경상사고,0,0,1,0,차대차 - 기타,기타,건조,맑음,단일로 - 기타,원동기,남,51세,상해없음,자전거,남,17세,경상
2018032000100430,2018년 3월 20일 18시,화요일,광주광역시 광산구 산정동,경상사고,0,0,1,0,차대차 - 정면충돌,신호위반,건조,맑음,교차로 - 교차로안,이륜,남,47세,상해없음,승용,남,33세,경상
2018032000100496,2018년 3월 20일 20시,화요일,광주광역시 북구 매곡동,경상사고,0,0,1,0,차대차 - 기타,교차로운행방법위반,젖음/습기,비,교차로 - 교차로안,승용,남,48세,상해없음,이륜,남,38세,경상
2018032000100531,2018년 3월 20일 21시,화요일,광주광역시 동구 장동,경상사고,0,0,1,0,차대차 - 측면충돌,안전거리미확보,젖음/습기,비,단일로 - 기타,승용,남,59세,상해없음,승합,남,41세,상해없음
2018032000100532,2018년 3월 20일 21시,화요일,광주광역시 광산구 장덕동,경상사고,0,0,1,0,차대차 - 추돌,안전거리미확보,젖음/습기,비,단일로 - 기타,승용,남,47세,상해없음,승용,남,57세,경상
2018032000100555,2018년 3월 20일 22시,화요일,광주광역시 남구 주월동,중상사고,0,1,0,0,차대사람 - 기타,안전운전불이행,건조,맑음,교차로 - 교차로안,승용,남,34세,상해없음,보행자,여,47세,중상
2018032000100556,2018년 3월 20일 22시,화요일,광주광역시 북구 운암동,경상사고,0,0,3,0,차대차 - 추돌,안전운전불이행,젖음/습기,비,단일로 - 기타,승용,남,54세,경상,승용,여,56세,경상
2018032100100014,2018년 3월 21일 00시,수요일,광주광역시 광산구 운남동,중상사고,0,1,0,0,차대사람 - 횡단중,안전운전불이행,젖음/습기,비,교차로 - 교차로안,승용,남,47세,상해없음,보행자,남,18세,중상
2018032100100025,2018년 3월 21일 01시,수요일,광주광역시 남구 구동,경상사고,0,0,2,0,차대차 - 측면충돌,신호위반,젖음/습기,비,교차로 - 교차로안,승용,남,18세,상해없음,승용,남,55세,경상
2018032100100026,2018년 3월 21일 01시,수요일,광주광역시 북구 우산동,경상사고,0,0,1,0,차대사람 - 길가장자리구역통행중,안전운전불이행,젖음/습기,비,단일로 - 기타,이륜,남,52세,상해없음,보행자,여,50세,경상
2018032100100041,2018년 3월 21일 03시,수요일,광주광역시 북구 문흥동,부상신고사고,0,0,0,1,차대차 - 측면충돌,중앙선침범,젖음/습기,비,단일로 - 기타,승용,남,67세,상해없음,승용,남,42세,부상신고
2018032100100131,2018년 3월 21일 08시,수요일,광주광역시 서구 마륵동,경상사고,0,0,1,0,차대차 - 측면충돌,교차로운행방법위반,젖음/습기,비,교차로 - 교차로안,승용,남,63세,상해없음,이륜,남,20세,경상
2018032100100132,2018년 3월 21일 08시,수요일,광주광역시 북구 양산동,경상사고,0,0,1,1,차대차 - 측면충돌,차로위반,건조,맑음,단일로 - 기타,승용,남,39세,상해없음,승용,여,42세,부상신고
2018032100100242,2018년 3월 21일 13시,수요일,광주광역시 북구 동림동,경상사고,0,0,1,0,차대사람 - 기타,안전운전불이행,건조,맑음,단일로 - 기타,승용,남,24세,상해없음,보행자,남,10세,경상
2018032100100243,2018년 3월 21일 13시,수요일,광주광역시 광산구 수완동,중상사고,0,1,0,0,차대차 - 측면충돌,안전거리미확보,건조,맑음,단일로 - 기타,승용,여,53세,상해없음,이륜,남,70세,중상
2018032100100274,2018년 3월 21일 14시,수요일,광주광역시 남구 주월동,경상사고,0,0,1,0,차대차 - 추돌,안전운전불이행,건조,맑음,단일로 - 기타,승합,남,65세,상해없음,승용,여,24세,경상
2018032100100307,2018년 3월 21일 15시,수요일,광주광역시 광산구 하산동,경상사고,0,0,1,0,차대차 - 측면충돌,안전거리미확보,젖음/습기,흐림,단일로 - 교량,화물,남,45세,상해없음,승용,남,23세,경상
2018032100100338,2018년 3월 21일 16시,수요일,광주광역시 남구 방림동,경상사고,0,0,1,0,차대사람 - 기타,안전운전불이행,건조,맑음,단일로 - 기타,승용,여,48세,상해없음,보행자,여,52세,경상
2018032100100339,2018년 3월 21일 16시,수요일,광주광역시 광산구 송정동,경상사고,0,0,1,0,차대사람 - 기타,신호위반,건조,흐림,단일로 - 기타,승용,남,27세,상해없음,보행자,남,52세,경상
2018032100100377,2018년 3월 21일 17시,수요일,광주광역시 광산구 수완동,경상사고,0,0,1,0,차대차 - 측면충돌,신호위반,젖음/습기,비,교차로 - 교차로안,승용,여,36세,상해없음,이륜,남,23세,경상