사고번호,사고일시,요일,시군구,사고내용,사망자수,중상자수,경상자수,부상신고자수,사고유형,법규위반,노면상태,기상상태,도로형태,가해운전자 차종,가해운전자 성별,가해운전자 연령,가해운전자 상해정도,피해운전자 차종,피해운전자 성별,피해운전자 연령,피해운전자 상해정도
2018032800100492,2018년 3월 28일 19시,수요일,광주광역시 광산구 장덕동,경상사고,0,0,2,0,차대차 - 측면충돌,교차로운행방법위반,건조,맑음,교차로 - 교차로안,승용,여,53세,경상,승용,남,26세,경상
2018032800100527,2018년 3월 28일 20시,수요일,광주광역시 북구 문흥동,중상사고,0,1,1,0,차대차 - 측면충돌,신호위반,건조,맑음,교차로 - 교차로안,원동기,남,19세,중상,원동기,남,17세,경상
2018032800100528,2018년 3월 28일 20시,수요일,광주광역시 북구 용봉동,중상사고,0,1,0,0,차대차 - 기타,안전운전불이행,건조,맑음,교차로 - 교차로안,승용,여,57세,상해없음,이륜,남,18세,중상
2018032800100575,2018년 3월 28일 22시,수요일,광주광역시 광산구 운남동,중상사고,0,1,7,0,차대차 - 추돌,안전운전불이행,건조,맑음,교차로 - 교차로부근,승용,남,42세,상해없음,승용,남,51세,경상
2018032900100015,2018년 3월 29일 00시,목요일,광주광역시 서구 쌍촌동,경상사고,0,0,1,0,차대차 - 후진중충돌,안전운전불이행,건조,맑음,교차로 - 교차로안,승용,남,47세,상해없음,승용,남,25세,경상
2018032900100016,2018년 3월 29일 00시,목요일,광주광역시 북구 동림동,경상사고,0,0,2,0,차대차 - 기타,신호위반,건조,맑음,교차로 - 교차로안,이륜,남,24세,경상,승용,남,61세,경상
2018032900100031,2018년 3월 29일 01시,목요일,광주광역시 남구 월산동,경상사고,0,0,1,0,차대차 - 측면충돌,안전거리미확보,건조,맑음,단일로 - 기타,승용,남,64세,상해없음,승용,남,62세,상해없음
2018032900100163,2018년 3월 29일 09시,목요일,광주광역시 남구 백운동,중상사고,0,1,0,0,차대사람 - 횡단중,신호위반,건조,맑음,단일로 - 기타,승합,남,49세,상해없음,보행자,여,68세,중상
2018032900100194,2018년 3월 29일 10시,목요일,광주광역시 서구 치평동,경상사고,0,0,1,0,차대차 - 추돌,안전운전불이행,건조,맑음,단일로 - 기타,승용,남,61세,상해없음,승용,여,45세,경상
2018032900100277,2018년 3월 29일 13시,목요일,광주광역시 동구 용산동,경상사고,0,0,1,0,차대차 - 기타,안전운전불이행,건조,맑음,단일로 - 기타,자전거,남,67세,경상,승용,여,32세,상해없음
2018032900100342,2018년 3월 29일 15시,목요일,광주광역시 북구 중흥동,경상사고,0,0,1,0,차대사람 - 횡단중,보행자보호의무위반,건조,맑음,교차로 - 교차로횡단보도내,승용,남,60세,상해없음,보행자,남,29세,경상
2018032900100343,2018년 3월 29일 15시,목요일,광주광역시 광산구 산정동,중상사고,0,1,0,0,차대사람 - 횡단중,안전운전불이행,건조,맑음,단일로 - 기타,승용,남,32세,상해없음,보행자,여,53세,중상
2018032900100457,2018년 3월 29일 18시,목요일,광주광역시 남구 주월동,경상사고,0,0,1,0,차대차 - 측면충돌,신호위반,건조,맑음,교차로 - 교차로횡단보도내,승용,남,67세,상해없음,자전거,남,59세,경상
2018032900100458,2018년 3월 29일 18시,목요일,광주광역시 북구 용봉동,경상사고,0,0,1,0,차대차 - 기타,안전운전불이행,건조,맑음,단일로 - 기타,이륜,기타불명,미분류,기타불명,자전거,여,25세,경상
2018032900100489,2018년 3월 29일 19시,목요일,광주광역시 서구 광천동,경상사고,0,0,1,0,차대차 - 측면충돌,교차로운행방법위반,건조,맑음,교차로 - 교차로안,승용,여,27세,상해없음,승용,남,63세,경상
2018032900100490,2018년 3월 29일 19시,목요일,광주광역시 북구 용봉동,중상사고,0,1,1,0,차대차 - 측면충돌,신호위반,건조,맑음,교차로 - 교차로안,원동기,남,26세,경상,원동기,남,28세,중상
2018032900100491,2018년 3월 29일 19시,목요일,광주광역시 광산구 쌍암동,중상사고,0,1,1,0,차대차 - 기타,신호위반,건조,맑음,교차로 - 교차로안,사륜오토바이(ATV),남,86세,중상,승용,남,40세,상해없음
2018032900100568,2018년 3월 29일 21시,목요일,광주광역시 북구 양산동,경상사고,0,0,1,0,차대사람 - 기타,안전운전불이행,건조,맑음,교차로 - 교차로부근,기타불명,기타불명,미분류,기타불명,보행자,남,36세,경상
2018032900100597,2018년 3월 29일 22시,목요일,광주광역시 북구 동림동,경상사고,0,0,2,0,차대차 - 추돌,안전거리미확보,건조,맑음,단일로 - 기타,승용,남,38세,상해없음,승합,남,46세,경상
2018033000100016,2018년 3월 30일 00시,금요일,광주광역시 북구 동림동,경상사고,0,0,1,0,차대차 - 추돌,안전거리미확보,건조,맑음,교차로 - 교차로안,승용,남,43세,상해없음,승용,남,57세,경상
2018033000100017,2018년 3월 30일 00시,금요일,광주광역시 북구 일곡동,경상사고,0,0,1,0,차대차 - 측면충돌,신호위반,건조,맑음,교차로 - 교차로안,승용,남,65세,상해없음,승용,남,35세,경상
2018033000100018,2018년 3월 30일 00시,금요일,광주광역시 북구 장등동,경상사고,0,0,2,0,차대차 - 측면충돌,신호위반,건조,맑음,교차로 - 교차로안,승용,여,58세,상해없음,승용,여,49세,경상
2018033000100052,2018년 3월 30일 03시,금요일,광주광역시 광산구 신촌동,중상사고,0,1,1,0,차대사람 - 기타,안전운전불이행,건조,맑음,단일로 - 기타,승용,여,40세,상해없음,보행자,남,17세,경상
2018033000100076,2018년 3월 30일 06시,금요일,광주광역시 북구 임동,중상사고,0,1,0,0,차대차 - 측면충돌,안전운전불이행,건조,맑음,단일로 - 기타,자전거,남,77세,중상,승용,여,57세,상해없음
2018033000100097,2018년 3월 30일 07시,금요일,광주광역시 서구 덕흥동,경상사고,0,0,2,0,차대차 - 측면충돌,안전거리미확보,건조,맑음,단일로 - 기타,화물,남,60세,상해없음,승용,남,33세,경상
2018033000100163,2018년 3월 30일 09시,금요일,광주광역시 광산구 선암동,경상사고,0,0,1,0,차대차 - 측면충돌,차로위반,건조,맑음,단일로 - 기타,건설기계,남,41세,상해없음,승용,여,28세,경상
2018033000100227,2018년 3월 30일 11시,금요일,광주광역시 광산구 비아동,경상사고,0,0,1,0,차대차 - 추돌,안전운전불이행,건조,맑음,교차로 - 교차로부근,승용,여,47세,상해없음,승용,남,47세,경상
2018033000100249,2018년 3월 30일 12시,금요일,광주광역시 북구 동림동,경상사고,0,0,3,0,차대차 - 측면충돌,중앙선침범,건조,맑음,교차로 - 교차로부근,승용,남,38세,경상,승용,여,58세,경상
2018033000100287,2018년 3월 30일 13시,금요일,광주광역시 북구 용봉동,경상사고,0,0,1,0,차대차 - 측면충돌,안전운전불이행,건조,맑음,교차로 - 교차로안,승합,남,44세,상해없음,승용,남,27세,경상
2018033000100288,2018년 3월 30일 13시,금요일,광주광역시 광산구 송정동,중상사고,0,1,0,0,차대사람 - 횡단중,안전운전불이행,건조,맑음,교차로 - 교차로횡단보도내,승용,남,72세,상해없음,보행자,여,76세,중상
2018033000100321,2018년 3월 30일 14시,금요일,광주광역시 북구 운암동,경상사고,0,0,1,0,차대사람 - 차도통행중,안전운전불이행,건조,맑음,단일로 - 기타,승용,여,59세,상해없음,보행자,남,9세,경상
2018033000100352,2018년 3월 30일 15시,금요일,광주광역시 광산구 수완동,경상사고,0,0,1,0,차대차 - 측면충돌,안전거리미확보,건조,맑음,단일로 - 기타,승용,남,20세,상해없음,화물,남,49세,경상
2018033000100396,2018년 3월 30일 16시,금요일,광주광역시 광산구 산정동,경상사고,0,0,1,0,차대차 - 측면충돌,교차로운행방법위반,건조,맑음,교차로 - 교차로안,자전거,남,13세,경상,화물,남,55세,상해없음
2018033000100442,2018년 3월 30일 17시,금요일,광주광역시 남구 월산동,중상사고,0,1,0,0,차대차 - 기타,안전거리미확보,건조,맑음,단일로 - 기타,이륜,남,55세,중상,승용,남,52세,상해없음
2018033000100498,2018년 3월 30일 18시,금요일,광주광역시 서구 유촌동,경상사고,0,0,3,0,차대차 - 추돌,안전운전불이행,건조,맑음,단일로 - 기타,승용,남,57세,상해없음,승용,남,45세,경상
2018033000100499,2018년 3월 30일 18시,금요일,광주광역시 북구 신안동,경상사고,0,0,2,0,차대차 - 추돌,안전운전불이행,건조,맑음,단일로 - 기타,승용,여,22세,상해없음,승용,남,23세,경상
2018033000100532,2018년 3월 30일 19시,금요일,광주광역시 서구 서창동,경상사고,0,0,1,0,차대차 - 측면충돌,안전운전불이행,건조,맑음,교차로 - 교차로안,승용,여,47세,상해없음,승용,여,62세,경상
2018033000100533,2018년 3월 30일 19시,금요일,광주광역시 북구 용봉동,중상사고,0,1,0,0,차대사람 - 횡단중,안전운전불이행,건조,맑음,단일로 - 기타,승용,여,55세,상해없음,보행자,여,50세,중상
2018033000100534,2018년 3월 30일 19시,금요일,광주광역시 북구 중흥동,중상사고,0,1,0,1,차대사람 - 기타,안전운전불이행,건조,맑음,단일로 - 기타,이륜,남,27세,부상신고,보행자,여,4세,중상
2018033000100604,2018년 3월 30일 21시,금요일,광주광역시 서구 치평동,경상사고,0,0,1,0,차대차 - 추돌,안전거리미확보,건조,맑음,교차로 - 교차로부근,승용,여,28세,상해없음,승용,여,47세,경상
2018033000100605,2018년 3월 30일 21시,금요일,광주광역시 북구 용두동,중상사고,0,1,0,0,차대사람 - 기타,안전운전불이행,건조,맑음,단일로 - 기타,승용,남,67세,상해없음,보행자,여,44세,중상
2018033000100628,2018년 3월 30일 22시,금요일,광주광역시 남구 주월동,중상사고,0,1,0,0,차대차 - 기타,교차로운행방법위반,건조,맑음,교차로 - 교차로안,승용,남,63세,상해없음,자전거,남,13세,중상
2018033000100629,2018년 3월 30일 22시,금요일,광주광역시 북구 문흥동,경상사고,0,0,1,0,차대사람 - 횡단중,안전운전불이행,건조,맑음,교차로 - 교차로부근,기타불명,기타불명,미분류,기타불명,보행자,남,18세,경상
2018033100100024,2018년 3월 31일 00시,토요일,광주광역시 광산구 산정동,중상사고,0,1,0,0,차대사람 - 횡단중,신호위반,건조,맑음,교차로 - 교차로횡단보도내,승용,남,26세,상해없음,보행자,남,39세,중상
2018033100100051,2018년 3월 31일 02시,토요일,광주광역시 북구 유동,경상사고,0,0,3,0,차대차 - 측면충돌,신호위반,건조,맑음,교차로 - 교차로안,승용,남,39세,상해없음,승용,남,48세,상해없음
2018033100100081,2018년 3월 31일 05시,토요일,광주광역시 동구 금남로5가,경상사고,0,0,2,0,차대차 - 기타,신호위반,건조,맑음,교차로 - 교차로안,승용,남,20세,상해없음,승용,남,63세,경상
2018033100100102,2018년 3월 31일 07시,토요일,광주광역시 광산구 월계동,중상사고,0,1,4,0,차대차 - 측면충돌,안전운전불이행,건조,맑음,교차로 - 교차로안,승용,남,29세,상해없음,승용,남,27세,경상
2018033100100146,2018년 3월 31일 09시,토요일,광주광역시 광산구 운수동,경상사고,0,0,4,0,차대차 - 기타,안전운전불이행,건조,맑음,교차로 - 교차로안,건설기계,남,55세,경상,승용,남,47세,경상
2018033100100203,2018년 3월 31일 11시,토요일,광주광역시 서구 농성동,경상사고,0,0,1,0,차대차 - 측면충돌,안전운전불이행,건조,맑음,교차로 - 교차로안,승용,남,23세,상해없음,승용,남,50세,경상
2018033100100233,2018년 3월 31일 12시,토요일,광주광역시 서구 화정동,경상사고,0,0,1,0,차대차 - 측면충돌,안전운전불이행,건조,맑음,단일로 - 기타,화물,남,32세,상해없음,승합,남,57세,경상
2018033100100234,2018년 3월 31일 12시,토요일,광주광역시 북구 중흥동,사망사고,1,0,0,0,차대차 - 측면충돌,기타,건조,맑음,단일로 - 기타,승용,남,65세,상해없음,이륜,남,23세,사망
2018033100100277,2018년 3월 31일 13시,토요일,광주광역시 서구 유촌동,경상사고,0,0,1,0,차대차 - 추돌,안전운전불이행,건조,맑음,단일로 - 기타,승용,여,43세,상해없음,승용,남,36세,경상
2018033100100317,2018년 3월 31일 14시,토요일,광주광역시 북구 문흥동,경상사고,0,0,1,0,차대사람 - 기타,안전운전불이행,건조,맑음,교차로 - 교차로횡단보도내,승용,여,44세,상해없음,보행자,여,64세,경상
2018033100100318,2018년 3월 31일 14시,토요일,광주광역시 광산구 장덕동,경상사고,0,0,1,0,차대사람 - 횡단중,안전운전불이행,건조,맑음,단일로 - 기타,승용,남,45세,상해없음,보행자,여,6세,경상
2018033100100354,2018년 3월 31일 15시,토요일,광주광역시 서구 유촌동,경상사고,0,0,1,0,차대사람 - 기타,안전운전불이행,건조,맑음,단일로 - 기타,승용,남,47세,상해없음,보행자,여,12세,경상
2018033100100355,2018년 3월 31일 15시,토요일,광주광역시 광산구 도덕동,중상사고,0,1,5,0,차대차 - 추돌,안전운전불이행,건조,맑음,단일로 - 기타,승용,남,38세,상해없음,화물,남,51세,상해없음
2018033100100392,2018년 3월 31일 16시,토요일,광주광역시 서구 쌍촌동,경상사고,0,0,1,0,차대사람 - 보도통행중,보행자보호의무위반,건조,맑음,교차로 - 교차로횡단보도내,승용,남,18세,상해없음,보행자,남,27세,경상
2018033100100393,2018년 3월 31일 16시,토요일,광주광역시 서구 벽진동,경상사고,0,0,1,0,차대차 - 추돌,안전운전불이행,건조,맑음,교차로 - 교차로부근,승용,남,38세,상해없음,승용,남,38세,경상
2018033100100394,2018년 3월 31일 16시,토요일,광주광역시 광산구 신창동,경상사고,0,0,1,0,차대차 - 측면충돌,안전운전불이행,건조,맑음,단일로 - 기타,화물,남,40세,상해없음,승용,남,26세,경상
2018033100100424,2018년 3월 31일 17시,토요일,광주광역시 북구 오치동,중상사고,0,1,0,0,차대사람 - 횡단중,안전운전불이행,건조,맑음,단일로 - 기타,승용,남,47세,상해없음,보행자,여,70세,중상
2018033100100460,2018년 3월 31일 18시,토요일,광주광역시 서구 화정동,경상사고,0,0,1,0,차대차 - 측면충돌,안전운전불이행,건조,맑음,단일로 - 기타,승용,남,34세,기타불명,원동기,남,26세,경상
2018033100100461,2018년 3월 31일 18시,토요일,광주광역시 광산구 월곡동,부상신고사고,0,0,0,1,차대차 - 측면충돌,안전운전불이행,건조,맑음,단일로 - 기타,화물,남,67세,상해없음,승용,여,39세,부상신고
2018033100100494,2018년 3월 31일 19시,토요일,광주광역시 북구 용봉동,경상사고,0,0,2,0,차대차 - 기타,안전운전불이행,건조,맑음,교차로 - 교차로안,승용,남,51세,상해없음,승용,남,33세,경상
2018033100100495,2018년 3월 31일 19시,토요일,광주광역시 광산구 신촌동,경상사고,0,0,1,0,차대사람 - 차도통행중,안전운전불이행,건조,맑음,교차로 - 교차로부근,승용,남,57세,상해없음,보행자,여,58세,경상
2018033100100586,2018년 3월 31일 22시,토요일,광주광역시 서구 화정동,경상사고,0,0,1,0,차대차 - 측면충돌,중앙선침범,건조,맑음,단일로 - 기타,승용,남,65세,상해없음,이륜,남,21세,경상
2018033100100587,2018년 3월 31일 22시,토요일,광주광역시 남구 백운동,경상사고,0,0,3,0,차대차 - 추돌,안전운전불이행,건조,맑음,단일로 - 기타,승용,남,18세,상해없음,승용,남,56세,경상
2018040100100018,2018년 4월 1일 00시,일요일,광주광역시 동구 금동,경상사고,0,0,3,0,차대차 - 후진중충돌,안전운전불이행,건조,맑음,기타 - 기타,승용,남,19세,상해없음,승용,남,20세,경상
2018040100100039,2018년 4월 1일 01시,일요일,광주광역시 북구 일곡동,경상사고,0,0,4,0,차대차 - 측면충돌,안전거리미확보,건조,맑음,교차로 - 교차로부근,승용,남,20세,상해없음,승용,남,23세,경상
2018040100100057,2018년 4월 1일 02시,일요일,광주광역시 북구 운암동,경상사고,0,0,1,0,차량단독 - 전도전복 - 전도,안전운전불이행,건조,맑음,단일로 - 고가도로위,승용,남,47세,경상,미분류,미분류,미분류,미분류
2018040100100151,2018년 4월 1일 10시,일요일,광주광역시 북구 유동,경상사고,0,0,1,0,차대차 - 측면충돌,교차로운행방법위반,건조,맑음,교차로 - 교차로부근,승용,남,56세,상해없음,승용,남,60세,경상
2018040100100152,2018년 4월 1일 10시,일요일,광주광역시 북구 용봉동,경상사고,0,0,5,0,차대차 - 기타,안전운전불이행,건조,맑음,단일로 - 기타,승용,남,17세,상해없음,승용,남,20세,경상
2018040100100220,2018년 4월 1일 13시,일요일,광주광역시 북구 매곡동,경상사고,0,0,1,0,차대차 - 추돌,안전거리미확보,건조,맑음,단일로 - 기타,승용,남,29세,상해없음,승용,남,30세,경상
2018040100100250,2018년 4월 1일 14시,일요일,광주광역시 북구 청풍동,경상사고,0,0,1,0,차량단독 - 전도전복 - 전복,안전운전불이행,건조,맑음,단일로 - 기타,승용,여,58세,경상,미분류,미분류,미분류,미분류
2018040100100251,2018년 4월 1일 14시,일요일,광주광역시 광산구 신촌동,경상사고,0,0,3,0,차대차 - 측면충돌,중앙선침범,건조,맑음,단일로 - 기타,승용,여,37세,경상,승용,여,54세,경상
2018040100100270,2018년 4월 1일 15시,일요일,광주광역시 서구 광천동,경상사고,0,0,1,0,차대차 - 측면충돌,차로위반,건조,맑음,단일로 - 기타,승합,남,47세,상해없음,승용,남,42세,경상
2018040100100271,2018년 4월 1일 15시,일요일,광주광역시 북구 각화동,경상사고,0,0,2,0,차대차 - 추돌,안전거리미확보,건조,맑음,단일로 - 기타,승용,남,57세,상해없음,승용,여,57세,경상
2018040100100272,2018년 4월 1일 15시,일요일,광주광역시 북구 두암동,경상사고,0,0,1,0,차대차 - 측면충돌,안전운전불이행,건조,맑음,교차로 - 교차로안,이륜,남,46세,상해없음,이륜,남,27세,경상
2018040100100273,2018년 4월 1일 15시,일요일,광주광역시 광산구 신가동,중상사고,0,1,4,2,차대차 - 추돌,안전운전불이행,건조,맑음,단일로 - 기타,승용,여,51세,부상신고,승용,여,29세,경상
2018040100100306,2018년 4월 1일 16시,일요일,광주광역시 서구 쌍촌동,경상사고,0,0,3,0,차대차 - 추돌,안전운전불이행,건조,맑음,단일로 - 기타,승용,남,23세,상해없음,승용,여,33세,경상
2018040100100330,2018년 4월 1일 17시,일요일,광주광역시 광산구 운남동,중상사고,0,1,0,0,차대차 - 측면충돌,안전운전불이행,건조,맑음,단일로 - 기타,화물,남,62세,상해없음,자전거,남,22세,중상
2018040100100387,2018년 4월 1일 19시,일요일,광주광역시 서구 마륵동,경상사고,0,0,1,0,차대차 - 측면충돌,차로위반,건조,맑음,교차로 - 교차로부근,승용,남,49세,상해없음,승합,남,23세,경상
2018040100100411,2018년 4월 1일 20시,일요일,광주광역시 서구 풍암동,경상사고,0,0,1,0,차대차 - 후진중충돌,안전운전불이행,건조,맑음,교차로 - 교차로부근,승용,남,61세,상해없음,승용,남,24세,기타불명
2018040100100412,2018년 4월 1일 20시,일요일,광주광역시 서구 농성동,중상사고,0,1,0,0,차대사람 - 기타,안전운전불이행,건조,기타,단일로 - 기타,승용,여,66세,상해없음,보행자,여,81세,중상
2018040100100413,2018년 4월 1일 20시,일요일,광주광역시 북구 임동,경상사고,0,0,1,0,차대사람 - 기타,안전운전불이행,건조,맑음,단일로 - 기타,승용,남,25세,상해없음,보행자,여,77세,경상
2018040100100452,2018년 4월 1일 22시,일요일,광주광역시 광산구 우산동,경상사고,0,0,2,0,차대차 - 측면충돌,안전운전불이행,건조,맑음,교차로 - 교차로안,승용,남,19세,상해없음,승용,남,47세,경상
2018040100100464,2018년 4월 1일 23시,일요일,광주광역시 동구 충장로4가,경상사고,0,0,2,0,차대차 - 측면충돌,중앙선침범,건조,맑음,교차로 - 교차로안,승용,남,40세,상해없음,승용,남,30세,경상
2018040100100465,2018년 4월 1일 23시,일요일,광주광역시 남구 지석동,경상사고,0,0,2,0,차대차 - 측면충돌,신호위반,건조,맑음,교차로 - 교차로안,승용,여,38세,경상,승용,여,55세,경상
2018040200100022,2018년 4월 2일 01시,월요일,광주광역시 북구 운암동,경상사고,0,0,1,0,차대차 - 후진중충돌,안전운전불이행,건조,맑음,단일로 - 기타,화물,남,56세,기타불명,승용,남,25세,경상
2018040200100040,2018년 4월 2일 04시,월요일,광주광역시 남구 주월동,중상사고,0,1,0,0,차대차 - 측면충돌,신호위반,건조,맑음,교차로 - 교차로안,승용,남,34세,상해없음,승용,남,52세,중상
2018040200100167,2018년 4월 2일 09시,월요일,광주광역시 서구 동천동,경상사고,0,0,1,0,차대차 - 기타,신호위반,건조,맑음,교차로 - 교차로안,승용,여,47세,상해없음,승용,남,68세,상해없음
2018040200100168,2018년 4월 2일 09시,월요일,광주광역시 서구 유촌동,경상사고,0,0,1,0,차대차 - 기타,직진우회전진행방해,건조,맑음,교차로 - 교차로안,승용,남,57세,상해없음,화물,남,50세,상해없음
2018040200100199,2018년 4월 2일 10시,월요일,광주광역시 동구 소태동,경상사고,0,0,1,0,차대차 - 측면충돌,신호위반,건조,맑음,교차로 - 교차로안,승용,남,44세,상해없음,승용,여,53세,경상
2018040200100200,2018년 4월 2일 10시,월요일,광주광역시 북구 신안동,중상사고,0,1,0,0,차대차 - 측면충돌,중앙선침범,건조,맑음,단일로 - 기타,자전거,남,71세,중상,승용,남,63세,상해없음
2018040200100228,2018년 4월 2일 11시,월요일,광주광역시 서구 쌍촌동,경상사고,0,0,1,0,차대차 - 추돌,안전운전불이행,건조,맑음,단일로 - 기타,승용,여,44세,상해없음,승용,남,30세,경상
2018040200100229,2018년 4월 2일 11시,월요일,광주광역시 북구 문흥동,중상사고,0,1,2,0,차대차 - 측면충돌,안전운전불이행,건조,맑음,교차로 - 교차로안,이륜,남,21세,경상,화물,남,35세,상해없음
2018040200100230,2018년 4월 2일 11시,월요일,광주광역시 북구 연제동,경상사고,0,0,1,0,차량단독 - 기타,안전운전불이행,건조,맑음,단일로 - 지하차도(도로)내,승용,남,54세,상해없음,,,,
2018040200100251,2018년 4월 2일 12시,월요일,광주광역시 동구 학동,경상사고,0,0,1,0,차대차 - 기타,신호위반,건조,맑음,교차로 - 교차로안,자전거,여,66세,경상,승용,남,72세,상해없음
2018040200100252,2018년 4월 2일 12시,월요일,광주광역시 북구 신용동,경상사고,0,0,1,0,차대차 - 추돌,안전운전불이행,건조,맑음,단일로 - 기타,특수,남,52세,상해없음,승용,남,50세,경상
2018040200100281,2018년 4월 2일 13시,월요일,광주광역시 북구 우산동,경상사고,0,0,1,0,차대사람 - 횡단중,안전운전불이행,건조,맑음,교차로 - 교차로안,승용,여,49세,상해없음,보행자,여,83세,경상
2018040200100282,2018년 4월 2일 13시,월요일,광주광역시 광산구 선암동,경상사고,0,0,1,0,차대사람 - 기타,안전운전불이행,건조,맑음,교차로 - 교차로부근,승용,남,43세,상해없음,보행자,남,59세,경상
2018040200100313,2018년 4월 2일 14시,월요일,광주광역시 광산구 신가동,사망사고,1,0,0,0,차대사람 - 기타,안전운전불이행,건조,맑음,교차로 - 교차로횡단보도내,화물,남,40세,기타불명,보행자,남,60세,사망
2018040200100357,2018년 4월 2일 15시,월요일,광주광역시 광산구 송촌동,경상사고,0,0,2,0,차대차 - 기타,안전거리미확보,건조,맑음,교차로 - 교차로부근,승용,남,31세,상해없음,승용,남,71세,경상
2018040200100389,2018년 4월 2일 16시,월요일,광주광역시 북구 오치동,경상사고,0,0,1,0,차대차 - 측면충돌,안전운전불이행,건조,맑음,단일로 - 기타,승용,남,74세,상해없음,승용,여,29세,경상
2018040200100390,2018년 4월 2일 16시,월요일,광주광역시 광산구 장덕동,경상사고,0,0,1,0,차대사람 - 기타,안전운전불이행,건조,맑음,단일로 - 기타,승용,남,43세,상해없음,보행자,여,7세,경상
2018040200100424,2018년 4월 2일 17시,월요일,광주광역시 동구 학동,경상사고,0,0,1,0,차대사람 - 횡단중,안전운전불이행,건조,맑음,단일로 - 기타,승용,남,70세,상해없음,보행자,남,58세,경상
2018040200100425,2018년 4월 2일 17시,월요일,광주광역시 광산구 월계동,경상사고,0,0,1,0,차대차 - 측면충돌,신호위반,건조,맑음,교차로 - 교차로안,승합,남,62세,상해없음,승용,남,63세,경상
2018040200100426,2018년 4월 2일 17시,월요일,광주광역시 광산구 하남동,경상사고,0,0,1,0,차대차 - 측면충돌,교차로운행방법위반,건조,맑음,교차로 - 교차로안,화물,남,34세,상해없음,승용,남,32세,경상
2018040200100463,2018년 4월 2일 18시,월요일,광주광역시 남구 백운동,경상사고,0,0,1,0,차대차 - 추돌,안전운전불이행,건조,맑음,단일로 - 고가도로위,승용,남,64세,상해없음,승용,여,62세,경상
2018040200100612,2018년 4월 2일 23시,월요일,광주광역시 광산구 소촌동,중상사고,0,1,5,0,차대차 - 측면충돌,중앙선침범,건조,맑음,단일로 - 교량,이륜,남,65세,중상,승용,남,19세,경상
2018040300100090,2018년 4월 3일 07시,화요일,광주광역시 북구 연제동,경상사고,0,0,1,0,차대사람 - 기타,안전운전불이행,건조,맑음,단일로 - 기타,승용,남,62세,상해없음,보행자,여,30세,경상
2018040300100123,2018년 4월 3일 08시,화요일,광주광역시 서구 화정동,경상사고,0,0,1,0,차대사람 - 횡단중,신호위반,건조,맑음,단일로 - 기타,승합,남,28세,상해없음,보행자,남,9세,경상
2018040300100165,2018년 4월 3일 09시,화요일,광주광역시 남구 주월동,경상사고,0,0,1,1,차대사람 - 기타,안전운전불이행,건조,맑음,교차로 - 교차로안,승용,여,61세,경상,보행자,남,18세,부상신고
2018040300100215,2018년 4월 3일 11시,화요일,광주광역시 광산구 쌍암동,경상사고,0,0,1,0,차대차 - 측면충돌,안전운전불이행,건조,맑음,교차로 - 교차로부근,승용,남,27세,상해없음,승용,남,43세,경상
2018040300100369,2018년 4월 3일 15시,화요일,광주광역시 동구 계림동,경상사고,0,0,1,0,차대차 - 측면충돌,안전운전불이행,건조,맑음,교차로 - 교차로안,승용,여,42세,상해없음,승용,남,40세,경상
2018040300100407,2018년 4월 3일 16시,화요일,광주광역시 광산구 우산동,경상사고,0,0,2,0,차대차 - 추돌,안전거리미확보,건조,맑음,단일로 - 기타,승용,남,21세,경상,화물,남,32세,상해없음
2018040300100443,2018년 4월 3일 17시,화요일,광주광역시 광산구 우산동,경상사고,0,0,3,0,차대차 - 측면충돌,안전운전불이행,건조,맑음,교차로 - 교차로안,승용,남,64세,상해없음,승용,여,51세,경상
2018040300100525,2018년 4월 3일 19시,화요일,광주광역시 광산구 소촌동,중상사고,0,1,0,0,차대차 - 기타,신호위반,건조,맑음,교차로 - 교차로안,승용,남,54세,상해없음,이륜,남,47세,중상
2018040300100559,2018년 4월 3일 20시,화요일,광주광역시 북구 양산동,중상사고,0,1,0,0,차대차 - 측면충돌,안전운전불이행,건조,맑음,단일로 - 기타,승용,남,30세,상해없음,승용,남,30세,중상
2018040300100560,2018년 4월 3일 20시,화요일,광주광역시 북구 북동,사망사고,1,1,0,0,차대사람 - 횡단중,신호위반,건조,맑음,교차로 - 교차로안,이륜,남,51세,중상,보행자,여,62세,사망
2018040300100561,2018년 4월 3일 20시,화요일,광주광역시 광산구 도산동,중상사고,0,1,0,0,차대차 - 기타,안전운전불이행,건조,맑음,교차로 - 교차로안,승용,남,53세,상해없음,이륜,남,23세,중상
2018040300100586,2018년 4월 3일 21시,화요일,광주광역시 동구 산수동,부상신고사고,0,0,0,1,차대차 - 기타,안전운전불이행,건조,맑음,단일로 - 기타,기타불명,기타불명,미분류,기타불명,자전거,남,77세,부상신고
2018040300100587,2018년 4월 3일 21시,화요일,광주광역시 서구 화정동,경상사고,0,0,1,0,차대사람 - 길가장자리구역통행중,안전운전불이행,건조,맑음,단일로 - 기타,승용,남,45세,상해없음,보행자,남,44세,경상
2018040300100588,2018년 4월 3일 21시,화요일,광주광역시 남구 봉선동,경상사고,0,0,1,0,차대차 - 추돌,안전운전불이행,건조,맑음,교차로 - 교차로부근,승용,남,50세,상해없음,승용,여,30세,경상
2018040300100615,2018년 4월 3일 22시,화요일,광주광역시 서구 풍암동,경상사고,0,0,1,0,차대사람 - 기타,안전운전불이행,건조,맑음,교차로 - 교차로부근,승용,남,43세,상해없음,보행자,남,61세,경상