사고번호,사고일시,요일,시군구,사고내용,사망자수,중상자수,경상자수,부상신고자수,사고유형,법규위반,노면상태,기상상태,도로형태,가해운전자 차종,가해운전자 성별,가해운전자 연령,가해운전자 상해정도,피해운전자 차종,피해운전자 성별,피해운전자 연령,피해운전자 상해정도
2018041000100172,2018년 4월 10일 09시,화요일,광주광역시 광산구 비아동,중상사고,0,1,0,0,차대차 - 기타,안전운전불이행,건조,맑음,단일로 - 기타,화물,남,56세,상해없음,원동기,남,56세,중상
2018041000100197,2018년 4월 10일 10시,화요일,광주광역시 동구 계림동,경상사고,0,0,1,0,차대차 - 기타,안전거리미확보,건조,맑음,단일로 - 기타,승용,여,22세,상해없음,승용,여,58세,경상
2018041000100263,2018년 4월 10일 12시,화요일,광주광역시 북구 용전동,중상사고,0,1,0,0,차대차 - 측면충돌,중앙선침범,건조,맑음,단일로 - 기타,승용,남,41세,상해없음,이륜,남,41세,중상
2018041000100320,2018년 4월 10일 14시,화요일,광주광역시 서구 마륵동,경상사고,0,0,1,0,차대차 - 측면충돌,안전운전불이행,건조,맑음,교차로 - 교차로안,승용,여,43세,상해없음,승용,남,49세,경상
2018041000100384,2018년 4월 10일 16시,화요일,광주광역시 동구 장동,경상사고,0,0,1,0,차대사람 - 횡단중,보행자보호의무위반,건조,맑음,교차로 - 교차로안,승용,여,55세,상해없음,보행자,여,16세,경상
2018041000100472,2018년 4월 10일 18시,화요일,광주광역시 서구 농성동,중상사고,0,1,0,0,차대사람 - 기타,안전운전불이행,건조,맑음,단일로 - 기타,승용,남,43세,상해없음,보행자,여,4세,중상
2018041000100473,2018년 4월 10일 18시,화요일,광주광역시 광산구 산정동,경상사고,0,0,1,0,차대차 - 추돌,안전운전불이행,건조,맑음,교차로 - 교차로부근,승용,남,44세,상해없음,화물,남,58세,경상
2018041000100508,2018년 4월 10일 19시,화요일,광주광역시 광산구 신촌동,중상사고,0,1,0,0,차대사람 - 횡단중,신호위반,건조,맑음,단일로 - 기타,승용,남,25세,상해없음,보행자,여,46세,중상
2018041000100538,2018년 4월 10일 20시,화요일,광주광역시 서구 쌍촌동,경상사고,0,0,3,0,차대차 - 추돌,안전운전불이행,건조,맑음,교차로 - 교차로안,승용,남,62세,상해없음,승용,여,37세,경상
2018041000100539,2018년 4월 10일 20시,화요일,광주광역시 광산구 월전동,중상사고,0,1,0,0,차대차 - 측면충돌,안전운전불이행,건조,맑음,교차로 - 교차로부근,화물,남,78세,상해없음,이륜,남,27세,중상
2018041000100585,2018년 4월 10일 21시,화요일,광주광역시 서구 농성동,경상사고,0,0,1,0,차대차 - 추돌,안전거리미확보,건조,맑음,교차로 - 교차로부근,승용,남,43세,상해없음,승용,여,43세,경상
2018041000100586,2018년 4월 10일 21시,화요일,광주광역시 북구 연제동,경상사고,0,0,2,0,차대차 - 추돌,안전운전불이행,건조,맑음,단일로 - 기타,승용,여,43세,상해없음,승용,여,25세,경상
2018041000100587,2018년 4월 10일 21시,화요일,광주광역시 광산구 장덕동,경상사고,0,0,2,0,차대차 - 측면충돌,안전운전불이행,건조,맑음,교차로 - 교차로부근,승용,여,31세,상해없음,승용,여,45세,경상
2018041000100628,2018년 4월 10일 22시,화요일,광주광역시 서구 치평동,경상사고,0,0,3,0,차대차 - 측면충돌,안전운전불이행,건조,맑음,단일로 - 기타,승용,남,59세,상해없음,승용,남,50세,경상
2018041000100659,2018년 4월 10일 23시,화요일,광주광역시 서구 마륵동,경상사고,0,0,1,0,차대사람 - 횡단중,안전운전불이행,건조,맑음,단일로 - 기타,승용,남,64세,상해없음,보행자,여,38세,경상
2018041000100660,2018년 4월 10일 23시,화요일,광주광역시 서구 화정동,중상사고,0,1,2,0,차대차 - 측면충돌,신호위반,건조,맑음,교차로 - 교차로안,승용,남,35세,상해없음,승용,남,37세,경상
2018041100100039,2018년 4월 11일 03시,수요일,광주광역시 서구 쌍촌동,경상사고,0,0,2,0,차대차 - 측면충돌,신호위반,건조,흐림,단일로 - 기타,승용,여,54세,경상,승합,남,48세,경상
2018041100100040,2018년 4월 11일 03시,수요일,광주광역시 서구 치평동,중상사고,0,1,1,0,차대차 - 측면충돌,신호위반,건조,맑음,교차로 - 교차로안,화물,남,36세,상해없음,승용,남,31세,중상
2018041100100087,2018년 4월 11일 07시,수요일,광주광역시 서구 치평동,경상사고,0,0,2,0,차대차 - 추돌,안전운전불이행,건조,맑음,단일로 - 기타,승용,여,35세,상해없음,화물,남,54세,경상
2018041100100088,2018년 4월 11일 07시,수요일,광주광역시 북구 양산동,경상사고,0,0,4,0,차대차 - 측면충돌,교차로운행방법위반,건조,맑음,교차로 - 교차로안,승용,여,52세,경상,승용,여,48세,경상
2018041100100127,2018년 4월 11일 08시,수요일,광주광역시 서구 동천동,경상사고,0,0,1,0,차대차 - 측면충돌,차로위반,건조,맑음,교차로 - 교차로부근,승용,남,33세,상해없음,승용,남,58세,경상
2018041100100128,2018년 4월 11일 08시,수요일,광주광역시 북구 중흥동,중상사고,0,1,0,0,차대차 - 기타,신호위반,건조,맑음,단일로 - 기타,이륜,남,25세,기타불명,자전거,남,11세,중상
2018041100100169,2018년 4월 11일 09시,수요일,광주광역시 남구 백운동,중상사고,0,1,0,0,차대차 - 기타,교차로운행방법위반,건조,맑음,교차로 - 교차로부근,승합,남,72세,상해없음,승합,남,47세,상해없음
2018041100100192,2018년 4월 11일 10시,수요일,광주광역시 광산구 지평동,경상사고,0,0,4,0,차대차 - 기타,안전운전불이행,건조,맑음,단일로 - 기타,화물,남,48세,상해없음,승용,여,43세,경상
2018041100100246,2018년 4월 11일 12시,수요일,광주광역시 북구 일곡동,경상사고,0,0,1,0,차대사람 - 기타,안전운전불이행,건조,맑음,단일로 - 기타,화물,남,32세,상해없음,보행자,여,64세,경상
2018041100100278,2018년 4월 11일 13시,수요일,광주광역시 서구 쌍촌동,경상사고,0,0,1,0,차대차 - 기타,안전운전불이행,건조,맑음,교차로 - 교차로안,승용,여,73세,상해없음,승합,남,46세,상해없음
2018041100100306,2018년 4월 11일 14시,수요일,광주광역시 광산구 산월동,경상사고,0,0,1,0,차대사람 - 기타,안전운전불이행,건조,맑음,기타 - 기타,자전거,여,67세,상해없음,보행자,여,9세,경상
2018041100100339,2018년 4월 11일 15시,수요일,광주광역시 북구 유동,경상사고,0,0,1,0,차대차 - 기타,안전운전불이행,건조,맑음,단일로 - 기타,승용,여,65세,상해없음,자전거,남,77세,경상
2018041100100340,2018년 4월 11일 15시,수요일,광주광역시 북구 용두동,경상사고,0,0,1,0,차대차 - 추돌,안전운전불이행,건조,맑음,교차로 - 교차로부근,승합,남,63세,상해없음,승용,여,53세,경상
2018041100100341,2018년 4월 11일 15시,수요일,광주광역시 광산구 신가동,경상사고,0,0,2,0,차대차 - 후진중충돌,안전운전불이행,건조,맑음,단일로 - 기타,승용,남,55세,상해없음,승용,남,36세,경상
2018041100100384,2018년 4월 11일 16시,수요일,광주광역시 북구 연제동,경상사고,0,0,1,0,차대사람 - 보도통행중,안전운전불이행,건조,맑음,단일로 - 기타,승용,여,57세,상해없음,보행자,남,5세,경상
2018041100100435,2018년 4월 11일 17시,수요일,광주광역시 서구 치평동,경상사고,0,0,1,0,차대차 - 추돌,안전운전불이행,건조,맑음,교차로 - 교차로안,승용,남,34세,상해없음,화물,남,45세,경상
2018041100100436,2018년 4월 11일 17시,수요일,광주광역시 북구 양산동,경상사고,0,0,1,0,차대차 - 측면충돌,안전운전불이행,건조,맑음,단일로 - 기타,이륜,남,37세,상해없음,승용,남,40세,경상
2018041100100437,2018년 4월 11일 17시,수요일,광주광역시 광산구 운수동,경상사고,0,0,2,0,차대차 - 추돌,안전운전불이행,건조,맑음,단일로 - 기타,화물,남,65세,상해없음,승용,여,51세,경상
2018041100100438,2018년 4월 11일 17시,수요일,광주광역시 광산구 비아동,경상사고,0,0,2,0,차대차 - 측면충돌,교차로운행방법위반,건조,맑음,교차로 - 교차로안,화물,남,69세,상해없음,화물,남,42세,경상
2018041100100487,2018년 4월 11일 18시,수요일,광주광역시 남구 송하동,경상사고,0,0,1,0,차대차 - 측면충돌,안전운전불이행,건조,맑음,교차로 - 교차로안,승용,여,40세,기타불명,승용,여,44세,경상
2018041100100522,2018년 4월 11일 19시,수요일,광주광역시 서구 쌍촌동,중상사고,0,1,0,0,차대차 - 측면충돌,안전운전불이행,건조,맑음,교차로 - 교차로안,승용,남,58세,상해없음,이륜,여,66세,중상
2018041100100553,2018년 4월 11일 20시,수요일,광주광역시 남구 방림동,경상사고,0,0,1,0,차대차 - 기타,안전운전불이행,건조,맑음,교차로 - 교차로안,승용,남,37세,상해없음,승용,남,40세,경상
2018041200100094,2018년 4월 12일 07시,목요일,광주광역시 북구 용봉동,경상사고,0,0,2,0,차대차 - 측면충돌,신호위반,건조,맑음,교차로 - 교차로안,승용,여,54세,상해없음,승용,남,54세,경상
2018041200100138,2018년 4월 12일 08시,목요일,광주광역시 서구 마륵동,경상사고,0,0,4,0,차대차 - 측면충돌,차로위반,건조,맑음,교차로 - 교차로부근,승용,여,54세,경상,승용,남,36세,경상
2018041200100158,2018년 4월 12일 09시,목요일,광주광역시 서구 치평동,경상사고,0,0,1,0,차대사람 - 횡단중,안전운전불이행,건조,맑음,단일로 - 기타,승용,남,69세,상해없음,보행자,여,76세,경상
2018041200100261,2018년 4월 12일 12시,목요일,광주광역시 북구 문흥동,중상사고,0,1,0,0,차대사람 - 기타,보행자보호의무위반,건조,맑음,교차로 - 교차로안,승용,남,64세,상해없음,보행자,여,69세,중상
2018041200100294,2018년 4월 12일 13시,목요일,광주광역시 서구 양동,중상사고,0,1,0,0,차대사람 - 기타,안전운전불이행,건조,맑음,교차로 - 교차로부근,승용,여,60세,상해없음,보행자,여,81세,중상
2018041200100364,2018년 4월 12일 15시,목요일,광주광역시 남구 백운동,경상사고,0,0,1,0,차대차 - 측면충돌,신호위반,건조,맑음,교차로 - 교차로부근,특수,남,36세,상해없음,승용,남,31세,경상
2018041200100404,2018년 4월 12일 16시,목요일,광주광역시 서구 쌍촌동,경상사고,0,0,2,0,차대차 - 추돌,안전운전불이행,건조,맑음,교차로 - 교차로부근,승용,남,50세,상해없음,화물,남,57세,경상
2018041200100405,2018년 4월 12일 16시,목요일,광주광역시 서구 농성동,경상사고,0,0,1,0,차대차 - 측면충돌,교차로운행방법위반,건조,맑음,교차로 - 교차로안,승용,여,51세,상해없음,승합,남,69세,상해없음
2018041200100446,2018년 4월 12일 17시,목요일,광주광역시 서구 광천동,경상사고,0,0,3,0,차대차 - 측면충돌,안전거리미확보,건조,맑음,교차로 - 교차로부근,승용,남,77세,상해없음,승용,남,25세,경상
2018041200100488,2018년 4월 12일 18시,목요일,광주광역시 동구 산수동,중상사고,0,1,0,0,차대사람 - 횡단중,보행자보호의무위반,건조,맑음,교차로 - 교차로횡단보도내,승용,여,50세,상해없음,보행자,여,62세,중상
2018041200100489,2018년 4월 12일 18시,목요일,광주광역시 서구 광천동,경상사고,0,0,2,0,차대차 - 추돌,안전운전불이행,건조,맑음,교차로 - 교차로부근,승용,여,35세,상해없음,승용,남,30세,경상
2018041200100490,2018년 4월 12일 18시,목요일,광주광역시 북구 신안동,사망사고,1,0,0,0,차대차 - 측면충돌,안전운전불이행,건조,맑음,단일로 - 기타,승용,여,31세,상해없음,자전거,남,80세,사망
2018041200100531,2018년 4월 12일 19시,목요일,광주광역시 남구 승촌동,경상사고,0,0,1,0,차대차 - 추돌,안전운전불이행,건조,맑음,단일로 - 기타,자전거,남,51세,경상,승용,남,50세,상해없음
2018041200100532,2018년 4월 12일 19시,목요일,광주광역시 남구 승촌동,중상사고,0,1,0,0,차대차 - 추돌,안전운전불이행,건조,맑음,단일로 - 기타,자전거,남,34세,중상,승용,남,50세,상해없음
2018041200100533,2018년 4월 12일 19시,목요일,광주광역시 광산구 신가동,경상사고,0,0,1,0,차대차 - 측면충돌,교차로운행방법위반,건조,맑음,교차로 - 교차로안,승용,남,66세,상해없음,이륜,남,37세,경상
2018041200100571,2018년 4월 12일 20시,목요일,광주광역시 서구 풍암동,중상사고,0,2,2,0,차대차 - 추돌,안전거리미확보,건조,맑음,교차로 - 교차로부근,승용,여,51세,기타불명,승용,남,42세,중상
2018041200100607,2018년 4월 12일 21시,목요일,광주광역시 남구 주월동,경상사고,0,0,2,0,차대차 - 측면충돌,교차로운행방법위반,건조,맑음,교차로 - 교차로안,승용,여,27세,경상,승용,여,25세,경상
2018041200100608,2018년 4월 12일 21시,목요일,광주광역시 광산구 흑석동,경상사고,0,0,1,0,차대차 - 정면충돌,중앙선침범,건조,맑음,교차로 - 교차로부근,승용,남,29세,상해없음,승용,여,35세,경상
2018041300100023,2018년 4월 13일 01시,금요일,광주광역시 동구 학동,경상사고,0,0,2,0,차대차 - 추돌,안전운전불이행,건조,맑음,교차로 - 교차로부근,승용,여,32세,상해없음,승용,여,34세,경상
2018041300100099,2018년 4월 13일 07시,금요일,광주광역시 서구 쌍촌동,경상사고,0,0,1,0,차대사람 - 길가장자리구역통행중,안전운전불이행,건조,맑음,단일로 - 기타,승용,여,27세,상해없음,보행자,남,31세,경상
2018041300100140,2018년 4월 13일 08시,금요일,광주광역시 광산구 소촌동,경상사고,0,0,2,0,차대차 - 측면충돌,안전운전불이행,건조,맑음,교차로 - 교차로부근,승용,남,30세,상해없음,승용,여,43세,경상
2018041300100215,2018년 4월 13일 10시,금요일,광주광역시 광산구 우산동,경상사고,0,0,1,0,차대차 - 후진중충돌,불법유턴,건조,맑음,단일로 - 기타,화물,남,32세,상해없음,승용,여,59세,경상
2018041300100293,2018년 4월 13일 13시,금요일,광주광역시 광산구 신가동,경상사고,0,0,1,0,차대차 - 추돌,안전운전불이행,건조,맑음,교차로 - 교차로부근,화물,남,45세,상해없음,승용,남,33세,경상
2018041300100323,2018년 4월 13일 14시,금요일,광주광역시 서구 매월동,경상사고,0,0,1,0,차대차 - 측면충돌,안전운전불이행,건조,맑음,교차로 - 교차로안,화물,남,29세,기타불명,승용,남,38세,경상
2018041300100401,2018년 4월 13일 16시,금요일,광주광역시 북구 각화동,경상사고,0,0,2,0,차대차 - 추돌,안전운전불이행,건조,맑음,단일로 - 기타,승합,남,51세,상해없음,승용,남,75세,경상
2018041300100402,2018년 4월 13일 16시,금요일,광주광역시 광산구 송산동,경상사고,0,0,1,0,차량단독 - 도로외이탈 - 추락,안전운전불이행,건조,맑음,단일로 - 기타,화물,남,61세,경상,,,,
2018041300100444,2018년 4월 13일 17시,금요일,광주광역시 북구 삼각동,중상사고,0,1,0,0,차대차 - 측면충돌,안전운전불이행,건조,맑음,교차로 - 교차로부근,화물,남,39세,상해없음,이륜,남,38세,중상
2018041300100513,2018년 4월 13일 19시,금요일,광주광역시 남구 백운동,경상사고,0,0,1,0,차대차 - 후진중충돌,안전운전불이행,건조,맑음,교차로 - 교차로부근,승용,남,61세,상해없음,승용,남,28세,경상
2018041300100514,2018년 4월 13일 19시,금요일,광주광역시 북구 망월동,경상사고,0,0,1,0,차대차 - 측면충돌,안전운전불이행,건조,맑음,단일로 - 기타,기타불명,기타불명,미분류,기타불명,자전거,남,55세,경상
2018041300100515,2018년 4월 13일 19시,금요일,광주광역시 광산구 운남동,경상사고,0,0,2,0,차대사람 - 횡단중,안전운전불이행,건조,맑음,단일로 - 기타,이륜,남,25세,경상,보행자,남,17세,경상
2018041300100516,2018년 4월 13일 19시,금요일,광주광역시 광산구 쌍암동,경상사고,0,0,1,0,차대차 - 추돌,안전운전불이행,건조,맑음,단일로 - 기타,승용,남,48세,상해없음,승용,남,47세,경상
2018041300100556,2018년 4월 13일 20시,금요일,광주광역시 북구 중흥동,경상사고,0,0,3,0,차대차 - 추돌,안전운전불이행,건조,맑음,교차로 - 교차로부근,승용,남,39세,상해없음,승용,남,51세,경상
2018041300100557,2018년 4월 13일 20시,금요일,광주광역시 광산구 우산동,경상사고,0,0,1,0,차대차 - 추돌,안전운전불이행,건조,맑음,교차로 - 교차로부근,승용,남,20세,상해없음,승용,여,33세,경상
2018041300100600,2018년 4월 13일 21시,금요일,광주광역시 북구 두암동,경상사고,0,0,2,0,차대차 - 기타,안전거리미확보,젖음/습기,비,교차로 - 교차로부근,승용,남,33세,경상,승합,남,42세,경상
2018041300100601,2018년 4월 13일 21시,금요일,광주광역시 광산구 수완동,경상사고,0,0,1,0,차대사람 - 횡단중,보행자보호의무위반,건조,맑음,교차로 - 교차로횡단보도내,승용,남,55세,상해없음,보행자,남,24세,경상
2018041300100631,2018년 4월 13일 22시,금요일,광주광역시 서구 쌍촌동,경상사고,0,0,4,0,차대차 - 추돌,안전운전불이행,건조,맑음,단일로 - 기타,승합,남,36세,상해없음,승합,남,58세,경상
2018041300100661,2018년 4월 13일 23시,금요일,광주광역시 북구 삼각동,경상사고,0,0,2,0,차대차 - 추돌,안전거리미확보,건조,맑음,단일로 - 기타,승용,남,39세,상해없음,승용,남,19세,경상
2018041400100017,2018년 4월 14일 00시,토요일,광주광역시 광산구 수완동,경상사고,0,0,3,0,차대차 - 측면충돌,안전거리미확보,젖음/습기,비,단일로 - 기타,승용,남,62세,경상,특수,남,24세,경상
2018041400100037,2018년 4월 14일 01시,토요일,광주광역시 광산구 쌍암동,경상사고,0,0,1,0,차대차 - 추돌,안전운전불이행,젖음/습기,흐림,교차로 - 교차로부근,승용,남,28세,상해없음,승용,여,50세,경상
2018041400100051,2018년 4월 14일 02시,토요일,광주광역시 서구 쌍촌동,경상사고,0,0,5,0,차대차 - 기타,안전거리미확보,건조,맑음,단일로 - 기타,승용,남,28세,상해없음,승용,남,29세,경상
2018041400100052,2018년 4월 14일 02시,토요일,광주광역시 서구 쌍촌동,중상사고,0,1,0,0,차대차 - 측면충돌,안전운전불이행,젖음/습기,비,교차로 - 교차로안,승용,남,26세,상해없음,승용,남,44세,중상
2018041400100053,2018년 4월 14일 02시,토요일,광주광역시 북구 운암동,경상사고,0,0,2,0,차대차 - 측면충돌,신호위반,건조,맑음,교차로 - 교차로안,승용,남,32세,상해없음,승용,남,57세,경상
2018041400100054,2018년 4월 14일 02시,토요일,광주광역시 광산구 신창동,경상사고,0,0,2,0,차대차 - 추돌,안전운전불이행,젖음/습기,맑음,교차로 - 교차로부근,승용,남,23세,상해없음,승용,여,39세,경상
2018041400100075,2018년 4월 14일 03시,토요일,광주광역시 서구 화정동,사망사고,1,0,3,0,차대사람 - 횡단중,과속,젖음/습기,비,교차로 - 교차로부근,승용,남,62세,상해없음,보행자,남,52세,사망
2018041400100106,2018년 4월 14일 05시,토요일,광주광역시 광산구 신가동,중상사고,0,1,0,0,차대사람 - 횡단중,안전운전불이행,젖음/습기,비,교차로 - 교차로부근,승용,남,66세,상해없음,보행자,남,20세,중상
2018041400100192,2018년 4월 14일 09시,토요일,광주광역시 서구 쌍촌동,경상사고,0,0,1,0,차대차 - 추돌,안전운전불이행,젖음/습기,비,단일로 - 기타,화물,남,58세,상해없음,특수,남,37세,경상
2018041400100193,2018년 4월 14일 09시,토요일,광주광역시 북구 각화동,경상사고,0,0,2,0,차대차 - 측면충돌,안전운전불이행,젖음/습기,비,단일로 - 기타,화물,남,49세,상해없음,승용,남,58세,경상
2018041400100194,2018년 4월 14일 09시,토요일,광주광역시 북구 용봉동,경상사고,0,0,1,0,차대사람 - 차도통행중,안전운전불이행,젖음/습기,비,단일로 - 기타,승용,남,59세,상해없음,보행자,여,23세,경상
2018041400100214,2018년 4월 14일 10시,토요일,광주광역시 서구 금호동,경상사고,0,0,4,0,차대차 - 측면충돌,안전운전불이행,건조,맑음,교차로 - 교차로부근,승용,남,69세,상해없음,승용,남,43세,경상
2018041400100285,2018년 4월 14일 12시,토요일,광주광역시 동구 금남로3가,중상사고,0,1,0,0,차대차 - 측면충돌,안전운전불이행,젖음/습기,비,교차로 - 교차로안,승용,여,52세,상해없음,이륜,남,45세,중상
2018041400100286,2018년 4월 14일 12시,토요일,광주광역시 광산구 수완동,중상사고,0,1,3,0,차대차 - 추돌,안전거리미확보,젖음/습기,비,단일로 - 기타,승용,남,37세,상해없음,승용,여,35세,경상
2018041400100321,2018년 4월 14일 13시,토요일,광주광역시 서구 쌍촌동,경상사고,0,0,1,0,차대사람 - 횡단중,안전운전불이행,젖음/습기,비,교차로 - 교차로안,승용,남,31세,상해없음,보행자,남,3세,경상
2018041400100322,2018년 4월 14일 13시,토요일,광주광역시 북구 운암동,경상사고,0,0,1,0,차량단독 - 전도전복 - 전도,안전운전불이행,젖음/습기,비,교차로 - 교차로안,원동기,남,37세,경상,미분류,미분류,미분류,미분류
2018041400100354,2018년 4월 14일 14시,토요일,광주광역시 북구 양산동,부상신고사고,0,0,0,1,차대차 - 추돌,안전운전불이행,건조,맑음,단일로 - 기타,이륜,남,28세,부상신고,승용,남,68세,상해없음
2018041400100378,2018년 4월 14일 15시,토요일,광주광역시 북구 중흥동,경상사고,0,0,2,0,차대차 - 추돌,안전운전불이행,젖음/습기,흐림,교차로 - 교차로부근,승용,남,56세,상해없음,승용,남,25세,경상
2018041400100379,2018년 4월 14일 15시,토요일,광주광역시 광산구 지죽동,경상사고,0,0,1,0,차량단독 - 전도전복 - 전도,안전운전불이행,건조,맑음,교차로 - 교차로부근,원동기,남,45세,경상,미분류,미분류,미분류,미분류
2018041400100417,2018년 4월 14일 16시,토요일,광주광역시 남구 행암동,경상사고,0,0,1,0,차대차 - 추돌,안전운전불이행,건조,맑음,단일로 - 기타,건설기계,남,55세,상해없음,승용,남,39세,경상
2018041400100435,2018년 4월 14일 17시,토요일,광주광역시 남구 주월동,경상사고,0,0,2,0,차대차 - 측면충돌,교차로운행방법위반,건조,맑음,교차로 - 교차로안,승용,여,32세,경상,승용,여,55세,경상
2018041400100515,2018년 4월 14일 20시,토요일,광주광역시 서구 금호동,중상사고,0,1,1,0,차대차 - 측면충돌,안전거리미확보,건조,맑음,단일로 - 기타,승용,남,60세,상해없음,승용,남,40세,경상
2018041400100537,2018년 4월 14일 21시,토요일,광주광역시 북구 신안동,경상사고,0,0,1,0,차대차 - 추돌,안전운전불이행,건조,맑음,단일로 - 기타,승용,남,53세,상해없음,승용,여,36세,경상
2018041400100558,2018년 4월 14일 22시,토요일,광주광역시 북구 북동,경상사고,0,0,2,0,차대차 - 측면충돌,교차로운행방법위반,건조,맑음,교차로 - 교차로부근,승용,남,56세,상해없음,승용,남,46세,상해없음
2018041400100559,2018년 4월 14일 22시,토요일,광주광역시 광산구 신가동,사망사고,1,0,0,0,차대차 - 측면충돌,중앙선침범,건조,맑음,단일로 - 기타,승용,남,35세,상해없음,이륜,남,34세,사망
2018041400100560,2018년 4월 14일 22시,토요일,광주광역시 광산구 소촌동,경상사고,0,0,1,0,차대사람 - 횡단중,안전운전불이행,건조,흐림,교차로 - 교차로안,승용,여,47세,상해없음,보행자,여,61세,경상
2018041400100574,2018년 4월 14일 23시,토요일,광주광역시 광산구 서봉동,경상사고,0,0,2,0,차대차 - 추돌,안전운전불이행,건조,맑음,단일로 - 터널,승용,남,23세,상해없음,화물,남,47세,경상
2018041500100017,2018년 4월 15일 00시,일요일,광주광역시 북구 동림동,경상사고,0,0,2,0,차대차 - 추돌,기타,건조,맑음,단일로 - 기타,승용,남,47세,상해없음,승용,남,27세,경상
2018041500100027,2018년 4월 15일 01시,일요일,광주광역시 북구 용봉동,경상사고,0,0,1,0,차대차 - 추돌,안전운전불이행,건조,흐림,단일로 - 기타,승용,남,54세,상해없음,승용,여,33세,경상
2018041500100028,2018년 4월 15일 01시,일요일,광주광역시 광산구 월계동,경상사고,0,0,1,0,차대차 - 측면충돌,안전운전불이행,건조,맑음,단일로 - 기타,승용,남,22세,경상,승용,남,37세,기타불명
2018041500100037,2018년 4월 15일 02시,일요일,광주광역시 북구 용봉동,경상사고,0,0,2,0,차대차 - 추돌,안전운전불이행,건조,맑음,단일로 - 기타,승합,남,25세,상해없음,승용,남,54세,경상
2018041500100038,2018년 4월 15일 02시,일요일,광주광역시 광산구 월계동,경상사고,0,0,2,0,차대차 - 추돌,안전운전불이행,건조,맑음,단일로 - 기타,승용,남,24세,상해없음,승용,남,50세,경상
2018041500100046,2018년 4월 15일 03시,일요일,광주광역시 서구 금호동,경상사고,0,0,2,0,차대차 - 측면충돌,교차로운행방법위반,건조,흐림,단일로 - 기타,승용,남,60세,상해없음,승용,남,42세,경상
2018041500100056,2018년 4월 15일 04시,일요일,광주광역시 서구 풍암동,경상사고,0,0,2,0,차대사람 - 기타,안전운전불이행,건조,맑음,교차로 - 교차로안,승용,남,40세,기타불명,보행자,남,29세,경상
2018041500100057,2018년 4월 15일 04시,일요일,광주광역시 광산구 신가동,경상사고,0,0,1,0,차량단독 - 공작물충돌,안전운전불이행,건조,맑음,단일로 - 기타,승용,남,27세,경상,,,,
2018041500100068,2018년 4월 15일 05시,일요일,광주광역시 광산구 신촌동,중상사고,0,1,1,0,차대차 - 추돌,안전운전불이행,건조,맑음,단일로 - 기타,원동기,남,25세,중상,승용,남,62세,경상
2018041500100076,2018년 4월 15일 06시,일요일,광주광역시 북구 신안동,경상사고,0,0,2,0,차대차 - 기타,신호위반,건조,맑음,교차로 - 교차로안,승용,남,60세,상해없음,승용,남,67세,경상
2018041500100137,2018년 4월 15일 10시,일요일,광주광역시 북구 동림동,중상사고,0,2,0,0,차대차 - 추돌,안전운전불이행,건조,맑음,단일로 - 기타,승용,남,21세,상해없음,승용,남,75세,중상
2018041500100216,2018년 4월 15일 13시,일요일,광주광역시 광산구 송정동,경상사고,0,0,1,0,차대차 - 기타,안전운전불이행,건조,맑음,교차로 - 교차로부근,승용,여,32세,상해없음,자전거,남,89세,경상
2018041500100217,2018년 4월 15일 13시,일요일,광주광역시 광산구 선암동,부상신고사고,0,0,0,1,차대차 - 기타,안전운전불이행,건조,맑음,교차로 - 교차로횡단보도내,자전거,남,8세,부상신고,승용,남,70세,상해없음
2018041500100257,2018년 4월 15일 14시,일요일,광주광역시 남구 주월동,중상사고,0,1,0,0,차대차 - 측면충돌,기타,건조,맑음,교차로 - 교차로안,원동기,남,49세,중상,승용,여,57세,상해없음
2018041500100258,2018년 4월 15일 14시,일요일,광주광역시 북구 임동,경상사고,0,0,1,0,차대차 - 측면충돌,신호위반,건조,맑음,교차로 - 교차로안,승용,남,20세,상해없음,승용,남,71세,경상
2018041500100288,2018년 4월 15일 15시,일요일,광주광역시 서구 금호동,경상사고,0,0,1,0,차대사람 - 횡단중,안전운전불이행,건조,맑음,교차로 - 교차로부근,기타불명,기타불명,미분류,기타불명,보행자,남,19세,경상
2018041600100008,2018년 4월 16일 00시,월요일,광주광역시 광산구 신가동,경상사고,0,0,2,0,차대차 - 측면충돌,안전운전불이행,건조,맑음,교차로 - 교차로부근,이륜,남,16세,경상,이륜,남,33세,경상
2018041600100043,2018년 4월 16일 05시,월요일,광주광역시 남구 방림동,경상사고,0,0,1,0,차대차 - 측면충돌,신호위반,건조,맑음,교차로 - 교차로안,승용,남,69세,상해없음,승용,남,66세,상해없음
2018041600100147,2018년 4월 16일 08시,월요일,광주광역시 북구 오치동,경상사고,0,0,3,0,차대차 - 기타,안전운전불이행,건조,맑음,교차로 - 교차로부근,승용,남,29세,상해없음,승용,남,63세,경상
2018041600100180,2018년 4월 16일 09시,월요일,광주광역시 광산구 수완동,경상사고,0,0,1,0,차대사람 - 횡단중,신호위반,건조,맑음,교차로 - 교차로부근,승용,남,28세,상해없음,보행자,여,28세,경상
2018041600100209,2018년 4월 16일 10시,월요일,광주광역시 북구 두암동,경상사고,0,0,1,0,차대차 - 기타,안전운전불이행,건조,맑음,단일로 - 기타,승용,남,71세,기타불명,화물,남,69세,경상