사고번호,사고일시,요일,시군구,사고내용,사망자수,중상자수,경상자수,부상신고자수,사고유형,법규위반,노면상태,기상상태,도로형태,가해운전자 차종,가해운전자 성별,가해운전자 연령,가해운전자 상해정도,피해운전자 차종,피해운전자 성별,피해운전자 연령,피해운전자 상해정도
2018041600100302,2018년 4월 16일 13시,월요일,광주광역시 남구 주월동,중상사고,0,1,1,0,차대차 - 측면충돌,안전운전불이행,건조,맑음,교차로 - 교차로안,승용,남,26세,기타불명,승용,남,72세,경상
2018041600100327,2018년 4월 16일 14시,월요일,광주광역시 북구 생용동,중상사고,0,1,0,0,차대차 - 기타,안전운전불이행,건조,맑음,단일로 - 기타,자전거,남,78세,중상,승용,남,22세,상해없음
2018041600100328,2018년 4월 16일 14시,월요일,광주광역시 북구 신안동,경상사고,0,0,1,0,차대차 - 추돌,안전운전불이행,건조,맑음,단일로 - 기타,원동기,남,25세,경상,승용,남,33세,상해없음
2018041600100362,2018년 4월 16일 15시,월요일,광주광역시 광산구 쌍암동,경상사고,0,0,1,0,차대차 - 측면충돌,안전운전불이행,건조,맑음,교차로 - 교차로안,승용,남,49세,상해없음,승용,여,37세,경상
2018041600100390,2018년 4월 16일 16시,월요일,광주광역시 북구 우산동,중상사고,0,1,0,0,차대사람 - 횡단중,안전운전불이행,건조,맑음,단일로 - 기타,승용,남,61세,상해없음,보행자,여,81세,중상
2018041600100391,2018년 4월 16일 16시,월요일,광주광역시 북구 두암동,중상사고,0,1,0,0,차대사람 - 기타,안전운전불이행,건조,맑음,단일로 - 기타,화물,남,48세,상해없음,보행자,여,61세,중상
2018041600100438,2018년 4월 16일 17시,월요일,광주광역시 서구 매월동,경상사고,0,0,1,0,차대차 - 측면충돌,안전운전불이행,건조,맑음,교차로 - 교차로안,화물,남,70세,상해없음,승용,여,56세,경상
2018041600100439,2018년 4월 16일 17시,월요일,광주광역시 남구 구동,중상사고,0,1,0,0,차대차 - 측면충돌,안전운전불이행,건조,맑음,교차로 - 교차로안,승합,남,57세,상해없음,승용,남,49세,중상
2018041600100477,2018년 4월 16일 18시,월요일,광주광역시 북구 운암동,경상사고,0,0,3,0,차대차 - 기타,안전거리미확보,건조,맑음,단일로 - 기타,승용,남,37세,경상,승용,여,39세,경상
2018041600100478,2018년 4월 16일 18시,월요일,광주광역시 광산구 신창동,중상사고,0,1,0,0,차대사람 - 횡단중,안전운전불이행,건조,맑음,단일로 - 기타,이륜,남,19세,상해없음,보행자,여,12세,중상
2018041600100479,2018년 4월 16일 18시,월요일,광주광역시 광산구 산정동,경상사고,0,0,1,0,차대차 - 추돌,안전거리미확보,건조,맑음,교차로 - 교차로부근,승용,남,59세,상해없음,승용,남,25세,경상
2018041600100567,2018년 4월 16일 21시,월요일,광주광역시 서구 치평동,경상사고,0,0,3,0,차대차 - 측면충돌,안전운전불이행,건조,흐림,단일로 - 기타,승용,남,34세,기타불명,승용,남,25세,경상
2018041600100568,2018년 4월 16일 21시,월요일,광주광역시 남구 양림동,경상사고,0,0,1,0,차대차 - 측면충돌,교차로운행방법위반,건조,맑음,교차로 - 교차로안,이륜,남,16세,경상,승용,남,43세,기타불명
2018041700100012,2018년 4월 17일 00시,화요일,광주광역시 북구 신용동,경상사고,0,0,1,0,차대차 - 측면충돌,중앙선침범,건조,맑음,단일로 - 기타,승용,남,26세,기타불명,승용,남,50세,경상
2018041700100033,2018년 4월 17일 02시,화요일,광주광역시 광산구 선암동,경상사고,0,0,1,0,차대차 - 측면충돌,교차로운행방법위반,건조,맑음,교차로 - 교차로안,화물,남,42세,상해없음,자전거,남,20세,경상
2018041700100044,2018년 4월 17일 04시,화요일,광주광역시 동구 산수동,경상사고,0,0,4,0,차대차 - 추돌,안전거리미확보,건조,맑음,교차로 - 교차로부근,승용,여,59세,상해없음,승용,남,65세,경상
2018041700100228,2018년 4월 17일 11시,화요일,광주광역시 서구 풍암동,경상사고,0,0,1,1,차대차 - 측면충돌,안전운전불이행,건조,맑음,교차로 - 교차로안,승용,여,41세,부상신고,승용,남,43세,경상
2018041700100253,2018년 4월 17일 12시,화요일,광주광역시 서구 양동,경상사고,0,0,1,0,차대차 - 측면충돌,안전운전불이행,건조,맑음,단일로 - 기타,승용,남,36세,상해없음,자전거,남,63세,경상
2018041700100319,2018년 4월 17일 14시,화요일,광주광역시 서구 화정동,경상사고,0,0,2,0,차대차 - 측면충돌,안전운전불이행,건조,맑음,교차로 - 교차로부근,승용,여,28세,상해없음,승용,남,61세,경상
2018041700100356,2018년 4월 17일 15시,화요일,광주광역시 광산구 신창동,경상사고,0,0,2,0,차대사람 - 기타,안전운전불이행,건조,맑음,기타 - 기타,자전거,남,30세,경상,보행자,여,69세,경상
2018041700100393,2018년 4월 17일 16시,화요일,광주광역시 동구 금남로2가,경상사고,0,0,3,0,차대차 - 기타,안전거리미확보,건조,맑음,단일로 - 기타,승용,남,49세,경상,승용,남,23세,경상
2018041700100394,2018년 4월 17일 16시,화요일,광주광역시 서구 풍암동,경상사고,0,0,1,0,차대사람 - 기타,보행자보호의무위반,건조,맑음,교차로 - 교차로횡단보도내,승용,여,51세,상해없음,보행자,여,7세,경상
2018041700100395,2018년 4월 17일 16시,화요일,광주광역시 서구 매월동,경상사고,0,0,1,0,차대차 - 측면충돌,안전운전불이행,건조,맑음,교차로 - 교차로안,특수,남,50세,상해없음,승용,여,57세,경상
2018041700100396,2018년 4월 17일 16시,화요일,광주광역시 남구 월산동,경상사고,0,0,1,0,차대차 - 측면충돌,안전운전불이행,건조,맑음,교차로 - 교차로부근,승용,여,38세,상해없음,승용,여,49세,경상
2018041700100438,2018년 4월 17일 17시,화요일,광주광역시 서구 금호동,경상사고,0,0,5,0,차대차 - 측면충돌,신호위반,건조,맑음,교차로 - 교차로안,승용,여,43세,경상,승용,남,62세,경상
2018041700100439,2018년 4월 17일 17시,화요일,광주광역시 남구 주월동,경상사고,0,0,1,0,차대차 - 측면충돌,직진우회전진행방해,건조,맑음,교차로 - 교차로안,승용,여,42세,상해없음,이륜,남,16세,경상
2018041700100473,2018년 4월 17일 18시,화요일,광주광역시 남구 주월동,경상사고,0,0,1,0,차대차 - 기타,안전운전불이행,건조,맑음,기타 - 기타,승용,남,50세,상해없음,승용,여,50세,경상
2018041700100474,2018년 4월 17일 18시,화요일,광주광역시 광산구 신창동,경상사고,0,0,2,1,차대차 - 측면충돌,신호위반,건조,맑음,교차로 - 교차로안,승용,남,34세,경상,승용,여,43세,경상
2018041700100511,2018년 4월 17일 19시,화요일,광주광역시 광산구 신창동,경상사고,0,0,2,0,차대차 - 추돌,안전거리미확보,건조,맑음,교차로 - 교차로부근,승용,남,68세,상해없음,승용,남,29세,상해없음
2018041700100539,2018년 4월 17일 20시,화요일,광주광역시 북구 두암동,경상사고,0,0,1,0,차대차 - 기타,안전운전불이행,건조,맑음,교차로 - 교차로안,승합,남,54세,상해없음,이륜,남,69세,경상
2018041700100570,2018년 4월 17일 21시,화요일,광주광역시 광산구 소촌동,경상사고,0,0,1,0,차대차 - 추돌,안전운전불이행,건조,맑음,교차로 - 교차로부근,승용,여,40세,상해없음,승용,여,46세,경상
2018041700100588,2018년 4월 17일 22시,화요일,광주광역시 광산구 송정동,경상사고,0,0,1,0,차대차 - 추돌,안전운전불이행,건조,맑음,단일로 - 기타,승용,남,28세,상해없음,승용,남,54세,경상
2018041800100142,2018년 4월 18일 08시,수요일,광주광역시 동구 산수동,경상사고,0,0,1,0,차대차 - 측면충돌,중앙선침범,건조,맑음,단일로 - 기타,자전거,남,22세,경상,승용,남,26세,상해없음
2018041800100143,2018년 4월 18일 08시,수요일,광주광역시 서구 마륵동,중상사고,0,1,0,0,차대차 - 측면충돌,안전운전불이행,건조,맑음,단일로 - 지하차도(도로)내,승용,여,34세,상해없음,자전거,여,51세,중상
2018041800100211,2018년 4월 18일 10시,수요일,광주광역시 남구 백운동,경상사고,0,0,1,0,차대사람 - 기타,안전운전불이행,건조,맑음,단일로 - 기타,승용,여,45세,상해없음,보행자,남,35세,경상
2018041800100260,2018년 4월 18일 12시,수요일,광주광역시 광산구 수완동,경상사고,0,0,2,0,차대차 - 기타,기타,건조,맑음,단일로 - 지하차도(도로)내,승용,남,50세,상해없음,승용,여,22세,경상
2018041800100352,2018년 4월 18일 15시,수요일,광주광역시 광산구 신촌동,경상사고,0,0,2,0,차대차 - 추돌,안전운전불이행,건조,맑음,단일로 - 기타,건설기계,남,60세,경상,건설기계,남,47세,경상
2018041800100392,2018년 4월 18일 16시,수요일,광주광역시 서구 광천동,경상사고,0,0,2,0,차대차 - 측면충돌,안전운전불이행,건조,맑음,교차로 - 교차로안,화물,남,36세,상해없음,승용,여,38세,경상
2018041800100393,2018년 4월 18일 16시,수요일,광주광역시 광산구 우산동,중상사고,0,1,0,0,차대차 - 측면충돌,중앙선침범,건조,맑음,교차로 - 교차로횡단보도내,자전거,남,81세,중상,승용,남,60세,상해없음
2018041800100394,2018년 4월 18일 16시,수요일,광주광역시 광산구 수완동,경상사고,0,0,1,0,차대차 - 추돌,안전운전불이행,건조,맑음,교차로 - 교차로부근,승용,남,16세,상해없음,승용,남,29세,경상
2018041800100484,2018년 4월 18일 18시,수요일,광주광역시 광산구 월계동,경상사고,0,0,1,0,차대차 - 측면충돌,안전운전불이행,건조,맑음,교차로 - 교차로안,승용,여,59세,상해없음,원동기,남,39세,경상
2018041800100513,2018년 4월 18일 19시,수요일,광주광역시 북구 연제동,경상사고,0,0,1,0,차대사람 - 횡단중,안전운전불이행,건조,맑음,교차로 - 교차로안,승용,남,55세,상해없음,보행자,여,46세,경상
2018041800100514,2018년 4월 18일 19시,수요일,광주광역시 북구 문흥동,중상사고,0,1,0,0,차대사람 - 횡단중,안전운전불이행,건조,맑음,단일로 - 기타,승용,남,46세,상해없음,보행자,남,59세,중상
2018041800100542,2018년 4월 18일 20시,수요일,광주광역시 서구 화정동,경상사고,0,0,1,0,차대차 - 측면충돌,안전운전불이행,건조,맑음,교차로 - 교차로안,승용,남,48세,상해없음,승용,여,62세,경상
2018041800100579,2018년 4월 18일 21시,수요일,광주광역시 서구 쌍촌동,경상사고,0,0,1,0,차대차 - 측면충돌,중앙선침범,건조,맑음,단일로 - 기타,승용,남,29세,상해없음,승용,남,55세,경상
2018041800100608,2018년 4월 18일 22시,수요일,광주광역시 서구 화정동,경상사고,0,0,2,0,차대차 - 측면충돌,안전운전불이행,건조,맑음,단일로 - 기타,승용,남,35세,상해없음,승용,남,55세,경상
2018041800100624,2018년 4월 18일 23시,수요일,광주광역시 북구 동림동,경상사고,0,0,2,0,차대차 - 측면충돌,안전운전불이행,건조,맑음,단일로 - 기타,승용,여,40세,경상,승용,남,29세,경상
2018041800100625,2018년 4월 18일 23시,수요일,광주광역시 광산구 신가동,경상사고,0,0,1,0,차대차 - 측면충돌,직진우회전진행방해,건조,맑음,교차로 - 교차로안,승용,남,34세,상해없음,이륜,남,26세,경상
2018041900100021,2018년 4월 19일 00시,목요일,광주광역시 서구 금호동,중상사고,0,1,0,0,차대차 - 측면충돌,안전운전불이행,건조,맑음,교차로 - 교차로안,승용,남,39세,상해없음,승용,여,62세,중상
2018041900100047,2018년 4월 19일 03시,목요일,광주광역시 남구 주월동,경상사고,0,0,1,0,차대차 - 측면충돌,신호위반,건조,맑음,교차로 - 교차로안,승용,여,58세,상해없음,승용,여,52세,경상
2018041900100059,2018년 4월 19일 05시,목요일,광주광역시 서구 농성동,경상사고,0,0,1,1,차대차 - 측면충돌,신호위반,건조,맑음,교차로 - 교차로안,기타불명,기타불명,미분류,기타불명,승용,남,36세,경상
2018041900100095,2018년 4월 19일 07시,목요일,광주광역시 북구 일곡동,경상사고,0,0,2,0,차대차 - 측면충돌,안전운전불이행,건조,맑음,단일로 - 기타,승합,남,70세,상해없음,승용,남,23세,경상
2018041900100164,2018년 4월 19일 09시,목요일,광주광역시 광산구 수완동,경상사고,0,0,1,0,차대차 - 측면충돌,안전거리미확보,건조,맑음,단일로 - 기타,승용,남,56세,상해없음,승용,여,43세,경상
2018041900100246,2018년 4월 19일 12시,목요일,광주광역시 남구 진월동,중상사고,0,1,1,0,차대차 - 측면충돌,안전운전불이행,건조,맑음,단일로 - 기타,승용,남,61세,상해없음,이륜,남,43세,중상
2018041900100276,2018년 4월 19일 13시,목요일,광주광역시 광산구 송정동,중상사고,0,1,0,0,차대차 - 측면충돌,신호위반,건조,맑음,교차로 - 교차로안,승용,남,72세,상해없음,이륜,남,18세,중상
2018041900100314,2018년 4월 19일 14시,목요일,광주광역시 북구 오룡동,경상사고,0,0,1,0,차대차 - 기타,안전운전불이행,건조,맑음,교차로 - 교차로안,화물,남,55세,상해없음,승용,여,38세,상해없음
2018041900100348,2018년 4월 19일 15시,목요일,광주광역시 남구 진월동,경상사고,0,0,2,0,차대사람 - 횡단중,보행자보호의무위반,건조,맑음,교차로 - 교차로부근,승용,남,29세,상해없음,보행자,여,19세,경상
2018041900100349,2018년 4월 19일 15시,목요일,광주광역시 북구 각화동,경상사고,0,0,1,0,차대차 - 측면충돌,중앙선침범,건조,맑음,단일로 - 기타,이륜,남,80세,경상,화물,남,47세,상해없음
2018041900100350,2018년 4월 19일 15시,목요일,광주광역시 북구 운암동,경상사고,0,0,1,0,차대차 - 측면충돌,신호위반,건조,맑음,교차로 - 교차로안,자전거,남,76세,경상,승용,남,45세,상해없음
2018041900100351,2018년 4월 19일 15시,목요일,광주광역시 광산구 수완동,경상사고,0,0,1,0,차대차 - 측면충돌,기타,건조,맑음,단일로 - 기타,화물,남,29세,경상,승용,여,33세,상해없음
2018041900100352,2018년 4월 19일 15시,목요일,광주광역시 광산구 소촌동,중상사고,0,1,0,0,차량단독 - 기타,안전운전불이행,건조,맑음,교차로 - 교차로부근,승합,남,35세,상해없음,,,,
2018041900100437,2018년 4월 19일 17시,목요일,광주광역시 동구 계림동,부상신고사고,0,0,0,1,차대사람 - 횡단중,보행자보호의무위반,건조,맑음,교차로 - 교차로횡단보도내,기타불명,기타불명,미분류,기타불명,보행자,남,12세,부상신고
2018041900100438,2018년 4월 19일 17시,목요일,광주광역시 북구 매곡동,경상사고,0,0,4,0,차대차 - 기타,안전운전불이행,건조,맑음,단일로 - 기타,승용,남,31세,상해없음,승용,여,53세,경상
2018041900100439,2018년 4월 19일 17시,목요일,광주광역시 북구 용봉동,경상사고,0,0,5,0,차대차 - 측면충돌,교차로운행방법위반,건조,맑음,교차로 - 교차로안,승용,여,58세,경상,승용,남,45세,경상
2018041900100484,2018년 4월 19일 18시,목요일,광주광역시 서구 금호동,경상사고,0,0,1,0,차대차 - 기타,불법유턴,건조,맑음,단일로 - 기타,승용,남,53세,상해없음,승용,남,42세,경상
2018041900100517,2018년 4월 19일 19시,목요일,광주광역시 서구 쌍촌동,경상사고,0,0,2,0,차대차 - 측면충돌,교차로운행방법위반,건조,맑음,교차로 - 교차로안,승용,남,72세,상해없음,승용,여,29세,경상
2018041900100518,2018년 4월 19일 19시,목요일,광주광역시 북구 신안동,경상사고,0,0,1,0,차대차 - 측면충돌,안전운전불이행,건조,맑음,교차로 - 교차로안,기타불명,기타불명,미분류,기타불명,이륜,남,22세,경상
2018041900100519,2018년 4월 19일 19시,목요일,광주광역시 광산구 소촌동,경상사고,0,0,3,0,차대차 - 추돌,안전운전불이행,건조,맑음,단일로 - 지하차도(도로)내,화물,남,65세,상해없음,승용,남,51세,경상
2018041900100548,2018년 4월 19일 20시,목요일,광주광역시 북구 본촌동,경상사고,0,0,2,0,차대차 - 측면충돌,안전운전불이행,건조,맑음,교차로 - 교차로안,승합,남,44세,경상,승용,남,27세,경상
2018041900100577,2018년 4월 19일 21시,목요일,광주광역시 서구 치평동,경상사고,0,0,3,0,차대차 - 측면충돌,안전운전불이행,건조,흐림,단일로 - 기타,승용,남,35세,기타불명,승용,남,34세,경상
2018041900100611,2018년 4월 19일 23시,목요일,광주광역시 북구 오치동,경상사고,0,0,1,0,차대차 - 기타,안전운전불이행,건조,맑음,단일로 - 기타,승용,남,54세,상해없음,이륜,남,22세,경상
2018041900100612,2018년 4월 19일 23시,목요일,광주광역시 광산구 운남동,중상사고,0,1,0,0,차대사람 - 횡단중,신호위반,건조,맑음,교차로 - 교차로횡단보도내,이륜,남,19세,상해없음,보행자,여,23세,중상
2018042000100013,2018년 4월 20일 00시,금요일,광주광역시 서구 쌍촌동,사망사고,1,1,0,0,차대사람 - 횡단중,과속,건조,맑음,단일로 - 기타,승용,남,41세,상해없음,보행자,여,23세,사망
2018042000100027,2018년 4월 20일 01시,금요일,광주광역시 서구 금호동,경상사고,0,0,1,0,차대사람 - 기타,안전운전불이행,건조,맑음,단일로 - 기타,기타불명,기타불명,미분류,기타불명,보행자,여,49세,경상
2018042000100028,2018년 4월 20일 01시,금요일,광주광역시 광산구 우산동,사망사고,1,0,0,0,차량단독 - 도로외이탈 - 추락,안전운전불이행,건조,맑음,단일로 - 기타,승용,남,40세,사망,,,,
2018042000100154,2018년 4월 20일 09시,금요일,광주광역시 남구 백운동,경상사고,0,0,1,0,차대차 - 측면충돌,안전거리미확보,건조,맑음,단일로 - 기타,승합,남,54세,상해없음,승용,여,63세,경상
2018042000100225,2018년 4월 20일 11시,금요일,광주광역시 북구 매곡동,경상사고,0,0,6,0,차대차 - 추돌,안전운전불이행,건조,맑음,단일로 - 기타,승용,여,28세,경상,승용,여,42세,경상
2018042000100226,2018년 4월 20일 11시,금요일,광주광역시 북구 임동,중상사고,0,1,0,0,차대차 - 측면충돌,교차로운행방법위반,건조,맑음,교차로 - 교차로안,승용,여,34세,상해없음,이륜,남,37세,중상
2018042000100285,2018년 4월 20일 13시,금요일,광주광역시 북구 신안동,경상사고,0,0,1,0,차대차 - 측면충돌,안전거리미확보,건조,맑음,단일로 - 기타,이륜,남,66세,경상,승합,남,53세,상해없음
2018042000100310,2018년 4월 20일 14시,금요일,광주광역시 북구 임동,경상사고,0,0,1,0,차대차 - 측면충돌,신호위반,건조,맑음,교차로 - 교차로안,승용,남,41세,상해없음,화물,남,65세,경상
2018042000100397,2018년 4월 20일 16시,금요일,광주광역시 광산구 쌍암동,경상사고,0,0,1,0,차대차 - 측면충돌,신호위반,건조,맑음,교차로 - 교차로안,승합,남,26세,경상,승용,남,28세,상해없음
2018042000100457,2018년 4월 20일 17시,금요일,광주광역시 북구 운암동,경상사고,0,0,1,0,차대차 - 추돌,안전거리미확보,건조,맑음,단일로 - 기타,승용,남,64세,상해없음,화물,남,38세,상해없음
2018042000100458,2018년 4월 20일 17시,금요일,광주광역시 북구 문흥동,경상사고,0,0,1,0,차대차 - 측면충돌,중앙선침범,건조,맑음,단일로 - 기타,자전거,여,42세,경상,승용,남,56세,상해없음
2018042000100459,2018년 4월 20일 17시,금요일,광주광역시 광산구 신창동,경상사고,0,0,1,0,차대사람 - 횡단중,안전운전불이행,건조,맑음,교차로 - 교차로부근,승용,여,42세,상해없음,보행자,남,5세,경상
2018042000100460,2018년 4월 20일 17시,금요일,광주광역시 광산구 월계동,경상사고,0,0,1,0,차대사람 - 횡단중,보행자보호의무위반,건조,맑음,교차로 - 교차로횡단보도내,화물,남,63세,상해없음,보행자,여,12세,경상
2018042000100550,2018년 4월 20일 19시,금요일,광주광역시 광산구 우산동,경상사고,0,0,1,0,차대차 - 측면충돌,교차로운행방법위반,건조,맑음,교차로 - 교차로안,승용,여,41세,상해없음,승용,남,58세,경상
2018042000100596,2018년 4월 20일 20시,금요일,광주광역시 북구 용봉동,경상사고,0,0,1,0,차대사람 - 횡단중,신호위반,건조,맑음,단일로 - 기타,승용,여,50세,상해없음,보행자,여,58세,경상
2018042000100654,2018년 4월 20일 22시,금요일,광주광역시 북구 오치동,경상사고,0,0,1,0,차대차 - 기타,중앙선침범,건조,맑음,단일로 - 기타,승용,남,58세,상해없음,개인형이동수단(PM),남,41세,경상
2018042100100020,2018년 4월 21일 00시,토요일,광주광역시 남구 송하동,중상사고,0,1,0,0,차대차 - 측면충돌,안전거리미확보,건조,맑음,단일로 - 기타,승용,여,41세,상해없음,이륜,남,34세,중상
2018042100100039,2018년 4월 21일 01시,토요일,광주광역시 남구 주월동,경상사고,0,0,1,0,차대차 - 측면충돌,중앙선침범,건조,맑음,교차로 - 교차로안,승용,남,45세,상해없음,승용,남,25세,경상
2018042100100240,2018년 4월 21일 11시,토요일,광주광역시 서구 매월동,중상사고,0,1,0,0,차대차 - 측면충돌,교차로운행방법위반,건조,맑음,교차로 - 교차로안,승용,여,44세,상해없음,이륜,남,55세,중상
2018042100100241,2018년 4월 21일 11시,토요일,광주광역시 북구 용봉동,경상사고,0,0,1,0,차대차 - 추돌,안전운전불이행,건조,흐림,단일로 - 기타,승용,여,41세,상해없음,승합,남,58세,경상
2018042100100242,2018년 4월 21일 11시,토요일,광주광역시 북구 용봉동,중상사고,0,1,0,0,차대차 - 측면충돌,교차로운행방법위반,건조,맑음,교차로 - 교차로안,승용,여,24세,상해없음,이륜,남,78세,중상
2018042100100243,2018년 4월 21일 11시,토요일,광주광역시 광산구 소촌동,경상사고,0,0,1,0,차대사람 - 차도통행중,안전운전불이행,건조,맑음,단일로 - 기타,승용,남,68세,상해없음,보행자,남,29세,경상
2018042100100244,2018년 4월 21일 11시,토요일,광주광역시 서구 덕흥동,경상사고,0,0,3,0,차대차 - 추돌,안전운전불이행,건조,맑음,단일로 - 기타,승용,남,42세,상해없음,승용,남,72세,경상
2018042100100310,2018년 4월 21일 13시,토요일,광주광역시 북구 풍향동,경상사고,0,0,2,0,차대차 - 측면충돌,안전운전불이행,건조,맑음,기타 - 기타,승용,남,59세,상해없음,승용,남,28세,경상
2018042100100346,2018년 4월 21일 14시,토요일,광주광역시 동구 계림동,경상사고,0,0,3,0,차대차 - 측면충돌,안전운전불이행,건조,맑음,교차로 - 교차로부근,이륜,남,19세,경상,승용,남,30세,경상
2018042100100390,2018년 4월 21일 15시,토요일,광주광역시 남구 송하동,경상사고,0,0,4,0,차대차 - 추돌,안전거리미확보,건조,맑음,단일로 - 기타,승용,남,26세,경상,승용,남,69세,경상
2018042100100493,2018년 4월 21일 17시,토요일,광주광역시 북구 두암동,경상사고,0,0,3,0,차대차 - 추돌,안전운전불이행,건조,맑음,교차로 - 교차로안,승용,남,40세,경상,승용,남,35세,경상
2018042100100494,2018년 4월 21일 17시,토요일,광주광역시 광산구 우산동,경상사고,0,0,1,0,차대차 - 측면충돌,안전운전불이행,건조,맑음,교차로 - 교차로안,승용,남,66세,상해없음,승용,남,28세,경상
2018042100100545,2018년 4월 21일 18시,토요일,광주광역시 서구 매월동,경상사고,0,0,1,0,차대차 - 기타,안전운전불이행,건조,맑음,교차로 - 교차로안,승용,남,63세,상해없음,승용,남,44세,상해없음
2018042100100546,2018년 4월 21일 18시,토요일,광주광역시 북구 신안동,경상사고,0,0,1,0,차대차 - 정면충돌,안전운전불이행,건조,맑음,교차로 - 교차로부근,승용,남,51세,기타불명,승용,남,51세,경상
2018042100100547,2018년 4월 21일 18시,토요일,광주광역시 광산구 우산동,경상사고,0,0,1,0,차대차 - 측면충돌,안전운전불이행,건조,맑음,교차로 - 교차로부근,승용,남,26세,상해없음,승용,남,62세,경상
2018042100100645,2018년 4월 21일 21시,토요일,광주광역시 광산구 산월동,경상사고,0,0,2,0,차대차 - 측면충돌,안전운전불이행,건조,맑음,교차로 - 교차로부근,승용,남,54세,상해없음,승용,남,48세,경상
2018042100100646,2018년 4월 21일 21시,토요일,광주광역시 광산구 운수동,경상사고,0,0,1,0,차대차 - 측면충돌,안전거리미확보,건조,맑음,단일로 - 기타,승용,남,24세,상해없음,승용,남,58세,경상
2018042100100687,2018년 4월 21일 22시,토요일,광주광역시 동구 학동,경상사고,0,0,1,0,차대차 - 기타,안전운전불이행,건조,맑음,교차로 - 교차로부근,이륜,남,18세,상해없음,이륜,남,54세,경상
2018042200100012,2018년 4월 22일 00시,일요일,광주광역시 동구 서석동,경상사고,0,0,1,0,차대차 - 측면충돌,안전운전불이행,건조,맑음,교차로 - 교차로안,이륜,남,22세,경상,화물,남,23세,상해없음
2018042200100045,2018년 4월 22일 03시,일요일,광주광역시 광산구 우산동,경상사고,0,0,1,0,차량단독 - 기타,안전운전불이행,건조,맑음,단일로 - 기타,승용,남,44세,경상,,,,
2018042200100081,2018년 4월 22일 07시,일요일,광주광역시 광산구 유계동,중상사고,0,2,3,1,차대차 - 측면충돌,중앙선침범,젖음/습기,흐림,단일로 - 교량,승용,남,28세,부상신고,승용,남,43세,경상
2018042200100110,2018년 4월 22일 09시,일요일,광주광역시 동구 산수동,경상사고,0,0,1,0,차대차 - 기타,안전거리미확보,젖음/습기,비,단일로 - 기타,승용,남,63세,상해없음,승용,남,39세,경상
2018042200100111,2018년 4월 22일 09시,일요일,광주광역시 북구 문흥동,경상사고,0,0,1,0,차대차 - 추돌,안전운전불이행,젖음/습기,흐림,교차로 - 교차로안,승용,남,60세,상해없음,승용,남,45세,경상
2018042200100184,2018년 4월 22일 12시,일요일,광주광역시 서구 마륵동,중상사고,0,1,4,0,차대차 - 측면충돌,안전운전불이행,건조,맑음,단일로 - 기타,승용,남,47세,상해없음,화물,남,43세,중상
2018042200100206,2018년 4월 22일 13시,일요일,광주광역시 북구 신용동,경상사고,0,0,1,0,차대차 - 측면충돌,안전운전불이행,건조,맑음,단일로 - 기타,승용,남,68세,상해없음,원동기,남,27세,경상
2018042200100259,2018년 4월 22일 15시,일요일,광주광역시 서구 광천동,경상사고,0,0,1,0,차대차 - 측면충돌,안전운전불이행,건조,맑음,교차로 - 교차로부근,화물,남,52세,상해없음,승용,남,33세,경상
2018042200100311,2018년 4월 22일 17시,일요일,광주광역시 북구 두암동,경상사고,0,0,1,0,차대차 - 추돌,안전운전불이행,건조,맑음,단일로 - 기타,승용,남,29세,기타불명,승용,여,29세,경상
2018042200100373,2018년 4월 22일 19시,일요일,광주광역시 광산구 월곡동,경상사고,0,0,1,0,차대사람 - 기타,안전운전불이행,건조,맑음,교차로 - 교차로안,승용,여,55세,상해없음,보행자,여,74세,경상
2018042200100415,2018년 4월 22일 20시,일요일,광주광역시 남구 백운동,경상사고,0,0,1,0,차대차 - 측면충돌,교차로운행방법위반,건조,맑음,교차로 - 교차로안,승용,남,27세,상해없음,이륜,남,38세,경상
2018042200100416,2018년 4월 22일 20시,일요일,광주광역시 북구 운암동,경상사고,0,0,3,0,차대차 - 추돌,안전운전불이행,젖음/습기,흐림,단일로 - 기타,승용,남,55세,상해없음,승용,남,27세,경상
2018042200100450,2018년 4월 22일 21시,일요일,광주광역시 서구 농성동,경상사고,0,0,2,0,차대차 - 기타,교차로운행방법위반,젖음/습기,흐림,교차로 - 교차로안,승용,남,75세,상해없음,승용,남,28세,경상
2018042200100451,2018년 4월 22일 21시,일요일,광주광역시 북구 신안동,경상사고,0,0,5,0,차대차 - 측면충돌,교차로운행방법위반,젖음/습기,비,교차로 - 교차로안,승용,여,54세,경상,승용,남,34세,경상
2018042200100492,2018년 4월 22일 23시,일요일,광주광역시 북구 삼각동,경상사고,0,0,2,0,차대차 - 추돌,안전운전불이행,젖음/습기,비,교차로 - 교차로부근,화물,남,38세,상해없음,승용,남,54세,경상
2018042200100493,2018년 4월 22일 23시,일요일,광주광역시 북구 신안동,경상사고,0,0,2,0,차대차 - 기타,안전운전불이행,젖음/습기,비,단일로 - 기타,승용,여,37세,상해없음,승용,남,45세,경상
2018042300100009,2018년 4월 23일 00시,월요일,광주광역시 서구 광천동,경상사고,0,0,2,0,차대차 - 측면충돌,안전운전불이행,건조,맑음,교차로 - 교차로부근,승용,남,28세,상해없음,승용,남,67세,경상
2018042300100026,2018년 4월 23일 02시,월요일,광주광역시 서구 쌍촌동,중상사고,0,1,0,0,차대차 - 기타,중앙선침범,젖음/습기,비,단일로 - 기타,기타불명,기타불명,미분류,기타불명,이륜,남,57세,중상