사고번호,사고일시,요일,시군구,사고내용,사망자수,중상자수,경상자수,부상신고자수,사고유형,법규위반,노면상태,기상상태,도로형태,가해운전자 차종,가해운전자 성별,가해운전자 연령,가해운전자 상해정도,피해운전자 차종,피해운전자 성별,피해운전자 연령,피해운전자 상해정도
2018042800100274,2018년 4월 28일 11시,토요일,광주광역시 광산구 신촌동,경상사고,0,0,1,0,차대차 - 측면충돌,안전거리미확보,건조,맑음,기타 - 기타,승용,남,67세,기타불명,화물,남,52세,경상
2018042800100312,2018년 4월 28일 12시,토요일,광주광역시 서구 농성동,경상사고,0,0,1,0,차대차 - 추돌,안전운전불이행,건조,맑음,교차로 - 교차로부근,승용,여,40세,상해없음,승용,여,21세,경상
2018042800100313,2018년 4월 28일 12시,토요일,광주광역시 서구 농성동,경상사고,0,0,3,0,차대차 - 추돌,안전운전불이행,기타,기타,교차로 - 교차로부근,승용,남,35세,상해없음,승용,남,35세,경상
2018042800100314,2018년 4월 28일 12시,토요일,광주광역시 북구 양산동,중상사고,0,1,0,0,차대차 - 측면충돌,교차로운행방법위반,건조,맑음,교차로 - 교차로안,승용,남,33세,상해없음,원동기,남,54세,중상
2018042800100315,2018년 4월 28일 12시,토요일,광주광역시 광산구 월계동,경상사고,0,0,1,0,차대차 - 정면충돌,안전운전불이행,건조,맑음,단일로 - 기타,승용,여,52세,상해없음,승용,남,34세,경상
2018042800100389,2018년 4월 28일 14시,토요일,광주광역시 남구 주월동,중상사고,0,1,2,0,차대차 - 추돌,안전운전불이행,건조,맑음,교차로 - 교차로부근,화물,여,68세,상해없음,승용,여,28세,경상
2018042800100567,2018년 4월 28일 19시,토요일,광주광역시 북구 두암동,중상사고,0,1,1,0,차대차 - 측면충돌,안전거리미확보,건조,맑음,단일로 - 기타,승용,남,47세,상해없음,원동기,남,45세,중상
2018042800100568,2018년 4월 28일 19시,토요일,광주광역시 광산구 수완동,경상사고,0,0,3,0,차대차 - 측면충돌,차로위반,건조,맑음,기타 - 기타,이륜,남,22세,경상,승용,여,32세,경상
2018042800100569,2018년 4월 28일 19시,토요일,광주광역시 광산구 장록동,부상신고사고,0,0,0,1,차대차 - 측면충돌,안전운전불이행,건조,맑음,교차로 - 교차로안,자전거,남,23세,부상신고,승용,남,57세,상해없음
2018042800100597,2018년 4월 28일 20시,토요일,광주광역시 북구 운암동,중상사고,0,1,1,0,차량단독 - 기타,안전운전불이행,건조,맑음,단일로 - 기타,승합,남,64세,상해없음,,,,
2018042800100650,2018년 4월 28일 22시,토요일,광주광역시 남구 월산동,경상사고,0,0,1,0,차대차 - 기타,기타,건조,맑음,단일로 - 기타,승용,여,40세,상해없음,승용,남,53세,상해없음
2018042800100673,2018년 4월 28일 23시,토요일,광주광역시 북구 두암동,경상사고,0,0,3,0,차대차 - 추돌,안전운전불이행,건조,맑음,단일로 - 기타,승용,남,63세,경상,승용,여,36세,경상
2018042900100014,2018년 4월 29일 00시,일요일,광주광역시 광산구 운남동,경상사고,0,0,2,0,차대차 - 기타,신호위반,건조,맑음,교차로 - 교차로안,승용,남,50세,상해없음,승용,남,49세,경상
2018042900100042,2018년 4월 29일 02시,일요일,광주광역시 서구 매월동,중상사고,0,1,3,0,차대차 - 정면충돌,안전운전불이행,건조,맑음,단일로 - 기타,승용,남,19세,경상,승용,남,59세,경상
2018042900100053,2018년 4월 29일 03시,일요일,광주광역시 광산구 쌍암동,사망사고,1,0,0,0,차대사람 - 차도통행중,안전운전불이행,건조,맑음,기타 - 기타,승용,여,62세,상해없음,보행자,남,33세,사망
2018042900100083,2018년 4월 29일 06시,일요일,광주광역시 북구 임동,경상사고,0,0,1,0,차대차 - 측면충돌,중앙선침범,건조,맑음,단일로 - 기타,승합,남,32세,상해없음,승용,남,49세,경상
2018042900100097,2018년 4월 29일 07시,일요일,광주광역시 북구 용봉동,경상사고,0,0,2,0,차대차 - 측면충돌,안전운전불이행,건조,맑음,교차로 - 교차로안,승용,남,55세,상해없음,승용,남,32세,경상
2018042900100248,2018년 4월 29일 13시,일요일,광주광역시 광산구 월계동,경상사고,0,0,1,0,차대차 - 측면충돌,교차로운행방법위반,건조,맑음,교차로 - 교차로부근,화물,남,38세,상해없음,이륜,남,28세,경상
2018042900100284,2018년 4월 29일 14시,일요일,광주광역시 동구 금남로5가,경상사고,0,0,1,0,차대사람 - 기타,안전운전불이행,건조,맑음,기타 - 기타,승용,남,45세,상해없음,보행자,남,45세,경상
2018042900100402,2018년 4월 29일 17시,일요일,광주광역시 북구 양산동,경상사고,0,0,7,0,차대차 - 추돌,안전운전불이행,건조,맑음,단일로 - 기타,승용,남,30세,상해없음,승용,남,35세,경상
2018042900100434,2018년 4월 29일 18시,일요일,광주광역시 서구 풍암동,경상사고,0,0,3,0,차대차 - 측면충돌,안전운전불이행,건조,맑음,단일로 - 기타,승용,여,47세,상해없음,승용,남,50세,경상
2018042900100462,2018년 4월 29일 19시,일요일,광주광역시 서구 금호동,경상사고,0,0,1,0,차대차 - 측면충돌,교차로운행방법위반,건조,맑음,교차로 - 교차로안,승용,여,28세,상해없음,이륜,남,26세,경상
2018042900100520,2018년 4월 29일 21시,일요일,광주광역시 북구 신용동,중상사고,0,1,0,0,차대차 - 측면충돌,안전운전불이행,건조,맑음,교차로 - 교차로부근,승용,남,50세,상해없음,자전거,남,15세,중상
2018042900100537,2018년 4월 29일 22시,일요일,광주광역시 동구 대인동,경상사고,0,0,3,0,차대차 - 기타,신호위반,건조,맑음,교차로 - 교차로안,화물,남,60세,기타불명,승용,남,50세,경상
2018042900100553,2018년 4월 29일 23시,일요일,광주광역시 북구 두암동,경상사고,0,0,2,0,차대차 - 기타,안전운전불이행,건조,맑음,단일로 - 기타,승용,남,50세,상해없음,승용,남,36세,경상
2018043000100087,2018년 4월 30일 07시,월요일,광주광역시 광산구 운남동,중상사고,0,1,0,0,차대차 - 기타,안전거리미확보,건조,맑음,단일로 - 기타,화물,남,50세,상해없음,승합,남,41세,상해없음
2018043000100129,2018년 4월 30일 08시,월요일,광주광역시 서구 치평동,경상사고,0,0,1,0,차량단독 - 기타,안전운전불이행,건조,맑음,단일로 - 기타,승합,남,50세,상해없음,,,,
2018043000100130,2018년 4월 30일 08시,월요일,광주광역시 남구 주월동,경상사고,0,0,1,0,차대사람 - 횡단중,안전운전불이행,건조,맑음,교차로 - 교차로안,승용,남,38세,상해없음,보행자,여,69세,경상
2018043000100159,2018년 4월 30일 09시,월요일,광주광역시 서구 화정동,경상사고,0,0,6,0,차대차 - 기타,안전운전불이행,건조,맑음,교차로 - 교차로안,승용,남,31세,상해없음,승용,남,46세,상해없음
2018043000100194,2018년 4월 30일 10시,월요일,광주광역시 북구 문흥동,중상사고,0,1,0,0,차대사람 - 차도통행중,안전운전불이행,건조,맑음,단일로 - 기타,승용,남,62세,상해없음,보행자,남,79세,중상
2018043000100238,2018년 4월 30일 11시,월요일,광주광역시 서구 유촌동,경상사고,0,0,2,0,차대차 - 측면충돌,안전운전불이행,건조,맑음,교차로 - 교차로안,화물,남,54세,상해없음,화물,남,52세,경상
2018043000100239,2018년 4월 30일 11시,월요일,광주광역시 남구 월산동,경상사고,0,0,1,0,차대사람 - 기타,안전운전불이행,건조,맑음,교차로 - 교차로부근,승용,여,54세,상해없음,보행자,남,53세,경상
2018043000100268,2018년 4월 30일 12시,월요일,광주광역시 남구 방림동,경상사고,0,0,1,0,차대차 - 측면충돌,기타,건조,맑음,단일로 - 기타,화물,남,29세,상해없음,승용,남,36세,경상
2018043000100303,2018년 4월 30일 13시,월요일,광주광역시 남구 임암동,경상사고,0,0,1,0,차대차 - 측면충돌,신호위반,건조,맑음,교차로 - 교차로안,건설기계,남,68세,상해없음,화물,남,57세,경상
2018043000100337,2018년 4월 30일 14시,월요일,광주광역시 광산구 우산동,중상사고,0,1,1,0,차대차 - 측면충돌,안전거리미확보,건조,맑음,단일로 - 기타,화물,남,57세,상해없음,화물,남,48세,중상
2018043000100374,2018년 4월 30일 15시,월요일,광주광역시 서구 서창동,중상사고,0,1,0,0,차대사람 - 길가장자리구역통행중,안전운전불이행,건조,맑음,단일로 - 기타,승용,남,61세,상해없음,보행자,여,74세,중상
2018043000100457,2018년 4월 30일 17시,월요일,광주광역시 서구 유촌동,중상사고,0,1,0,0,차량단독 - 공작물충돌,안전운전불이행,건조,맑음,단일로 - 기타,승용,여,22세,상해없음,,,,
2018043000100458,2018년 4월 30일 17시,월요일,광주광역시 서구 치평동,경상사고,0,0,1,0,차대차 - 측면충돌,안전운전불이행,건조,맑음,단일로 - 기타,승용,남,58세,상해없음,원동기,남,62세,경상
2018043000100459,2018년 4월 30일 17시,월요일,광주광역시 북구 용봉동,경상사고,0,0,2,1,차대차 - 측면충돌,안전운전불이행,건조,맑음,단일로 - 기타,승용,남,34세,부상신고,승용,여,41세,경상
2018043000100503,2018년 4월 30일 18시,월요일,광주광역시 북구 신안동,경상사고,0,0,4,0,차대차 - 측면충돌,교차로운행방법위반,건조,맑음,교차로 - 교차로안,승용,여,44세,경상,승합,남,48세,경상
2018043000100539,2018년 4월 30일 19시,월요일,광주광역시 북구 일곡동,경상사고,0,0,1,0,차대차 - 기타,안전운전불이행,건조,흐림,단일로 - 기타,승용,남,44세,기타불명,승합,남,48세,상해없음
2018043000100540,2018년 4월 30일 19시,월요일,광주광역시 광산구 삼거동,사망사고,1,0,0,0,차량단독 - 도로외이탈 - 추락,안전운전불이행,건조,맑음,교차로 - 교차로부근,자전거,남,73세,사망,,,,
2018043000100575,2018년 4월 30일 20시,월요일,광주광역시 광산구 도천동,경상사고,0,0,2,1,차대차 - 추돌,안전운전불이행,건조,맑음,단일로 - 기타,승용,남,55세,부상신고,승용,남,59세,경상
2018050100100019,2018년 5월 1일 00시,화요일,광주광역시 서구 금호동,경상사고,0,0,1,0,차대차 - 추돌,안전운전불이행,건조,맑음,교차로 - 교차로부근,승용,여,28세,상해없음,승용,남,59세,경상
2018050100100053,2018년 5월 1일 03시,화요일,광주광역시 서구 풍암동,경상사고,0,0,1,0,차대사람 - 차도통행중,안전운전불이행,건조,맑음,교차로 - 교차로부근,승용,남,18세,상해없음,보행자,남,33세,경상
2018050100100126,2018년 5월 1일 08시,화요일,광주광역시 남구 월산동,경상사고,0,0,1,0,차대차 - 측면충돌,안전거리미확보,건조,맑음,교차로 - 교차로부근,승용,남,28세,기타불명,승용,여,44세,경상
2018050100100153,2018년 5월 1일 09시,화요일,광주광역시 서구 화정동,경상사고,0,0,1,0,차대차 - 기타,안전운전불이행,건조,맑음,교차로 - 교차로부근,승용,남,36세,상해없음,자전거,남,74세,경상
2018050100100228,2018년 5월 1일 12시,화요일,광주광역시 북구 각화동,경상사고,0,0,3,0,차대차 - 측면충돌,차로위반,건조,맑음,단일로 - 기타,승용,남,57세,경상,승용,남,67세,경상
2018050100100263,2018년 5월 1일 13시,화요일,광주광역시 남구 봉선동,경상사고,0,0,1,0,차대차 - 후진중충돌,안전운전불이행,건조,맑음,단일로 - 기타,승용,여,60세,상해없음,승용,여,27세,상해없음
2018050100100294,2018년 5월 1일 14시,화요일,광주광역시 광산구 수완동,경상사고,0,0,2,0,차대차 - 측면충돌,중앙선침범,건조,맑음,단일로 - 기타,승용,남,67세,상해없음,승용,여,44세,경상
2018050100100357,2018년 5월 1일 16시,화요일,광주광역시 서구 마륵동,경상사고,0,0,1,0,차대차 - 추돌,안전운전불이행,건조,맑음,교차로 - 교차로안,승용,남,51세,상해없음,승용,여,53세,경상
2018050100100358,2018년 5월 1일 16시,화요일,광주광역시 광산구 신가동,경상사고,0,0,1,0,차대사람 - 횡단중,안전운전불이행,건조,맑음,교차로 - 교차로부근,승용,남,38세,상해없음,보행자,여,12세,경상
2018050100100413,2018년 5월 1일 18시,화요일,광주광역시 서구 치평동,경상사고,0,0,2,0,차대차 - 측면충돌,신호위반,건조,맑음,교차로 - 교차로안,승용,여,64세,기타불명,승용,남,58세,경상
2018050100100439,2018년 5월 1일 19시,화요일,광주광역시 서구 광천동,경상사고,0,0,1,0,차대사람 - 길가장자리구역통행중,안전운전불이행,건조,맑음,단일로 - 기타,승용,여,31세,상해없음,보행자,남,46세,경상
2018050100100440,2018년 5월 1일 19시,화요일,광주광역시 북구 동림동,경상사고,0,0,1,0,차대차 - 추돌,안전거리미확보,건조,맑음,교차로 - 교차로부근,승용,남,58세,상해없음,승용,여,30세,경상
2018050100100441,2018년 5월 1일 19시,화요일,광주광역시 광산구 장덕동,경상사고,0,0,1,0,차대사람 - 횡단중,신호위반,건조,맑음,교차로 - 교차로횡단보도내,이륜,남,19세,상해없음,보행자,남,2세,경상
2018050100100501,2018년 5월 1일 21시,화요일,광주광역시 서구 화정동,경상사고,0,0,1,0,차대차 - 기타,중앙선침범,기타,비,단일로 - 기타,승합,남,24세,상해없음,이륜,남,20세,경상
2018050100100502,2018년 5월 1일 21시,화요일,광주광역시 남구 봉선동,중상사고,0,1,0,0,차대차 - 측면충돌,교차로운행방법위반,건조,맑음,교차로 - 교차로안,원동기,남,17세,상해없음,원동기,남,29세,중상
2018050100100503,2018년 5월 1일 21시,화요일,광주광역시 남구 주월동,경상사고,0,0,1,0,차대사람 - 횡단중,보행자보호의무위반,건조,맑음,교차로 - 교차로안,승용,남,46세,상해없음,보행자,여,48세,경상
2018050200100011,2018년 5월 2일 00시,수요일,광주광역시 동구 지산동,경상사고,0,0,1,0,차대사람 - 횡단중,안전운전불이행,젖음/습기,비,단일로 - 기타,원동기,남,26세,경상,보행자,남,70세,상해없음
2018050200100012,2018년 5월 2일 00시,수요일,광주광역시 서구 화정동,중상사고,0,1,1,0,차대차 - 측면충돌,안전운전불이행,건조,맑음,교차로 - 교차로안,승용,남,23세,상해없음,이륜,남,25세,중상
2018050200100013,2018년 5월 2일 00시,수요일,광주광역시 서구 쌍촌동,경상사고,0,0,1,0,차대차 - 추돌,안전거리미확보,건조,맑음,교차로 - 교차로안,승용,남,22세,상해없음,승용,남,45세,경상
2018050200100014,2018년 5월 2일 00시,수요일,광주광역시 광산구 용곡동,경상사고,0,0,2,0,차대차 - 측면충돌,중앙선침범,젖음/습기,흐림,단일로 - 기타,자전거,남,78세,상해없음,승용,남,28세,경상
2018050200100031,2018년 5월 2일 02시,수요일,광주광역시 남구 주월동,경상사고,0,0,1,0,차대차 - 측면충돌,교차로운행방법위반,건조,맑음,교차로 - 교차로안,승용,남,56세,상해없음,승용,남,51세,상해없음
2018050200100154,2018년 5월 2일 08시,수요일,광주광역시 남구 주월동,경상사고,0,0,2,0,차대차 - 측면충돌,교차로운행방법위반,건조,맑음,교차로 - 교차로부근,승용,여,37세,상해없음,승용,남,30세,경상
2018050200100155,2018년 5월 2일 08시,수요일,광주광역시 북구 오룡동,경상사고,0,0,1,0,차대차 - 측면충돌,신호위반,젖음/습기,비,교차로 - 교차로안,자전거,여,64세,경상,승용,남,48세,상해없음
2018050200100188,2018년 5월 2일 09시,수요일,광주광역시 광산구 선암동,중상사고,0,1,0,0,차대차 - 측면충돌,안전운전불이행,젖음/습기,흐림,단일로 - 기타,화물,남,46세,상해없음,승용,남,68세,중상
2018050200100189,2018년 5월 2일 09시,수요일,광주광역시 광산구 선암동,경상사고,0,0,1,0,차대차 - 측면충돌,안전거리미확보,건조,맑음,단일로 - 기타,이륜,남,80세,경상,화물,남,52세,상해없음
2018050200100222,2018년 5월 2일 10시,수요일,광주광역시 북구 두암동,중상사고,0,1,0,0,차대차 - 측면충돌,안전운전불이행,건조,맑음,단일로 - 기타,승용,남,43세,상해없음,자전거,남,73세,중상
2018050200100223,2018년 5월 2일 10시,수요일,광주광역시 광산구 신가동,경상사고,0,0,2,0,차대차 - 추돌,안전거리미확보,젖음/습기,흐림,단일로 - 기타,승용,남,45세,상해없음,승용,여,43세,경상
2018050200100224,2018년 5월 2일 10시,수요일,광주광역시 광산구 신촌동,경상사고,0,0,3,0,차대차 - 기타,안전운전불이행,건조,맑음,교차로 - 교차로부근,승용,여,45세,상해없음,승용,남,50세,경상
2018050200100253,2018년 5월 2일 11시,수요일,광주광역시 서구 치평동,경상사고,0,0,1,0,차대차 - 기타,안전운전불이행,건조,맑음,교차로 - 교차로안,승용,남,41세,상해없음,승용,남,35세,경상
2018050200100254,2018년 5월 2일 11시,수요일,광주광역시 남구 월산동,부상신고사고,0,0,0,1,차대차 - 측면충돌,불법유턴,건조,맑음,교차로 - 교차로안,자전거,남,70세,부상신고,승용,남,55세,기타불명
2018050200100315,2018년 5월 2일 13시,수요일,광주광역시 광산구 산정동,중상사고,0,1,1,0,차대차 - 측면충돌,신호위반,건조,맑음,교차로 - 교차로안,승용,남,25세,상해없음,승용,여,27세,중상
2018050200100382,2018년 5월 2일 15시,수요일,광주광역시 동구 서석동,경상사고,0,0,3,0,차대차 - 기타,교차로운행방법위반,건조,맑음,교차로 - 교차로안,승합,남,55세,상해없음,승용,남,26세,경상
2018050200100383,2018년 5월 2일 15시,수요일,광주광역시 북구 두암동,경상사고,0,0,1,0,차대차 - 측면충돌,안전운전불이행,젖음/습기,흐림,단일로 - 기타,화물,남,48세,상해없음,승용,남,61세,경상
2018050200100384,2018년 5월 2일 15시,수요일,광주광역시 북구 중흥동,경상사고,0,0,1,0,차대사람 - 기타,기타,건조,맑음,기타 - 기타,승용,남,62세,상해없음,보행자,여,64세,경상
2018050200100417,2018년 5월 2일 16시,수요일,광주광역시 서구 화정동,경상사고,0,0,1,0,차대차 - 측면충돌,교차로운행방법위반,건조,맑음,교차로 - 교차로안,승용,남,64세,상해없음,이륜,남,45세,경상
2018050200100453,2018년 5월 2일 17시,수요일,광주광역시 광산구 신가동,경상사고,0,0,2,0,차대차 - 기타,안전운전불이행,건조,맑음,단일로 - 기타,승용,남,35세,상해없음,승용,여,28세,경상
2018050200100484,2018년 5월 2일 18시,수요일,광주광역시 서구 금호동,경상사고,0,0,1,0,차대차 - 기타,안전거리미확보,건조,맑음,단일로 - 기타,승용,남,57세,상해없음,승합,남,56세,상해없음
2018050200100519,2018년 5월 2일 19시,수요일,광주광역시 서구 벽진동,경상사고,0,0,1,0,차대차 - 측면충돌,안전운전불이행,건조,흐림,교차로 - 교차로부근,승용,남,48세,상해없음,승용,여,57세,경상
2018050200100550,2018년 5월 2일 20시,수요일,광주광역시 서구 양동,경상사고,0,0,1,0,차대차 - 측면충돌,차로위반,건조,흐림,단일로 - 기타,승용,남,61세,상해없음,이륜,남,38세,경상
2018050200100587,2018년 5월 2일 21시,수요일,광주광역시 남구 송하동,경상사고,0,0,4,0,차대차 - 추돌,안전거리미확보,건조,맑음,단일로 - 기타,승용,남,56세,경상,승용,남,53세,경상
2018050200100602,2018년 5월 2일 22시,수요일,광주광역시 서구 치평동,경상사고,0,0,2,0,차대차 - 측면충돌,안전운전불이행,건조,흐림,교차로 - 교차로안,승용,남,26세,상해없음,승용,여,51세,경상
2018050200100603,2018년 5월 2일 22시,수요일,광주광역시 북구 임동,부상신고사고,0,0,0,1,차대차 - 측면충돌,신호위반,건조,맑음,교차로 - 교차로안,이륜,남,34세,부상신고,승용,남,25세,상해없음
2018050200100631,2018년 5월 2일 23시,수요일,광주광역시 남구 봉선동,경상사고,0,0,1,0,차대사람 - 기타,안전운전불이행,건조,맑음,단일로 - 기타,화물,남,32세,상해없음,보행자,남,20세,경상
2018050300100079,2018년 5월 3일 06시,목요일,광주광역시 북구 풍향동,경상사고,0,0,2,0,차대차 - 측면충돌,교차로운행방법위반,건조,맑음,교차로 - 교차로안,승용,남,40세,경상,승용,여,46세,경상
2018050300100109,2018년 5월 3일 07시,목요일,광주광역시 광산구 오선동,경상사고,0,0,1,0,차대차 - 추돌,안전운전불이행,건조,맑음,교차로 - 교차로안,승합,남,65세,상해없음,승용,여,49세,경상
2018050300100155,2018년 5월 3일 08시,목요일,광주광역시 서구 쌍촌동,경상사고,0,0,3,0,차대차 - 측면충돌,안전운전불이행,건조,맑음,교차로 - 교차로부근,승용,남,32세,상해없음,승용,남,53세,경상
2018050300100185,2018년 5월 3일 09시,목요일,광주광역시 북구 매곡동,경상사고,0,0,3,0,차대차 - 기타,중앙선침범,건조,맑음,단일로 - 기타,승용,남,21세,상해없음,승용,남,56세,경상
2018050300100214,2018년 5월 3일 10시,목요일,광주광역시 서구 매월동,경상사고,0,0,1,0,차대차 - 측면충돌,신호위반,건조,맑음,단일로 - 기타,화물,남,36세,상해없음,자전거,남,49세,경상
2018050300100215,2018년 5월 3일 10시,목요일,광주광역시 남구 월산동,경상사고,0,0,1,0,차대차 - 측면충돌,안전운전불이행,건조,맑음,교차로 - 교차로부근,승용,남,43세,상해없음,승용,남,61세,경상
2018050300100216,2018년 5월 3일 10시,목요일,광주광역시 광산구 지평동,경상사고,0,0,1,0,차대차 - 추돌,안전운전불이행,건조,맑음,단일로 - 기타,승용,남,38세,상해없음,화물,남,32세,경상
2018050300100304,2018년 5월 3일 13시,목요일,광주광역시 서구 화정동,경상사고,0,0,2,0,차대차 - 측면충돌,안전운전불이행,건조,맑음,단일로 - 기타,승용,남,67세,상해없음,이륜,남,69세,경상
2018050300100330,2018년 5월 3일 14시,목요일,광주광역시 동구 학동,경상사고,0,0,4,0,차대차 - 측면충돌,교차로운행방법위반,건조,맑음,교차로 - 교차로안,승용,남,26세,상해없음,승용,남,63세,경상
2018050300100379,2018년 5월 3일 15시,목요일,광주광역시 서구 치평동,경상사고,0,0,1,0,차대차 - 측면충돌,안전운전불이행,건조,맑음,단일로 - 기타,승용,여,48세,상해없음,승용,남,57세,경상
2018050300100380,2018년 5월 3일 15시,목요일,광주광역시 광산구 신촌동,경상사고,0,0,1,0,차대차 - 기타,안전운전불이행,건조,맑음,단일로 - 기타,승합,남,58세,상해없음,자전거,남,70세,경상
2018050300100418,2018년 5월 3일 16시,목요일,광주광역시 서구 화정동,경상사고,0,0,1,0,차대차 - 추돌,안전운전불이행,건조,맑음,교차로 - 교차로부근,승용,여,59세,상해없음,승용,남,34세,경상
2018050300100470,2018년 5월 3일 17시,목요일,광주광역시 서구 쌍촌동,경상사고,0,0,1,0,차대차 - 측면충돌,교차로운행방법위반,건조,맑음,교차로 - 교차로안,승용,여,54세,상해없음,원동기,남,25세,경상
2018050300100471,2018년 5월 3일 17시,목요일,광주광역시 북구 운암동,경상사고,0,0,2,0,차대차 - 측면충돌,안전거리미확보,건조,맑음,단일로 - 기타,승용,여,60세,상해없음,승용,남,39세,경상
2018050300100509,2018년 5월 3일 18시,목요일,광주광역시 동구 서석동,중상사고,0,1,1,0,차대사람 - 횡단중,신호위반,건조,맑음,교차로 - 교차로횡단보도내,이륜,남,27세,상해없음,보행자,여,23세,중상
2018050300100510,2018년 5월 3일 18시,목요일,광주광역시 서구 화정동,경상사고,0,0,1,0,차대차 - 측면충돌,신호위반,건조,맑음,교차로 - 교차로안,승합,남,48세,상해없음,이륜,남,18세,경상
2018050300100544,2018년 5월 3일 19시,목요일,광주광역시 북구 각화동,중상사고,0,1,0,0,차대사람 - 횡단중,안전운전불이행,건조,맑음,기타 - 기타,화물,남,44세,상해없음,보행자,남,52세,중상
2018050300100545,2018년 5월 3일 19시,목요일,광주광역시 북구 신안동,경상사고,0,0,1,0,차대차 - 기타,안전운전불이행,건조,맑음,교차로 - 교차로부근,승합,남,22세,상해없음,승합,남,59세,상해없음
2018050300100611,2018년 5월 3일 21시,목요일,광주광역시 서구 마륵동,경상사고,0,0,1,0,차량단독 - 도로외이탈 - 추락,안전운전불이행,건조,맑음,단일로 - 기타,승용,여,72세,경상,,,,
2018050400100017,2018년 5월 4일 00시,금요일,광주광역시 북구 문흥동,경상사고,0,0,1,0,차량단독 - 기타,안전운전불이행,건조,맑음,단일로 - 기타,승용,남,67세,상해없음,,,,
2018050400100032,2018년 5월 4일 01시,금요일,광주광역시 서구 쌍촌동,경상사고,0,0,1,0,차대차 - 기타,신호위반,건조,맑음,교차로 - 교차로안,승용,여,42세,상해없음,승용,남,35세,경상
2018050400100071,2018년 5월 4일 06시,금요일,광주광역시 서구 양동,경상사고,0,0,1,0,차대차 - 기타,안전운전불이행,건조,맑음,단일로 - 기타,승용,남,80세,상해없음,자전거,남,53세,경상
2018050400100072,2018년 5월 4일 06시,금요일,광주광역시 북구 용봉동,경상사고,0,0,1,0,차대차 - 기타,안전운전불이행,건조,맑음,교차로 - 교차로부근,원동기,남,20세,경상,승용,남,56세,기타불명
2018050400100167,2018년 5월 4일 09시,금요일,광주광역시 서구 농성동,경상사고,0,0,1,0,차대사람 - 기타,안전운전불이행,건조,맑음,단일로 - 기타,승용,여,30세,상해없음,보행자,남,67세,경상
2018050400100169,2018년 5월 4일 09시,금요일,광주광역시 광산구 우산동,경상사고,0,0,3,0,차대차 - 측면충돌,교차로운행방법위반,건조,맑음,교차로 - 교차로안,승합,남,43세,상해없음,승용,남,60세,경상
2018050400100283,2018년 5월 4일 13시,금요일,광주광역시 서구 금호동,경상사고,0,0,1,0,차대차 - 추돌,안전운전불이행,건조,맑음,교차로 - 교차로부근,승용,남,58세,상해없음,승용,여,35세,경상
2018050400100284,2018년 5월 4일 13시,금요일,광주광역시 남구 월산동,경상사고,0,0,1,0,차대사람 - 횡단중,안전운전불이행,건조,맑음,단일로 - 기타,승용,여,38세,상해없음,보행자,여,64세,경상
2018050400100341,2018년 5월 4일 14시,금요일,광주광역시 북구 양산동,중상사고,0,1,0,0,차대차 - 측면충돌,안전운전불이행,건조,맑음,교차로 - 교차로안,승용,여,24세,상해없음,이륜,남,47세,중상
2018050400100381,2018년 5월 4일 15시,금요일,광주광역시 동구 산수동,경상사고,0,0,1,0,차대차 - 추돌,안전운전불이행,건조,맑음,단일로 - 기타,이륜,남,68세,경상,승용,남,62세,상해없음
2018050400100382,2018년 5월 4일 15시,금요일,광주광역시 동구 지산동,경상사고,0,0,1,0,차대차 - 기타,안전운전불이행,건조,맑음,기타 - 기타,화물,남,28세,상해없음,이륜,남,81세,경상
2018050400100383,2018년 5월 4일 15시,금요일,광주광역시 서구 쌍촌동,중상사고,0,1,1,0,차대차 - 정면충돌,중앙선침범,건조,맑음,단일로 - 기타,이륜,남,30세,상해없음,승용,남,50세,중상
2018050400100384,2018년 5월 4일 15시,금요일,광주광역시 북구 양산동,중상사고,0,1,0,0,차대차 - 측면충돌,안전거리미확보,건조,맑음,기타 - 기타,화물,남,48세,상해없음,승용,남,76세,중상
2018050400100431,2018년 5월 4일 16시,금요일,광주광역시 남구 봉선동,경상사고,0,0,2,3,차대차 - 추돌,안전운전불이행,건조,맑음,단일로 - 기타,승합,남,67세,상해없음,승용,남,44세,경상
2018050400100524,2018년 5월 4일 18시,금요일,광주광역시 서구 화정동,경상사고,0,0,1,0,차대차 - 측면충돌,신호위반,건조,맑음,교차로 - 교차로안,이륜,남,19세,상해없음,승용,남,56세,경상
2018050400100525,2018년 5월 4일 18시,금요일,광주광역시 서구 농성동,경상사고,0,0,1,0,차대차 - 추돌,안전운전불이행,건조,맑음,단일로 - 기타,승용,남,65세,상해없음,승용,여,57세,경상
2018050400100569,2018년 5월 4일 19시,금요일,광주광역시 서구 쌍촌동,경상사고,0,0,2,0,차대차 - 측면충돌,안전운전불이행,건조,맑음,교차로 - 교차로안,승용,남,53세,기타불명,승용,남,71세,경상
2018050400100570,2018년 5월 4일 19시,금요일,광주광역시 남구 방림동,경상사고,0,0,2,0,차대차 - 측면충돌,교차로운행방법위반,건조,맑음,교차로 - 교차로안,이륜,남,17세,경상,승용,남,54세,경상
2018050400100571,2018년 5월 4일 19시,금요일,광주광역시 북구 양산동,경상사고,0,0,1,0,차대차 - 기타,안전운전불이행,건조,맑음,단일로 - 기타,승용,남,38세,상해없음,이륜,남,31세,경상
2018050400100612,2018년 5월 4일 20시,금요일,광주광역시 북구 중흥동,경상사고,0,0,1,0,차대사람 - 횡단중,보행자보호의무위반,건조,맑음,단일로 - 기타,승용,남,54세,상해없음,보행자,여,19세,경상