사고번호,사고일시,요일,시군구,사고내용,사망자수,중상자수,경상자수,부상신고자수,사고유형,법규위반,노면상태,기상상태,도로형태,가해운전자 차종,가해운전자 성별,가해운전자 연령,가해운전자 상해정도,피해운전자 차종,피해운전자 성별,피해운전자 연령,피해운전자 상해정도
2018051100100608,2018년 5월 11일 21시,금요일,광주광역시 광산구 신가동,중상사고,0,5,1,0,차대차 - 측면충돌,신호위반,건조,맑음,교차로 - 교차로안,승용,남,40세,중상,승용,남,37세,중상
2018051100100643,2018년 5월 11일 22시,금요일,광주광역시 광산구 우산동,경상사고,0,0,1,0,차대차 - 추돌,안전거리미확보,건조,맑음,교차로 - 교차로부근,승용,남,50세,상해없음,승용,남,27세,경상
2018051200100021,2018년 5월 12일 00시,토요일,광주광역시 북구 용봉동,경상사고,0,0,6,0,차대차 - 측면충돌,교차로운행방법위반,건조,맑음,교차로 - 교차로안,승용,여,62세,경상,승용,남,23세,경상
2018051200100036,2018년 5월 12일 01시,토요일,광주광역시 동구 동명동,경상사고,0,0,2,0,차대차 - 정면충돌,교차로운행방법위반,건조,맑음,교차로 - 교차로안,승용,남,56세,상해없음,승용,남,39세,경상
2018051200100037,2018년 5월 12일 01시,토요일,광주광역시 광산구 쌍암동,경상사고,0,0,1,0,차대차 - 측면충돌,안전운전불이행,건조,맑음,단일로 - 기타,승용,남,61세,상해없음,승용,남,45세,경상
2018051200100057,2018년 5월 12일 02시,토요일,광주광역시 서구 치평동,경상사고,0,0,1,0,차대사람 - 길가장자리구역통행중,안전운전불이행,건조,맑음,단일로 - 기타,승용,남,62세,상해없음,보행자,여,42세,경상
2018051200100080,2018년 5월 12일 04시,토요일,광주광역시 서구 광천동,경상사고,0,0,1,0,차대차 - 기타,안전운전불이행,젖음/습기,비,단일로 - 기타,승용,남,25세,상해없음,승용,남,23세,경상
2018051200100101,2018년 5월 12일 06시,토요일,광주광역시 서구 광천동,경상사고,0,0,3,0,차대차 - 측면충돌,차로위반,건조,맑음,교차로 - 교차로부근,승용,남,67세,경상,승용,남,25세,경상
2018051200100102,2018년 5월 12일 06시,토요일,광주광역시 북구 연제동,중상사고,0,2,2,0,차량단독 - 전도전복 - 전도,안전운전불이행,건조,맑음,단일로 - 기타,승용,남,28세,경상,미분류,미분류,미분류,미분류
2018051200100103,2018년 5월 12일 06시,토요일,광주광역시 북구 일곡동,중상사고,0,1,0,0,차량단독 - 기타,신호위반,건조,맑음,교차로 - 교차로안,승합,남,45세,상해없음,,,,
2018051200100144,2018년 5월 12일 08시,토요일,광주광역시 북구 중흥동,중상사고,0,1,0,0,차대사람 - 횡단중,신호위반,건조,맑음,교차로 - 교차로안,화물,남,48세,상해없음,보행자,여,61세,중상
2018051200100164,2018년 5월 12일 09시,토요일,광주광역시 북구 두암동,경상사고,0,0,1,0,차대차 - 기타,기타,건조,흐림,단일로 - 기타,화물,남,64세,상해없음,자전거,남,54세,경상
2018051200100260,2018년 5월 12일 12시,토요일,광주광역시 광산구 소촌동,경상사고,0,0,2,0,차대차 - 측면충돌,안전거리미확보,젖음/습기,비,단일로 - 기타,승용,남,70세,경상,승용,남,35세,경상
2018051200100261,2018년 5월 12일 12시,토요일,광주광역시 광산구 소촌동,경상사고,0,0,1,0,차대차 - 기타,안전운전불이행,건조,맑음,교차로 - 교차로안,승용,남,35세,상해없음,승합,남,40세,상해없음
2018051200100293,2018년 5월 12일 13시,토요일,광주광역시 서구 쌍촌동,중상사고,0,1,1,0,차대차 - 측면충돌,교차로운행방법위반,젖음/습기,비,교차로 - 교차로안,승용,남,29세,상해없음,이륜,남,20세,중상
2018051200100328,2018년 5월 12일 14시,토요일,광주광역시 서구 치평동,중상사고,0,1,0,0,차대사람 - 기타,안전운전불이행,젖음/습기,비,단일로 - 기타,승합,남,45세,상해없음,보행자,여,27세,중상
2018051200100329,2018년 5월 12일 14시,토요일,광주광역시 광산구 소촌동,경상사고,0,0,1,0,차대차 - 추돌,안전운전불이행,건조,맑음,단일로 - 기타,승용,남,52세,상해없음,승용,남,60세,상해없음
2018051200100365,2018년 5월 12일 15시,토요일,광주광역시 서구 금호동,중상사고,0,1,0,0,차대사람 - 기타,보행자보호의무위반,건조,맑음,교차로 - 교차로안,승용,여,53세,기타불명,보행자,여,76세,중상
2018051200100366,2018년 5월 12일 15시,토요일,광주광역시 서구 풍암동,경상사고,0,0,1,0,차대차 - 측면충돌,차로위반,젖음/습기,비,교차로 - 교차로부근,승용,여,36세,상해없음,승용,여,70세,경상
2018051200100367,2018년 5월 12일 15시,토요일,광주광역시 북구 중흥동,중상사고,0,1,0,0,차대사람 - 횡단중,신호위반,젖음/습기,비,단일로 - 기타,승용,남,19세,상해없음,보행자,여,8세,중상
2018051200100406,2018년 5월 12일 16시,토요일,광주광역시 서구 유촌동,경상사고,0,0,2,0,차대차 - 추돌,안전운전불이행,젖음/습기,비,단일로 - 기타,승용,남,20세,상해없음,승용,남,26세,경상
2018051200100407,2018년 5월 12일 16시,토요일,광주광역시 서구 매월동,중상사고,0,1,0,0,차대차 - 기타,안전운전불이행,건조,맑음,교차로 - 교차로안,기타불명,기타불명,미분류,기타불명,원동기,남,59세,중상
2018051200100408,2018년 5월 12일 16시,토요일,광주광역시 서구 화정동,경상사고,0,0,1,0,차대차 - 기타,안전거리미확보,젖음/습기,비,단일로 - 기타,승합,남,47세,상해없음,승용,남,37세,상해없음
2018051200100409,2018년 5월 12일 16시,토요일,광주광역시 남구 노대동,중상사고,0,1,0,0,차대사람 - 횡단중,보행자보호의무위반,젖음/습기,비,단일로 - 기타,승용,여,50세,상해없음,보행자,남,11세,중상
2018051200100537,2018년 5월 12일 19시,토요일,광주광역시 광산구 수완동,경상사고,0,0,3,0,차대차 - 추돌,안전운전불이행,젖음/습기,비,단일로 - 기타,승용,여,50세,상해없음,승용,여,39세,경상
2018051200100584,2018년 5월 12일 20시,토요일,광주광역시 북구 풍향동,경상사고,0,0,1,0,차대차 - 측면충돌,안전운전불이행,젖음/습기,비,교차로 - 교차로안,승용,여,65세,상해없음,승용,남,52세,경상
2018051200100585,2018년 5월 12일 20시,토요일,광주광역시 북구 일곡동,경상사고,0,0,1,0,차대사람 - 횡단중,안전운전불이행,젖음/습기,비,교차로 - 교차로안,승용,남,50세,상해없음,보행자,여,12세,경상
2018051200100632,2018년 5월 12일 21시,토요일,광주광역시 동구 서석동,경상사고,0,0,2,0,차대차 - 추돌,안전거리미확보,젖음/습기,비,단일로 - 기타,승용,여,57세,기타불명,승용,남,57세,경상
2018051200100633,2018년 5월 12일 21시,토요일,광주광역시 서구 쌍촌동,경상사고,0,0,1,0,차대차 - 측면충돌,안전운전불이행,건조,맑음,교차로 - 교차로부근,승용,남,52세,상해없음,승용,여,45세,경상
2018051200100634,2018년 5월 12일 21시,토요일,광주광역시 서구 내방동,경상사고,0,0,3,0,차대차 - 측면충돌,안전운전불이행,젖음/습기,비,단일로 - 기타,승합,남,43세,경상,승용,남,29세,경상
2018051200100635,2018년 5월 12일 21시,토요일,광주광역시 북구 유동,경상사고,0,0,1,0,차대차 - 측면충돌,교차로운행방법위반,젖음/습기,비,교차로 - 교차로안,승합,남,62세,상해없음,승용,남,63세,경상
2018051200100677,2018년 5월 12일 22시,토요일,광주광역시 서구 치평동,경상사고,0,0,1,0,차대차 - 측면충돌,안전거리미확보,젖음/습기,맑음,단일로 - 기타,승용,남,46세,상해없음,승용,남,42세,상해없음
2018051200100707,2018년 5월 12일 23시,토요일,광주광역시 북구 용봉동,중상사고,0,1,0,0,차대사람 - 기타,안전운전불이행,젖음/습기,비,단일로 - 기타,승용,여,28세,상해없음,보행자,남,62세,중상
2018051200100708,2018년 5월 12일 23시,토요일,광주광역시 광산구 월곡동,경상사고,0,0,1,0,차대차 - 추돌,안전운전불이행,건조,맑음,단일로 - 기타,승용,남,37세,상해없음,승용,남,36세,경상
2018051300100020,2018년 5월 13일 00시,일요일,광주광역시 서구 치평동,경상사고,0,0,1,0,차대사람 - 횡단중,안전운전불이행,젖음/습기,비,교차로 - 교차로안,승용,남,26세,상해없음,보행자,남,34세,경상
2018051300100086,2018년 5월 13일 05시,일요일,광주광역시 광산구 우산동,경상사고,0,0,1,0,차대차 - 측면충돌,신호위반,건조,맑음,교차로 - 교차로안,승용,남,60세,상해없음,승용,남,45세,경상
2018051300100117,2018년 5월 13일 08시,일요일,광주광역시 서구 금호동,경상사고,0,0,4,0,차대차 - 정면충돌,교차로운행방법위반,건조,맑음,교차로 - 교차로안,승용,남,70세,상해없음,승용,남,27세,경상
2018051300100118,2018년 5월 13일 08시,일요일,광주광역시 북구 문흥동,경상사고,0,0,1,0,차대차 - 추돌,안전거리미확보,건조,맑음,교차로 - 교차로부근,승용,남,27세,상해없음,승용,남,40세,경상
2018051300100154,2018년 5월 13일 10시,일요일,광주광역시 북구 각화동,중상사고,0,2,0,0,차대차 - 측면충돌,신호위반,건조,맑음,교차로 - 교차로안,승용,남,77세,상해없음,승용,남,48세,중상
2018051300100172,2018년 5월 13일 11시,일요일,광주광역시 서구 치평동,경상사고,0,0,2,0,차대차 - 측면충돌,안전운전불이행,건조,맑음,교차로 - 교차로안,승용,남,33세,경상,승용,남,46세,경상
2018051300100194,2018년 5월 13일 12시,일요일,광주광역시 서구 화정동,경상사고,0,0,3,1,차대차 - 측면충돌,신호위반,건조,맑음,교차로 - 교차로안,화물,남,68세,부상신고,승용,남,59세,경상
2018051300100195,2018년 5월 13일 12시,일요일,광주광역시 서구 광천동,경상사고,0,0,4,0,차대차 - 추돌,안전운전불이행,건조,맑음,단일로 - 기타,승용,남,35세,상해없음,승용,남,39세,경상
2018051300100196,2018년 5월 13일 12시,일요일,광주광역시 광산구 산정동,경상사고,0,0,2,0,차대사람 - 기타,안전운전불이행,건조,맑음,교차로 - 교차로부근,승용,남,29세,상해없음,보행자,여,7세,경상
2018051300100218,2018년 5월 13일 13시,일요일,광주광역시 서구 유촌동,경상사고,0,0,2,0,차대차 - 추돌,안전운전불이행,건조,맑음,교차로 - 교차로부근,승용,여,51세,상해없음,승용,남,44세,경상
2018051300100219,2018년 5월 13일 13시,일요일,광주광역시 서구 쌍촌동,경상사고,0,0,1,0,차대차 - 측면충돌,교차로운행방법위반,건조,맑음,교차로 - 교차로안,승용,남,72세,상해없음,승용,남,58세,경상
2018051300100220,2018년 5월 13일 13시,일요일,광주광역시 남구 방림동,경상사고,0,0,1,0,차대차 - 추돌,안전거리미확보,건조,맑음,교차로 - 교차로부근,화물,남,34세,상해없음,승용,여,48세,경상
2018051300100295,2018년 5월 13일 15시,일요일,광주광역시 서구 세하동,경상사고,0,0,1,0,차대차 - 기타,신호위반,건조,맑음,교차로 - 교차로안,승용,여,22세,상해없음,승용,여,51세,경상
2018051300100296,2018년 5월 13일 15시,일요일,광주광역시 북구 일곡동,경상사고,0,0,1,0,차대차 - 측면충돌,안전운전불이행,건조,맑음,교차로 - 교차로안,승용,여,47세,상해없음,자전거,남,11세,경상
2018051300100330,2018년 5월 13일 16시,일요일,광주광역시 동구 지산동,경상사고,0,0,1,0,차대사람 - 횡단중,안전운전불이행,건조,맑음,교차로 - 교차로안,승용,남,20세,상해없음,보행자,남,32세,경상
2018051300100398,2018년 5월 13일 18시,일요일,광주광역시 광산구 월계동,경상사고,0,0,1,0,차대차 - 기타,교차로운행방법위반,건조,맑음,교차로 - 교차로안,승용,남,22세,상해없음,이륜,남,23세,경상
2018051300100505,2018년 5월 13일 22시,일요일,광주광역시 광산구 서봉동,중상사고,0,1,6,0,차대차 - 측면충돌,안전거리미확보,건조,맑음,교차로 - 교차로부근,화물,남,56세,중상,화물,남,50세,경상
2018051300100524,2018년 5월 13일 23시,일요일,광주광역시 광산구 송정동,중상사고,0,1,1,0,차대차 - 측면충돌,신호위반,건조,맑음,교차로 - 교차로안,승용,여,24세,상해없음,승용,남,22세,경상
2018051300100525,2018년 5월 13일 23시,일요일,광주광역시 광산구 신가동,경상사고,0,0,1,0,차대차 - 기타,안전운전불이행,건조,맑음,단일로 - 기타,승용,남,39세,상해없음,특수,남,49세,경상
2018051400100007,2018년 5월 14일 00시,월요일,광주광역시 광산구 우산동,중상사고,0,1,0,0,차량단독 - 기타,안전운전불이행,건조,맑음,교차로 - 교차로부근,승용,남,37세,상해없음,,,,
2018051400100016,2018년 5월 14일 01시,월요일,광주광역시 광산구 우산동,경상사고,0,0,1,0,차량단독 - 기타,안전운전불이행,건조,맑음,단일로 - 기타,이륜,남,16세,경상,,,,
2018051400100128,2018년 5월 14일 08시,월요일,광주광역시 서구 치평동,경상사고,0,0,3,0,차대차 - 측면충돌,안전운전불이행,건조,맑음,교차로 - 교차로안,승용,남,57세,경상,승용,남,48세,경상
2018051400100129,2018년 5월 14일 08시,월요일,광주광역시 남구 주월동,경상사고,0,0,1,0,차대차 - 추돌,안전운전불이행,건조,맑음,단일로 - 기타,승용,남,24세,상해없음,승용,남,62세,경상
2018051400100156,2018년 5월 14일 09시,월요일,광주광역시 광산구 도천동,경상사고,0,0,1,0,차대차 - 기타,안전거리미확보,건조,맑음,단일로 - 기타,화물,남,56세,상해없음,승용,여,56세,경상
2018051400100207,2018년 5월 14일 11시,월요일,광주광역시 서구 광천동,경상사고,0,0,1,0,차대차 - 측면충돌,안전운전불이행,건조,맑음,단일로 - 기타,이륜,남,59세,상해없음,승용,남,27세,경상
2018051400100208,2018년 5월 14일 11시,월요일,광주광역시 북구 두암동,경상사고,0,0,1,0,차대사람 - 기타,안전운전불이행,건조,맑음,단일로 - 기타,화물,남,35세,상해없음,보행자,남,76세,경상
2018051400100209,2018년 5월 14일 11시,월요일,광주광역시 북구 문흥동,중상사고,0,1,0,0,차대사람 - 횡단중,안전운전불이행,건조,맑음,교차로 - 교차로부근,승용,남,21세,상해없음,보행자,남,86세,중상
2018051400100245,2018년 5월 14일 12시,월요일,광주광역시 서구 풍암동,경상사고,0,0,1,0,차대차 - 측면충돌,신호위반,건조,맑음,교차로 - 교차로부근,승용,여,63세,상해없음,승용,여,38세,경상
2018051400100343,2018년 5월 14일 15시,월요일,광주광역시 광산구 소촌동,경상사고,0,0,1,0,차대차 - 측면충돌,안전운전불이행,건조,맑음,교차로 - 교차로안,이륜,남,16세,상해없음,승용,남,27세,경상
2018051400100426,2018년 5월 14일 17시,월요일,광주광역시 북구 운암동,경상사고,0,0,1,0,차대차 - 측면충돌,안전운전불이행,건조,맑음,단일로 - 교량,승용,여,58세,상해없음,승용,남,62세,상해없음
2018051400100449,2018년 5월 14일 18시,월요일,광주광역시 북구 동림동,경상사고,0,0,1,0,차대차 - 기타,차로위반,건조,맑음,교차로 - 교차로안,승용,남,71세,상해없음,승용,여,40세,경상
2018051400100460,2018년 5월 14일 18시,월요일,광주광역시 북구 중흥동,경상사고,0,0,3,0,차대차 - 추돌,안전운전불이행,건조,맑음,단일로 - 기타,승용,남,21세,상해없음,승용,남,30세,경상
2018051400100461,2018년 5월 14일 18시,월요일,광주광역시 북구 중흥동,경상사고,0,0,1,0,차대차 - 정면충돌,기타,건조,맑음,단일로 - 기타,승용,남,30세,상해없음,승용,여,29세,경상
2018051400100462,2018년 5월 14일 18시,월요일,광주광역시 북구 운암동,경상사고,0,0,1,0,차대차 - 추돌,안전운전불이행,건조,맑음,단일로 - 기타,기타불명,기타불명,미분류,기타불명,이륜,남,51세,경상
2018051400100463,2018년 5월 14일 18시,월요일,광주광역시 광산구 서봉동,경상사고,0,0,1,0,차대차 - 기타,안전운전불이행,건조,맑음,단일로 - 기타,승합,남,73세,상해없음,승합,남,50세,경상
2018051400100479,2018년 5월 14일 19시,월요일,광주광역시 서구 화정동,경상사고,0,0,1,0,차대차 - 측면충돌,안전운전불이행,건조,맑음,단일로 - 기타,승용,남,58세,상해없음,승용,남,25세,경상
2018051400100480,2018년 5월 14일 19시,월요일,광주광역시 남구 주월동,경상사고,0,0,1,0,차대사람 - 기타,안전운전불이행,건조,맑음,교차로 - 교차로부근,승용,남,39세,상해없음,보행자,여,23세,경상
2018051400100518,2018년 5월 14일 20시,월요일,광주광역시 서구 치평동,경상사고,0,0,1,0,차대차 - 추돌,안전운전불이행,건조,맑음,교차로 - 교차로부근,승용,남,35세,상해없음,승용,남,25세,경상
2018051400100519,2018년 5월 14일 20시,월요일,광주광역시 북구 운암동,경상사고,0,0,1,0,차대사람 - 기타,안전운전불이행,건조,맑음,단일로 - 기타,기타불명,기타불명,미분류,기타불명,보행자,여,54세,경상
2018051400100520,2018년 5월 14일 20시,월요일,광주광역시 광산구 선암동,중상사고,0,1,0,0,차대사람 - 횡단중,안전운전불이행,건조,맑음,교차로 - 교차로부근,승용,남,39세,상해없음,보행자,여,20세,중상
2018051400100521,2018년 5월 14일 20시,월요일,광주광역시 광산구 우산동,경상사고,0,0,1,0,차대차 - 추돌,차로위반,건조,맑음,단일로 - 기타,승용,남,36세,상해없음,승용,남,27세,경상
2018051400100538,2018년 5월 14일 21시,월요일,광주광역시 광산구 신창동,중상사고,0,1,4,0,차대차 - 추돌,안전운전불이행,건조,맑음,단일로 - 기타,승용,남,45세,상해없음,승용,여,36세,중상
2018051400100539,2018년 5월 14일 21시,월요일,광주광역시 광산구 신가동,경상사고,0,0,1,0,차대차 - 기타,안전운전불이행,건조,맑음,기타 - 기타,승용,남,47세,상해없음,승용,여,57세,경상
2018051400100555,2018년 5월 14일 22시,월요일,광주광역시 서구 내방동,경상사고,0,0,1,0,차대차 - 추돌,안전운전불이행,건조,맑음,교차로 - 교차로부근,승용,여,27세,상해없음,승용,남,44세,경상
2018051500100033,2018년 5월 15일 03시,화요일,광주광역시 북구 신안동,경상사고,0,0,1,0,차대사람 - 기타,안전운전불이행,건조,맑음,단일로 - 기타,승용,남,65세,상해없음,보행자,남,17세,경상
2018051500100044,2018년 5월 15일 05시,화요일,광주광역시 서구 내방동,경상사고,0,0,1,0,차대차 - 측면충돌,차로위반,건조,흐림,단일로 - 기타,승용,남,25세,상해없음,승용,여,45세,경상
2018051500100058,2018년 5월 15일 06시,화요일,광주광역시 북구 각화동,경상사고,0,0,1,0,차대차 - 기타,안전운전불이행,건조,맑음,단일로 - 기타,화물,남,58세,상해없음,승용,남,32세,경상
2018051500100059,2018년 5월 15일 06시,화요일,광주광역시 광산구 운수동,경상사고,0,0,3,0,차대차 - 추돌,안전운전불이행,건조,맑음,기타 - 기타,승용,남,61세,상해없음,승용,여,49세,경상
2018051500100086,2018년 5월 15일 07시,화요일,광주광역시 북구 오치동,중상사고,0,1,0,0,차대차 - 측면충돌,신호위반,건조,맑음,단일로 - 기타,승용,남,36세,상해없음,자전거,여,49세,중상
2018051500100087,2018년 5월 15일 07시,화요일,광주광역시 광산구 등임동,중상사고,0,1,0,0,차대사람 - 횡단중,안전운전불이행,건조,맑음,단일로 - 기타,승합,여,62세,상해없음,보행자,여,66세,중상
2018051500100133,2018년 5월 15일 08시,화요일,광주광역시 서구 풍암동,경상사고,0,0,1,0,차대사람 - 횡단중,안전운전불이행,건조,맑음,교차로 - 교차로부근,승용,남,43세,상해없음,보행자,여,11세,경상
2018051500100190,2018년 5월 15일 10시,화요일,광주광역시 북구 양산동,경상사고,0,0,1,0,차량단독 - 전도전복 - 전도,안전운전불이행,건조,맑음,단일로 - 기타,화물,남,23세,경상,미분류,미분류,미분류,미분류
2018051500100216,2018년 5월 15일 11시,화요일,광주광역시 광산구 도천동,중상사고,0,1,0,0,차대차 - 측면충돌,안전운전불이행,건조,맑음,교차로 - 교차로부근,화물,남,45세,상해없음,이륜,여,29세,중상
2018051500100238,2018년 5월 15일 12시,화요일,광주광역시 서구 풍암동,경상사고,0,0,4,0,차대차 - 측면충돌,교차로운행방법위반,건조,맑음,교차로 - 교차로부근,승용,남,74세,경상,승용,여,48세,경상
2018051500100264,2018년 5월 15일 13시,화요일,광주광역시 서구 화정동,경상사고,0,0,1,0,차대차 - 측면충돌,안전운전불이행,건조,맑음,기타 - 기타,승용,여,73세,상해없음,승용,남,46세,경상
2018051500100265,2018년 5월 15일 13시,화요일,광주광역시 북구 운암동,중상사고,0,1,0,0,차대차 - 측면충돌,신호위반,건조,맑음,교차로 - 교차로안,승용,여,50세,기타불명,화물,남,49세,중상
2018051500100266,2018년 5월 15일 13시,화요일,광주광역시 광산구 월계동,경상사고,0,0,2,0,차대차 - 측면충돌,안전운전불이행,건조,맑음,교차로 - 교차로부근,승용,남,75세,상해없음,승용,여,42세,경상
2018051500100334,2018년 5월 15일 15시,화요일,광주광역시 서구 광천동,중상사고,0,1,1,0,차대차 - 측면충돌,신호위반,건조,맑음,교차로 - 교차로안,승용,남,34세,상해없음,승용,여,48세,중상
2018051500100335,2018년 5월 15일 15시,화요일,광주광역시 서구 농성동,경상사고,0,0,2,0,차대차 - 후진중충돌,안전운전불이행,건조,맑음,단일로 - 기타,승용,남,76세,상해없음,승용,여,64세,경상
2018051500100336,2018년 5월 15일 15시,화요일,광주광역시 북구 중흥동,중상사고,0,1,0,0,차대차 - 측면충돌,교차로운행방법위반,건조,맑음,교차로 - 교차로안,승합,남,45세,상해없음,원동기,남,39세,중상
2018051500100454,2018년 5월 15일 18시,화요일,광주광역시 북구 우산동,중상사고,0,1,0,0,차대차 - 측면충돌,안전운전불이행,건조,맑음,교차로 - 교차로안,자전거,남,10세,중상,이륜,남,53세,상해없음
2018051500100540,2018년 5월 15일 21시,화요일,광주광역시 남구 월산동,경상사고,0,0,1,0,차대사람 - 횡단중,안전운전불이행,건조,맑음,교차로 - 교차로안,승용,남,68세,상해없음,보행자,여,59세,경상
2018051500100541,2018년 5월 15일 21시,화요일,광주광역시 북구 두암동,중상사고,0,1,2,0,차대차 - 측면충돌,직진우회전진행방해,건조,맑음,교차로 - 교차로안,승용,여,20세,경상,승용,여,51세,중상
2018051500100542,2018년 5월 15일 21시,화요일,광주광역시 광산구 장덕동,중상사고,0,1,0,0,차대차 - 측면충돌,교차로운행방법위반,건조,맑음,교차로 - 교차로부근,화물,남,58세,상해없음,자전거,남,80세,중상
2018051500100560,2018년 5월 15일 22시,화요일,광주광역시 서구 치평동,경상사고,0,0,1,0,차대사람 - 횡단중,보행자보호의무위반,건조,맑음,교차로 - 교차로횡단보도내,승용,여,59세,상해없음,보행자,남,54세,경상
2018051600100030,2018년 5월 16일 03시,수요일,광주광역시 남구 백운동,경상사고,0,0,2,0,차대차 - 추돌,안전거리미확보,건조,맑음,단일로 - 기타,승용,남,60세,상해없음,승용,남,57세,경상
2018051600100051,2018년 5월 16일 06시,수요일,광주광역시 광산구 신가동,경상사고,0,0,2,0,차대차 - 추돌,안전운전불이행,건조,맑음,교차로 - 교차로안,승합,남,50세,상해없음,승용,여,52세,경상
2018051600100074,2018년 5월 16일 07시,수요일,광주광역시 서구 매월동,경상사고,0,0,1,0,차대차 - 정면충돌,차로위반,건조,맑음,단일로 - 기타,화물,남,37세,상해없음,승용,남,48세,상해없음
2018051600100075,2018년 5월 16일 07시,수요일,광주광역시 광산구 수완동,경상사고,0,0,1,0,차대차 - 추돌,안전거리미확보,젖음/습기,흐림,단일로 - 기타,승용,남,59세,상해없음,승용,여,24세,경상
2018051600100106,2018년 5월 16일 08시,수요일,광주광역시 북구 삼각동,경상사고,0,0,2,0,차대차 - 측면충돌,교차로운행방법위반,건조,맑음,교차로 - 교차로안,승용,여,36세,경상,자전거,남,24세,경상
2018051600100181,2018년 5월 16일 11시,수요일,광주광역시 광산구 우산동,중상사고,0,1,1,0,차대차 - 추돌,안전거리미확보,건조,맑음,단일로 - 기타,승용,남,38세,경상,승용,남,51세,중상
2018051600100182,2018년 5월 16일 11시,수요일,광주광역시 광산구 운남동,경상사고,0,0,2,0,차대차 - 추돌,중앙선침범,건조,맑음,단일로 - 기타,화물,남,39세,경상,승용,여,52세,경상
2018051600100183,2018년 5월 16일 11시,수요일,광주광역시 광산구 소촌동,중상사고,0,1,0,0,차대차 - 측면충돌,안전운전불이행,건조,맑음,교차로 - 교차로안,승용,남,51세,상해없음,화물,남,45세,상해없음
2018051600100261,2018년 5월 16일 14시,수요일,광주광역시 광산구 우산동,중상사고,0,1,0,0,차대사람 - 차도통행중,안전운전불이행,건조,맑음,교차로 - 교차로안,화물,남,47세,상해없음,보행자,여,60세,중상
2018051600100315,2018년 5월 16일 16시,수요일,광주광역시 서구 화정동,경상사고,0,0,1,0,차대차 - 측면충돌,신호위반,젖음/습기,비,교차로 - 교차로안,승합,남,27세,상해없음,승용,여,57세,경상
2018051600100316,2018년 5월 16일 16시,수요일,광주광역시 서구 동천동,중상사고,0,1,2,0,차대차 - 측면충돌,교차로운행방법위반,건조,맑음,교차로 - 교차로안,승용,남,33세,상해없음,이륜,남,20세,경상
2018051600100349,2018년 5월 16일 17시,수요일,광주광역시 북구 운암동,경상사고,0,0,1,0,차대차 - 정면충돌,안전거리미확보,젖음/습기,비,단일로 - 기타,기타불명,기타불명,미분류,기타불명,화물,남,52세,상해없음
2018051600100350,2018년 5월 16일 17시,수요일,광주광역시 북구 용두동,경상사고,0,0,2,0,차대차 - 기타,안전거리미확보,건조,맑음,교차로 - 교차로부근,승용,여,58세,상해없음,승용,여,43세,경상
2018051600100351,2018년 5월 16일 17시,수요일,광주광역시 북구 망월동,경상사고,0,0,1,0,차대차 - 측면충돌,안전운전불이행,건조,맑음,단일로 - 기타,자전거,남,37세,경상,승용,남,28세,상해없음
2018051600100352,2018년 5월 16일 17시,수요일,광주광역시 광산구 산월동,경상사고,0,0,1,0,차대차 - 측면충돌,안전운전불이행,건조,맑음,교차로 - 교차로안,승용,남,49세,경상,화물,여,46세,상해없음
2018051600100414,2018년 5월 16일 19시,수요일,광주광역시 북구 신용동,경상사고,0,0,1,0,차대차 - 기타,안전거리미확보,젖음/습기,비,교차로 - 교차로부근,화물,남,39세,상해없음,이륜,남,18세,경상
2018051600100447,2018년 5월 16일 20시,수요일,광주광역시 광산구 송정동,경상사고,0,0,1,0,차대차 - 정면충돌,중앙선침범,젖음/습기,비,단일로 - 기타,이륜,남,17세,경상,승용,남,57세,상해없음
2018051600100479,2018년 5월 16일 21시,수요일,광주광역시 서구 쌍촌동,경상사고,0,0,1,0,차대차 - 측면충돌,안전운전불이행,건조,맑음,교차로 - 교차로부근,승용,남,46세,상해없음,승용,남,49세,경상
2018051600100480,2018년 5월 16일 21시,수요일,광주광역시 북구 신용동,경상사고,0,0,12,0,차대차 - 측면충돌,신호위반,건조,맑음,교차로 - 교차로안,승합,남,51세,경상,승용,남,25세,경상
2018051600100481,2018년 5월 16일 21시,수요일,광주광역시 광산구 월계동,경상사고,0,0,1,0,차대차 - 측면충돌,안전운전불이행,건조,흐림,단일로 - 기타,화물,남,43세,상해없음,승용,여,21세,경상
2018051600100482,2018년 5월 16일 21시,수요일,광주광역시 광산구 장덕동,경상사고,0,0,1,0,차대차 - 측면충돌,안전운전불이행,건조,맑음,교차로 - 교차로안,승용,남,62세,상해없음,승용,남,60세,경상
2018051700100032,2018년 5월 17일 01시,목요일,광주광역시 광산구 수완동,경상사고,0,0,1,0,차대차 - 측면충돌,안전거리미확보,건조,맑음,단일로 - 기타,승용,남,68세,상해없음,개인형이동수단(PM),남,23세,경상
2018051700100065,2018년 5월 17일 06시,목요일,광주광역시 남구 주월동,중상사고,0,1,0,0,차대차 - 측면충돌,신호위반,건조,흐림,교차로 - 교차로안,승용,남,62세,상해없음,승용,남,59세,중상
2018051700100085,2018년 5월 17일 07시,목요일,광주광역시 동구 소태동,경상사고,0,0,3,0,차대차 - 기타,안전운전불이행,건조,맑음,교차로 - 교차로안,승용,남,39세,상해없음,승합,남,45세,상해없음
2018051700100086,2018년 5월 17일 07시,목요일,광주광역시 북구 대촌동,중상사고,0,1,1,0,차대차 - 측면충돌,기타,건조,맑음,교차로 - 교차로안,승용,남,30세,기타불명,승용,여,51세,중상