사고번호,사고일시,요일,시군구,사고내용,사망자수,중상자수,경상자수,부상신고자수,사고유형,법규위반,노면상태,기상상태,도로형태,가해운전자 차종,가해운전자 성별,가해운전자 연령,가해운전자 상해정도,피해운전자 차종,피해운전자 성별,피해운전자 연령,피해운전자 상해정도
2018052300100044,2018년 5월 23일 04시,수요일,광주광역시 북구 오치동,경상사고,0,0,1,0,차대사람 - 기타,안전운전불이행,젖음/습기,비,단일로 - 기타,기타불명,기타불명,미분류,기타불명,보행자,남,71세,경상
2018052300100051,2018년 5월 23일 05시,수요일,광주광역시 북구 임동,중상사고,0,1,0,0,차량단독 - 공작물충돌,기타,젖음/습기,비,주차장 - 주차장,승용,남,54세,중상,,,,
2018052300100094,2018년 5월 23일 07시,수요일,광주광역시 서구 농성동,경상사고,0,0,2,0,차대차 - 추돌,안전거리미확보,젖음/습기,비,교차로 - 교차로부근,화물,남,74세,상해없음,승용,여,65세,경상
2018052300100181,2018년 5월 23일 09시,수요일,광주광역시 서구 금호동,경상사고,0,0,1,0,차대차 - 추돌,안전거리미확보,건조,맑음,단일로 - 기타,승용,남,46세,상해없음,승합,남,41세,경상
2018052300100182,2018년 5월 23일 09시,수요일,광주광역시 북구 두암동,중상사고,0,1,0,0,차대사람 - 기타,안전운전불이행,건조,맑음,교차로 - 교차로부근,승용,남,69세,상해없음,보행자,여,19세,중상
2018052300100288,2018년 5월 23일 12시,수요일,광주광역시 광산구 소촌동,중상사고,0,1,0,0,차대차 - 측면충돌,차로위반,건조,맑음,단일로 - 기타,승용,남,43세,상해없음,이륜,남,37세,중상
2018052300100319,2018년 5월 23일 13시,수요일,광주광역시 서구 덕흥동,경상사고,0,0,2,0,차대차 - 측면충돌,안전운전불이행,건조,맑음,단일로 - 기타,화물,남,45세,경상,화물,남,39세,경상
2018052300100320,2018년 5월 23일 13시,수요일,광주광역시 서구 내방동,경상사고,0,0,2,0,차대차 - 추돌,안전운전불이행,건조,맑음,단일로 - 기타,승용,남,47세,상해없음,승용,남,60세,경상
2018052300100321,2018년 5월 23일 13시,수요일,광주광역시 광산구 우산동,경상사고,0,0,1,0,차대차 - 추돌,안전운전불이행,건조,맑음,단일로 - 기타,승용,남,34세,상해없음,화물,여,52세,경상
2018052300100387,2018년 5월 23일 15시,수요일,광주광역시 서구 매월동,중상사고,0,1,0,0,차대차 - 측면충돌,안전거리미확보,건조,맑음,교차로 - 교차로부근,승용,여,38세,상해없음,이륜,남,51세,중상
2018052300100388,2018년 5월 23일 15시,수요일,광주광역시 남구 월산동,중상사고,0,1,0,0,차대차 - 측면충돌,안전거리미확보,건조,맑음,교차로 - 교차로부근,승용,여,28세,상해없음,자전거,남,82세,중상
2018052300100426,2018년 5월 23일 16시,수요일,광주광역시 서구 금호동,경상사고,0,0,1,0,차대사람 - 횡단중,안전운전불이행,건조,맑음,단일로 - 기타,화물,남,36세,상해없음,보행자,남,11세,경상
2018052300100427,2018년 5월 23일 16시,수요일,광주광역시 서구 금호동,중상사고,0,1,0,0,차대차 - 측면충돌,안전운전불이행,건조,맑음,교차로 - 교차로안,이륜,남,55세,중상,화물,여,52세,상해없음
2018052300100428,2018년 5월 23일 16시,수요일,광주광역시 서구 풍암동,경상사고,0,0,2,0,차대차 - 측면충돌,교차로운행방법위반,건조,맑음,교차로 - 교차로안,승용,여,37세,상해없음,승용,여,56세,경상
2018052300100429,2018년 5월 23일 16시,수요일,광주광역시 광산구 월전동,경상사고,0,0,1,0,차대차 - 기타,안전거리미확보,건조,맑음,교차로 - 교차로부근,승용,남,46세,상해없음,승용,남,77세,경상
2018052300100476,2018년 5월 23일 17시,수요일,광주광역시 서구 쌍촌동,경상사고,0,0,2,0,차대차 - 측면충돌,안전운전불이행,건조,맑음,단일로 - 기타,승용,여,30세,상해없음,승용,남,26세,경상
2018052300100477,2018년 5월 23일 17시,수요일,광주광역시 북구 운암동,경상사고,0,0,1,0,차대사람 - 횡단중,안전운전불이행,건조,맑음,단일로 - 기타,기타불명,기타불명,미분류,기타불명,보행자,여,19세,경상
2018052300100478,2018년 5월 23일 17시,수요일,광주광역시 광산구 산정동,경상사고,0,0,2,0,차대차 - 측면충돌,차로위반,건조,맑음,단일로 - 기타,승용,남,63세,상해없음,승용,여,63세,상해없음
2018052300100530,2018년 5월 23일 18시,수요일,광주광역시 북구 풍향동,경상사고,0,0,2,0,차대차 - 측면충돌,안전운전불이행,건조,맑음,단일로 - 기타,이륜,남,29세,경상,승용,남,27세,경상
2018052300100531,2018년 5월 23일 18시,수요일,광주광역시 북구 양산동,경상사고,0,0,1,0,차대차 - 추돌,안전운전불이행,건조,맑음,교차로 - 교차로부근,승용,여,55세,상해없음,승용,여,50세,경상
2018052300100570,2018년 5월 23일 19시,수요일,광주광역시 북구 용봉동,경상사고,0,0,1,0,차대사람 - 횡단중,안전운전불이행,건조,맑음,교차로 - 교차로부근,승용,남,39세,상해없음,보행자,여,22세,경상
2018052400100016,2018년 5월 24일 00시,목요일,광주광역시 서구 양동,경상사고,0,0,1,0,차대차 - 측면충돌,신호위반,건조,맑음,교차로 - 교차로안,승용,여,48세,상해없음,승용,남,44세,경상
2018052400100087,2018년 5월 24일 07시,목요일,광주광역시 서구 동천동,경상사고,0,0,1,0,차대차 - 기타,직진우회전진행방해,건조,맑음,교차로 - 교차로안,승용,여,38세,상해없음,승용,남,52세,경상
2018052400100088,2018년 5월 24일 07시,목요일,광주광역시 서구 쌍촌동,중상사고,0,1,0,0,차대차 - 추돌,안전운전불이행,건조,맑음,교차로 - 교차로부근,승용,여,44세,상해없음,승용,남,56세,중상
2018052400100089,2018년 5월 24일 07시,목요일,광주광역시 북구 본촌동,중상사고,0,1,0,0,차대차 - 측면충돌,신호위반,건조,맑음,교차로 - 교차로부근,원동기,남,32세,중상,승용,남,51세,상해없음
2018052400100090,2018년 5월 24일 07시,목요일,광주광역시 광산구 옥동,경상사고,0,0,4,0,차대차 - 측면충돌,교차로운행방법위반,건조,맑음,교차로 - 교차로안,승용,여,35세,경상,승용,남,29세,경상
2018052400100141,2018년 5월 24일 08시,목요일,광주광역시 서구 유촌동,경상사고,0,0,2,0,차대차 - 측면충돌,교차로운행방법위반,건조,맑음,교차로 - 교차로안,승용,여,47세,경상,승용,남,29세,경상
2018052400100170,2018년 5월 24일 09시,목요일,광주광역시 북구 중흥동,경상사고,0,0,1,0,차대차 - 기타,안전운전불이행,건조,맑음,단일로 - 기타,승용,남,28세,상해없음,승용,여,50세,경상
2018052400100171,2018년 5월 24일 09시,목요일,광주광역시 광산구 운남동,경상사고,0,0,1,0,차대차 - 측면충돌,안전운전불이행,건조,맑음,교차로 - 교차로안,승용,남,71세,상해없음,승용,남,50세,경상
2018052400100209,2018년 5월 24일 10시,목요일,광주광역시 광산구 장록동,중상사고,0,1,1,0,차대차 - 추돌,안전운전불이행,건조,맑음,단일로 - 기타,승용,남,60세,상해없음,승용,여,67세,중상
2018052400100243,2018년 5월 24일 11시,목요일,광주광역시 북구 오치동,경상사고,0,0,1,0,차대차 - 추돌,안전거리미확보,건조,맑음,단일로 - 기타,승용,남,46세,상해없음,승용,여,56세,경상
2018052400100244,2018년 5월 24일 11시,목요일,광주광역시 광산구 하산동,경상사고,0,0,2,0,차대차 - 측면충돌,안전운전불이행,건조,맑음,교차로 - 교차로안,승용,남,53세,상해없음,화물,남,58세,경상
2018052400100245,2018년 5월 24일 11시,목요일,광주광역시 광산구 수완동,경상사고,0,0,2,0,차대차 - 정면충돌,안전운전불이행,건조,맑음,교차로 - 교차로부근,승용,남,53세,상해없음,승용,여,42세,경상
2018052400100278,2018년 5월 24일 12시,목요일,광주광역시 광산구 하남동,경상사고,0,0,1,0,차대차 - 측면충돌,교차로운행방법위반,건조,맑음,교차로 - 교차로안,승합,여,46세,상해없음,승용,여,38세,경상
2018052400100310,2018년 5월 24일 13시,목요일,광주광역시 북구 일곡동,경상사고,0,0,1,0,차량단독 - 기타,안전운전불이행,건조,맑음,단일로 - 기타,승합,남,40세,상해없음,,,,
2018052400100335,2018년 5월 24일 14시,목요일,광주광역시 서구 화정동,경상사고,0,0,3,0,차대차 - 추돌,안전거리미확보,건조,맑음,교차로 - 교차로안,승용,여,36세,상해없음,승용,남,67세,경상
2018052400100443,2018년 5월 24일 17시,목요일,광주광역시 서구 풍암동,경상사고,0,0,1,0,차대차 - 측면충돌,안전운전불이행,건조,맑음,교차로 - 교차로안,승용,남,62세,상해없음,자전거,남,9세,경상
2018052400100444,2018년 5월 24일 17시,목요일,광주광역시 서구 금호동,경상사고,0,0,1,0,차대사람 - 횡단중,보행자보호의무위반,건조,맑음,교차로 - 교차로횡단보도내,승용,여,49세,상해없음,보행자,남,27세,경상
2018052400100445,2018년 5월 24일 17시,목요일,광주광역시 북구 신안동,경상사고,0,0,4,0,차대차 - 추돌,안전거리미확보,건조,맑음,단일로 - 기타,승용,남,47세,상해없음,승용,남,59세,경상
2018052400100446,2018년 5월 24일 17시,목요일,광주광역시 광산구 월계동,경상사고,0,0,3,0,차대차 - 측면충돌,교차로운행방법위반,건조,맑음,교차로 - 교차로안,승용,남,19세,경상,승용,여,48세,경상
2018052400100493,2018년 5월 24일 18시,목요일,광주광역시 서구 금호동,중상사고,0,1,0,0,차대차 - 기타,안전운전불이행,건조,기타,단일로 - 기타,승용,남,59세,상해없음,이륜,남,36세,중상
2018052400100494,2018년 5월 24일 18시,목요일,광주광역시 남구 진월동,경상사고,0,0,2,0,차대차 - 측면충돌,기타,건조,맑음,단일로 - 기타,승용,남,43세,기타불명,승용,여,42세,경상
2018052400100495,2018년 5월 24일 18시,목요일,광주광역시 광산구 소촌동,중상사고,0,1,0,0,차대사람 - 횡단중,보행자보호의무위반,건조,맑음,교차로 - 교차로횡단보도내,승합,남,22세,상해없음,보행자,여,18세,중상
2018052400100524,2018년 5월 24일 19시,목요일,광주광역시 북구 일곡동,경상사고,0,0,1,0,차대차 - 측면충돌,신호위반,건조,맑음,교차로 - 교차로안,승합,남,67세,상해없음,화물,남,66세,경상
2018052400100558,2018년 5월 24일 20시,목요일,광주광역시 광산구 월계동,경상사고,0,0,4,0,차대차 - 측면충돌,안전거리미확보,건조,맑음,단일로 - 기타,승용,여,36세,경상,승용,여,44세,경상
2018052400100612,2018년 5월 24일 22시,목요일,광주광역시 남구 주월동,경상사고,0,0,3,0,차대차 - 기타,교차로운행방법위반,건조,맑음,교차로 - 교차로안,승용,남,78세,상해없음,승용,남,46세,경상
2018052500100016,2018년 5월 25일 00시,금요일,광주광역시 북구 두암동,경상사고,0,0,1,0,차대사람 - 기타,안전운전불이행,건조,맑음,단일로 - 기타,승용,남,28세,상해없음,보행자,여,47세,경상
2018052500100017,2018년 5월 25일 00시,금요일,광주광역시 광산구 수완동,경상사고,0,0,1,0,차대사람 - 길가장자리구역통행중,안전운전불이행,건조,맑음,단일로 - 기타,승용,남,64세,상해없음,보행자,여,24세,경상
2018052500100102,2018년 5월 25일 07시,금요일,광주광역시 서구 화정동,중상사고,0,1,0,0,차대차 - 기타,신호위반,건조,맑음,교차로 - 교차로안,승용,남,68세,상해없음,승용,남,30세,중상
2018052500100103,2018년 5월 25일 07시,금요일,광주광역시 광산구 도덕동,경상사고,0,0,1,0,차대차 - 추돌,안전거리미확보,건조,맑음,단일로 - 기타,화물,남,41세,상해없음,화물,남,42세,경상
2018052500100138,2018년 5월 25일 08시,금요일,광주광역시 서구 화정동,경상사고,0,0,1,0,차대차 - 후진중충돌,안전운전불이행,건조,맑음,교차로 - 교차로부근,승용,여,41세,상해없음,승용,남,26세,경상
2018052500100139,2018년 5월 25일 08시,금요일,광주광역시 서구 치평동,경상사고,0,0,1,0,차대차 - 추돌,안전거리미확보,건조,맑음,단일로 - 기타,승용,남,51세,상해없음,승용,남,46세,경상
2018052500100140,2018년 5월 25일 08시,금요일,광주광역시 북구 두암동,경상사고,0,0,1,0,차대사람 - 기타,안전운전불이행,건조,맑음,단일로 - 기타,승용,남,28세,기타불명,보행자,여,29세,경상
2018052500100141,2018년 5월 25일 08시,금요일,광주광역시 북구 중흥동,경상사고,0,0,1,0,차대차 - 기타,기타,건조,맑음,단일로 - 기타,자전거,남,58세,경상,승용,남,36세,상해없음
2018052500100253,2018년 5월 25일 11시,금요일,광주광역시 북구 두암동,경상사고,0,0,1,0,차대사람 - 차도통행중,교차로운행방법위반,건조,맑음,교차로 - 교차로안,승용,여,54세,상해없음,보행자,남,61세,경상
2018052500100254,2018년 5월 25일 11시,금요일,광주광역시 북구 운암동,경상사고,0,0,1,0,차량단독 - 기타,안전운전불이행,건조,맑음,단일로 - 기타,승합,남,62세,상해없음,,,,
2018052500100255,2018년 5월 25일 11시,금요일,광주광역시 광산구 수완동,경상사고,0,0,1,0,차대차 - 정면충돌,안전운전불이행,건조,맑음,단일로 - 기타,승용,남,46세,상해없음,승용,여,44세,경상
2018052500100354,2018년 5월 25일 14시,금요일,광주광역시 북구 일곡동,경상사고,0,0,3,0,차대차 - 기타,교차로운행방법위반,건조,맑음,교차로 - 교차로안,승용,여,48세,상해없음,승합,남,41세,경상
2018052500100426,2018년 5월 25일 16시,금요일,광주광역시 남구 주월동,경상사고,0,0,3,0,차대차 - 정면충돌,중앙선침범,건조,맑음,교차로 - 교차로부근,승용,남,61세,상해없음,승용,남,51세,경상
2018052500100427,2018년 5월 25일 16시,금요일,광주광역시 광산구 송정동,경상사고,0,0,1,0,차대사람 - 기타,안전운전불이행,건조,맑음,단일로 - 기타,승용,남,36세,상해없음,보행자,여,77세,경상
2018052500100428,2018년 5월 25일 16시,금요일,광주광역시 광산구 월계동,경상사고,0,0,1,0,차대사람 - 기타,안전운전불이행,건조,맑음,단일로 - 기타,화물,남,60세,상해없음,보행자,여,55세,경상
2018052500100429,2018년 5월 25일 16시,금요일,광주광역시 광산구 연산동,부상신고사고,0,0,0,1,차대차 - 측면충돌,교차로운행방법위반,건조,맑음,교차로 - 교차로안,이륜,남,76세,부상신고,화물,남,40세,상해없음
2018052500100478,2018년 5월 25일 17시,금요일,광주광역시 북구 오룡동,경상사고,0,0,1,0,차대차 - 기타,안전운전불이행,건조,맑음,단일로 - 기타,승용,남,24세,상해없음,승용,남,43세,경상
2018052500100479,2018년 5월 25일 17시,금요일,광주광역시 북구 북동,경상사고,0,0,2,0,차대차 - 측면충돌,신호위반,건조,맑음,교차로 - 교차로안,승용,남,23세,상해없음,이륜,남,62세,경상
2018052500100522,2018년 5월 25일 18시,금요일,광주광역시 북구 용봉동,경상사고,0,0,1,0,차대사람 - 차도통행중,안전운전불이행,건조,맑음,교차로 - 교차로안,승용,남,61세,상해없음,보행자,여,25세,경상
2018052500100594,2018년 5월 25일 20시,금요일,광주광역시 광산구 신촌동,경상사고,0,0,2,0,차대차 - 후진중충돌,안전운전불이행,건조,맑음,단일로 - 기타,승합,남,57세,상해없음,승용,여,24세,경상
2018052500100689,2018년 5월 25일 23시,금요일,광주광역시 서구 매월동,경상사고,0,0,1,0,차대차 - 측면충돌,안전거리미확보,건조,맑음,단일로 - 기타,승용,여,58세,상해없음,승용,남,36세,경상
2018052500100690,2018년 5월 25일 23시,금요일,광주광역시 북구 각화동,경상사고,0,0,1,0,차대차 - 측면충돌,안전운전불이행,건조,맑음,교차로 - 교차로안,승용,여,35세,상해없음,이륜,남,28세,경상
2018052600100017,2018년 5월 26일 00시,토요일,광주광역시 남구 월산동,중상사고,0,1,0,0,차대사람 - 기타,안전운전불이행,건조,맑음,교차로 - 교차로부근,승합,남,57세,상해없음,보행자,남,54세,중상
2018052600100054,2018년 5월 26일 02시,토요일,광주광역시 서구 치평동,경상사고,0,0,2,0,차대차 - 추돌,안전운전불이행,건조,맑음,단일로 - 기타,승용,남,27세,상해없음,승용,남,35세,상해없음
2018052600100055,2018년 5월 26일 02시,토요일,광주광역시 남구 구동,경상사고,0,0,1,0,차대차 - 추돌,안전운전불이행,건조,맑음,단일로 - 기타,이륜,남,36세,경상,승용,남,25세,상해없음
2018052600100056,2018년 5월 26일 02시,토요일,광주광역시 남구 봉선동,경상사고,0,0,1,0,차량단독 - 기타,안전운전불이행,건조,맑음,단일로 - 기타,승용,남,64세,상해없음,,,,
2018052600100188,2018년 5월 26일 09시,토요일,광주광역시 광산구 송정동,중상사고,0,1,0,0,차대차 - 측면충돌,안전운전불이행,건조,맑음,단일로 - 기타,승용,남,35세,상해없음,자전거,남,84세,중상
2018052600100224,2018년 5월 26일 10시,토요일,광주광역시 서구 금호동,중상사고,0,1,0,0,차대사람 - 횡단중,안전운전불이행,건조,맑음,단일로 - 기타,화물,남,65세,상해없음,보행자,여,63세,중상
2018052600100251,2018년 5월 26일 11시,토요일,광주광역시 서구 치평동,경상사고,0,0,1,0,차대차 - 후진중충돌,안전운전불이행,건조,맑음,단일로 - 기타,승용,여,53세,기타불명,승용,여,42세,경상
2018052600100252,2018년 5월 26일 11시,토요일,광주광역시 북구 운암동,경상사고,0,0,1,0,차대사람 - 횡단중,보행자보호의무위반,건조,맑음,단일로 - 기타,승용,여,41세,상해없음,보행자,남,7세,경상
2018052600100293,2018년 5월 26일 12시,토요일,광주광역시 남구 월산동,경상사고,0,0,2,0,차대차 - 추돌,안전거리미확보,건조,맑음,단일로 - 기타,승용,남,39세,상해없음,승용,남,38세,경상
2018052600100333,2018년 5월 26일 13시,토요일,광주광역시 광산구 월곡동,경상사고,0,0,1,0,차대사람 - 기타,안전운전불이행,건조,맑음,단일로 - 기타,승용,남,44세,상해없음,보행자,여,20세,경상
2018052600100368,2018년 5월 26일 14시,토요일,광주광역시 북구 운암동,중상사고,0,1,3,0,차대차 - 추돌,안전운전불이행,건조,맑음,단일로 - 기타,승용,남,56세,경상,승용,여,24세,중상
2018052600100369,2018년 5월 26일 14시,토요일,광주광역시 광산구 하남동,경상사고,0,0,2,0,차대차 - 측면충돌,신호위반,건조,맑음,교차로 - 교차로안,승용,남,61세,경상,승용,남,38세,경상
2018052600100408,2018년 5월 26일 15시,토요일,광주광역시 서구 양동,경상사고,0,0,2,0,차대차 - 추돌,안전운전불이행,건조,맑음,단일로 - 기타,승용,남,56세,상해없음,승용,남,34세,경상
2018052600100451,2018년 5월 26일 16시,토요일,광주광역시 광산구 신촌동,경상사고,0,0,4,0,차대차 - 측면충돌,안전거리미확보,건조,맑음,단일로 - 기타,승용,남,63세,상해없음,승용,여,30세,경상
2018052600100577,2018년 5월 26일 19시,토요일,광주광역시 북구 신용동,경상사고,0,0,4,0,차대차 - 측면충돌,안전운전불이행,건조,맑음,단일로 - 기타,승용,여,26세,경상,화물,남,61세,경상
2018052600100597,2018년 5월 26일 20시,토요일,광주광역시 남구 월산동,경상사고,0,0,1,0,차대차 - 추돌,안전운전불이행,건조,맑음,단일로 - 기타,승용,남,62세,상해없음,승용,남,30세,경상
2018052600100598,2018년 5월 26일 20시,토요일,광주광역시 북구 우산동,경상사고,0,0,1,0,차대차 - 추돌,안전운전불이행,건조,맑음,단일로 - 기타,승용,남,32세,상해없음,승용,남,30세,경상
2018052600100628,2018년 5월 26일 21시,토요일,광주광역시 서구 금호동,중상사고,0,1,0,0,차대사람 - 횡단중,신호위반,건조,맑음,교차로 - 교차로안,이륜,남,51세,상해없음,보행자,남,57세,중상
2018052600100646,2018년 5월 26일 22시,토요일,광주광역시 동구 동명동,경상사고,0,0,2,0,차대차 - 추돌,안전거리미확보,건조,맑음,교차로 - 교차로부근,승용,남,29세,상해없음,승용,남,75세,경상
2018052600100667,2018년 5월 26일 23시,토요일,광주광역시 서구 쌍촌동,경상사고,0,0,1,0,차대차 - 측면충돌,교차로운행방법위반,건조,맑음,교차로 - 교차로안,승용,여,42세,상해없음,이륜,남,28세,경상
2018052700100033,2018년 5월 27일 01시,일요일,광주광역시 서구 쌍촌동,경상사고,0,0,1,0,차대사람 - 기타,안전운전불이행,건조,맑음,교차로 - 교차로부근,승용,남,27세,상해없음,보행자,남,31세,경상
2018052700100034,2018년 5월 27일 01시,일요일,광주광역시 북구 용봉동,경상사고,0,0,1,0,차대차 - 측면충돌,교차로운행방법위반,건조,맑음,교차로 - 교차로안,승용,남,27세,상해없음,자전거,남,42세,경상
2018052700100047,2018년 5월 27일 02시,일요일,광주광역시 광산구 신창동,경상사고,0,0,1,0,차대차 - 추돌,안전운전불이행,건조,맑음,단일로 - 기타,승용,남,37세,상해없음,승용,남,54세,경상
2018052700100069,2018년 5월 27일 04시,일요일,광주광역시 서구 치평동,경상사고,0,0,1,0,차대차 - 기타,안전운전불이행,건조,맑음,단일로 - 기타,승용,남,23세,상해없음,승용,남,42세,경상
2018052700100093,2018년 5월 27일 07시,일요일,광주광역시 서구 쌍촌동,경상사고,0,0,2,0,차대차 - 측면충돌,직진우회전진행방해,건조,맑음,교차로 - 교차로안,승용,남,59세,상해없음,승용,남,73세,경상
2018052700100163,2018년 5월 27일 11시,일요일,광주광역시 동구 계림동,경상사고,0,0,1,0,차대사람 - 기타,안전운전불이행,건조,맑음,단일로 - 기타,승용,남,50세,상해없음,보행자,남,57세,경상
2018052700100184,2018년 5월 27일 12시,일요일,광주광역시 서구 풍암동,부상신고사고,0,0,0,1,차대차 - 측면충돌,안전운전불이행,건조,맑음,교차로 - 교차로안,이륜,남,23세,상해없음,승용,남,23세,부상신고
2018052700100212,2018년 5월 27일 13시,일요일,광주광역시 동구 산수동,경상사고,0,0,1,0,차대사람 - 횡단중,안전운전불이행,건조,맑음,단일로 - 기타,승용,남,44세,상해없음,보행자,남,7세,경상
2018052700100293,2018년 5월 27일 16시,일요일,광주광역시 서구 양동,경상사고,0,0,1,0,차대사람 - 횡단중,보행자보호의무위반,건조,맑음,교차로 - 교차로안,승용,여,63세,상해없음,보행자,여,51세,경상
2018052700100294,2018년 5월 27일 16시,일요일,광주광역시 북구 운암동,경상사고,0,0,1,0,차대차 - 측면충돌,신호위반,건조,맑음,교차로 - 교차로안,승용,남,73세,상해없음,승용,남,37세,경상
2018052700100317,2018년 5월 27일 17시,일요일,광주광역시 서구 쌍촌동,경상사고,0,0,2,0,차대차 - 측면충돌,안전운전불이행,건조,맑음,단일로 - 기타,승용,남,58세,상해없음,승용,여,28세,경상
2018052700100341,2018년 5월 27일 18시,일요일,광주광역시 서구 치평동,경상사고,0,0,1,0,차대차 - 추돌,안전운전불이행,건조,맑음,교차로 - 교차로부근,승용,남,51세,상해없음,승용,여,25세,경상
2018052700100342,2018년 5월 27일 18시,일요일,광주광역시 광산구 장덕동,경상사고,0,0,1,0,차대차 - 추돌,안전운전불이행,건조,맑음,단일로 - 기타,승용,남,61세,상해없음,승용,남,40세,경상
2018052700100343,2018년 5월 27일 18시,일요일,광주광역시 광산구 운남동,경상사고,0,0,3,0,차대차 - 기타,안전거리미확보,건조,맑음,단일로 - 교량,승용,남,18세,상해없음,승용,남,34세,경상
2018052700100386,2018년 5월 27일 20시,일요일,광주광역시 광산구 산정동,경상사고,0,0,1,0,차대차 - 추돌,안전운전불이행,건조,맑음,교차로 - 교차로부근,승용,남,56세,상해없음,승용,여,55세,경상
2018052700100433,2018년 5월 27일 22시,일요일,광주광역시 광산구 운남동,경상사고,0,0,1,0,차대차 - 기타,안전거리미확보,건조,맑음,단일로 - 기타,승용,남,54세,상해없음,승용,여,44세,경상
2018052800100017,2018년 5월 28일 01시,월요일,광주광역시 북구 누문동,경상사고,0,0,2,0,차대차 - 측면충돌,신호위반,건조,맑음,교차로 - 교차로안,승용,남,19세,상해없음,승용,남,45세,상해없음
2018052800100035,2018년 5월 28일 03시,월요일,광주광역시 북구 용봉동,경상사고,0,0,1,0,차대사람 - 기타,안전운전불이행,건조,맑음,단일로 - 기타,승용,남,48세,상해없음,보행자,남,21세,경상
2018052800100148,2018년 5월 28일 08시,월요일,광주광역시 동구 대인동,경상사고,0,0,1,0,차대차 - 추돌,안전거리미확보,건조,기타,단일로 - 기타,승용,여,40세,상해없음,이륜,남,77세,경상
2018052800100149,2018년 5월 28일 08시,월요일,광주광역시 북구 오치동,경상사고,0,0,1,0,차대차 - 측면충돌,안전운전불이행,건조,맑음,단일로 - 기타,승용,여,47세,상해없음,승합,남,39세,경상
2018052800100185,2018년 5월 28일 09시,월요일,광주광역시 남구 사동,경상사고,0,0,1,0,차대차 - 측면충돌,교차로운행방법위반,건조,맑음,교차로 - 교차로안,승용,남,45세,상해없음,승용,여,27세,경상
2018052800100186,2018년 5월 28일 09시,월요일,광주광역시 북구 문흥동,경상사고,0,0,1,0,차대차 - 측면충돌,안전운전불이행,건조,맑음,단일로 - 기타,승용,남,69세,상해없음,승용,남,20세,경상
2018052800100247,2018년 5월 28일 11시,월요일,광주광역시 북구 매곡동,경상사고,0,0,2,0,차대차 - 기타,교차로운행방법위반,건조,맑음,교차로 - 교차로안,승용,여,71세,경상,화물,남,60세,경상
2018052800100248,2018년 5월 28일 11시,월요일,광주광역시 북구 문흥동,경상사고,0,0,2,0,차대차 - 측면충돌,교차로운행방법위반,건조,맑음,교차로 - 교차로안,승용,여,49세,경상,승용,여,56세,경상
2018052800100305,2018년 5월 28일 13시,월요일,광주광역시 서구 덕흥동,경상사고,0,0,2,0,차대차 - 추돌,안전거리미확보,건조,맑음,단일로 - 기타,승용,남,50세,경상,승용,여,49세,경상
2018052800100306,2018년 5월 28일 13시,월요일,광주광역시 북구 용봉동,경상사고,0,0,1,0,차대차 - 측면충돌,교차로운행방법위반,건조,맑음,교차로 - 교차로안,승용,남,52세,상해없음,승용,여,61세,경상
2018052800100336,2018년 5월 28일 14시,월요일,광주광역시 남구 주월동,경상사고,0,0,2,0,차대차 - 측면충돌,안전거리미확보,건조,맑음,단일로 - 기타,승용,남,72세,상해없음,승용,여,37세,경상
2018052800100366,2018년 5월 28일 15시,월요일,광주광역시 서구 매월동,중상사고,0,1,0,0,차대차 - 측면충돌,중앙선침범,건조,맑음,교차로 - 교차로안,개인형이동수단(PM),남,54세,중상,승용,남,30세,상해없음
2018052800100367,2018년 5월 28일 15시,월요일,광주광역시 북구 동림동,경상사고,0,0,1,0,차대사람 - 기타,안전운전불이행,건조,맑음,교차로 - 교차로부근,승용,남,57세,상해없음,보행자,남,9세,경상
2018052800100411,2018년 5월 28일 16시,월요일,광주광역시 북구 일곡동,중상사고,0,1,0,0,차대사람 - 횡단중,보행자보호의무위반,건조,맑음,단일로 - 기타,승합,여,51세,상해없음,보행자,여,10세,중상
2018052800100457,2018년 5월 28일 17시,월요일,광주광역시 동구 동명동,중상사고,0,1,0,0,차대사람 - 횡단중,안전운전불이행,기타,맑음,교차로 - 교차로안,승용,남,55세,상해없음,보행자,남,55세,중상
2018052800100494,2018년 5월 28일 18시,월요일,광주광역시 북구 두암동,경상사고,0,0,1,0,차대사람 - 기타,안전운전불이행,건조,맑음,단일로 - 기타,승용,여,64세,상해없음,보행자,남,58세,경상
2018052800100495,2018년 5월 28일 18시,월요일,광주광역시 북구 양산동,중상사고,0,1,0,0,차대사람 - 차도통행중,안전운전불이행,건조,맑음,단일로 - 기타,승용,여,34세,상해없음,보행자,남,14세,중상
2018052800100496,2018년 5월 28일 18시,월요일,광주광역시 광산구 신가동,경상사고,0,0,1,0,차대사람 - 길가장자리구역통행중,안전운전불이행,건조,맑음,단일로 - 기타,기타불명,기타불명,미분류,기타불명,보행자,여,23세,경상
2018052800100530,2018년 5월 28일 19시,월요일,광주광역시 북구 양산동,경상사고,0,0,2,0,차대차 - 기타,교차로운행방법위반,건조,맑음,교차로 - 교차로안,승합,남,48세,경상,승용,여,48세,경상
2018052800100531,2018년 5월 28일 19시,월요일,광주광역시 광산구 월곡동,중상사고,0,1,0,0,차대차 - 측면충돌,차로위반,건조,맑음,기타 - 기타,승용,남,25세,상해없음,이륜,남,18세,중상