사고번호,사고일시,요일,시군구,사고내용,사망자수,중상자수,경상자수,부상신고자수,사고유형,법규위반,노면상태,기상상태,도로형태,가해운전자 차종,가해운전자 성별,가해운전자 연령,가해운전자 상해정도,피해운전자 차종,피해운전자 성별,피해운전자 연령,피해운전자 상해정도
2018060300100170,2018년 6월 3일 11시,일요일,광주광역시 남구 월산동,중상사고,0,1,0,0,차대사람 - 기타,기타,건조,맑음,단일로 - 기타,승합,남,66세,상해없음,보행자,여,73세,중상
2018060300100287,2018년 6월 3일 15시,일요일,광주광역시 광산구 월곡동,경상사고,0,0,1,0,차대차 - 측면충돌,교차로운행방법위반,건조,맑음,교차로 - 교차로안,승용,여,33세,상해없음,승용,남,61세,경상
2018060300100319,2018년 6월 3일 16시,일요일,광주광역시 서구 광천동,경상사고,0,0,2,1,차대차 - 측면충돌,안전거리미확보,건조,맑음,단일로 - 기타,승용,여,45세,상해없음,승합,남,49세,상해없음
2018060300100320,2018년 6월 3일 16시,일요일,광주광역시 광산구 월곡동,경상사고,0,0,3,0,차대차 - 추돌,불법유턴,건조,맑음,단일로 - 기타,승용,여,54세,상해없음,승용,여,36세,경상
2018060300100359,2018년 6월 3일 17시,일요일,광주광역시 남구 방림동,경상사고,0,0,1,0,차대차 - 추돌,안전운전불이행,건조,맑음,단일로 - 기타,승용,여,33세,상해없음,자전거,남,71세,경상
2018060300100388,2018년 6월 3일 18시,일요일,광주광역시 광산구 쌍암동,경상사고,0,0,1,0,차대차 - 측면충돌,교차로운행방법위반,건조,맑음,교차로 - 교차로안,이륜,남,40세,경상,승용,남,26세,상해없음
2018060300100415,2018년 6월 3일 19시,일요일,광주광역시 북구 삼각동,경상사고,0,0,1,0,차대차 - 기타,안전운전불이행,건조,맑음,교차로 - 교차로안,화물,남,48세,상해없음,자전거,남,6세,경상
2018060300100496,2018년 6월 3일 22시,일요일,광주광역시 북구 용두동,경상사고,0,0,2,0,차대차 - 추돌,안전운전불이행,건조,맑음,단일로 - 기타,화물,남,38세,기타불명,승용,남,51세,경상
2018060400100102,2018년 6월 4일 07시,월요일,광주광역시 북구 대촌동,경상사고,0,0,1,0,차대차 - 기타,안전운전불이행,건조,맑음,단일로 - 기타,승용,여,41세,상해없음,자전거,남,63세,경상
2018060400100152,2018년 6월 4일 08시,월요일,광주광역시 남구 진월동,경상사고,0,0,1,0,차대차 - 기타,안전운전불이행,건조,맑음,단일로 - 기타,승용,남,42세,상해없음,승용,여,47세,경상
2018060400100195,2018년 6월 4일 09시,월요일,광주광역시 서구 풍암동,경상사고,0,0,3,0,차대차 - 추돌,안전운전불이행,건조,맑음,단일로 - 기타,화물,남,52세,상해없음,승용,남,57세,경상
2018060400100219,2018년 6월 4일 10시,월요일,광주광역시 북구 운암동,경상사고,0,0,2,0,차대차 - 추돌,교차로운행방법위반,건조,맑음,교차로 - 교차로부근,승용,여,59세,상해없음,승용,남,30세,경상
2018060400100356,2018년 6월 4일 14시,월요일,광주광역시 광산구 신창동,경상사고,0,0,2,0,차대차 - 측면충돌,안전운전불이행,건조,맑음,교차로 - 교차로안,승용,여,53세,경상,승용,남,47세,경상
2018060400100385,2018년 6월 4일 15시,월요일,광주광역시 서구 마륵동,경상사고,0,0,1,0,차대차 - 기타,안전운전불이행,건조,맑음,교차로 - 교차로부근,승용,여,49세,상해없음,이륜,남,32세,경상
2018060400100386,2018년 6월 4일 15시,월요일,광주광역시 남구 월산동,중상사고,0,1,0,0,차대사람 - 횡단중,신호위반,건조,맑음,교차로 - 교차로안,화물,남,73세,상해없음,보행자,여,73세,중상
2018060400100423,2018년 6월 4일 16시,월요일,광주광역시 광산구 신가동,중상사고,0,1,0,0,차대차 - 측면충돌,안전거리미확보,건조,맑음,단일로 - 기타,승용,남,37세,상해없음,이륜,남,33세,중상
2018060400100424,2018년 6월 4일 16시,월요일,광주광역시 광산구 신창동,중상사고,0,2,0,0,차대사람 - 횡단중,안전운전불이행,건조,맑음,단일로 - 기타,이륜,남,34세,중상,보행자,남,17세,중상
2018060400100474,2018년 6월 4일 17시,월요일,광주광역시 북구 동림동,경상사고,0,0,1,1,차대차 - 기타,안전운전불이행,건조,맑음,단일로 - 기타,이륜,남,18세,부상신고,승용,여,69세,경상
2018060400100475,2018년 6월 4일 17시,월요일,광주광역시 광산구 신가동,중상사고,0,1,0,0,차대차 - 기타,안전운전불이행,건조,맑음,교차로 - 교차로횡단보도내,승용,여,47세,상해없음,자전거,남,78세,중상
2018060400100580,2018년 6월 4일 20시,월요일,광주광역시 북구 양산동,경상사고,0,0,2,0,차대차 - 측면충돌,신호위반,건조,맑음,교차로 - 교차로안,이륜,남,27세,경상,승용,남,33세,경상
2018060400100581,2018년 6월 4일 20시,월요일,광주광역시 광산구 우산동,경상사고,0,0,1,0,차량단독 - 전도전복 - 전도,안전운전불이행,건조,맑음,단일로 - 기타,원동기,남,50세,경상,미분류,미분류,미분류,미분류
2018060400100604,2018년 6월 4일 21시,월요일,광주광역시 서구 풍암동,경상사고,0,0,1,0,차대차 - 측면충돌,안전운전불이행,건조,맑음,단일로 - 기타,승용,남,46세,상해없음,개인형이동수단(PM),남,58세,경상
2018060400100605,2018년 6월 4일 21시,월요일,광주광역시 북구 용봉동,경상사고,0,0,1,0,차대사람 - 횡단중,보행자보호의무위반,건조,맑음,교차로 - 교차로횡단보도내,승용,남,56세,상해없음,보행자,남,59세,경상
2018060400100606,2018년 6월 4일 21시,월요일,광주광역시 북구 중흥동,부상신고사고,0,0,0,1,차대차 - 기타,안전운전불이행,건조,맑음,단일로 - 기타,기타불명,기타불명,미분류,기타불명,이륜,남,25세,부상신고
2018060400100607,2018년 6월 4일 21시,월요일,광주광역시 북구 운암동,경상사고,0,0,1,0,차대사람 - 기타,안전운전불이행,건조,맑음,단일로 - 기타,기타불명,기타불명,미분류,기타불명,보행자,남,38세,경상
2018060400100652,2018년 6월 4일 23시,월요일,광주광역시 광산구 수완동,경상사고,0,0,1,0,차대사람 - 횡단중,안전운전불이행,건조,맑음,교차로 - 교차로횡단보도내,이륜,남,24세,상해없음,보행자,여,22세,경상
2018060500100069,2018년 6월 5일 06시,화요일,광주광역시 서구 화정동,경상사고,0,0,2,0,차대차 - 추돌,안전운전불이행,건조,맑음,교차로 - 교차로부근,승용,남,24세,상해없음,승용,여,55세,경상
2018060500100070,2018년 6월 5일 06시,화요일,광주광역시 북구 두암동,경상사고,0,0,1,0,차대차 - 측면충돌,안전운전불이행,건조,맑음,단일로 - 기타,이륜,남,78세,경상,승용,남,71세,상해없음
2018060500100137,2018년 6월 5일 08시,화요일,광주광역시 서구 농성동,경상사고,0,0,1,0,차대사람 - 차도통행중,안전운전불이행,건조,맑음,단일로 - 기타,승용,남,57세,상해없음,보행자,남,31세,경상
2018060500100184,2018년 6월 5일 09시,화요일,광주광역시 광산구 송정동,중상사고,0,1,0,0,차대차 - 측면충돌,안전운전불이행,건조,맑음,교차로 - 교차로안,승용,여,19세,상해없음,승용,여,48세,중상
2018060500100185,2018년 6월 5일 09시,화요일,광주광역시 광산구 운수동,경상사고,0,0,2,0,차대차 - 추돌,안전운전불이행,건조,맑음,단일로 - 기타,특수,남,48세,경상,승용,여,42세,경상
2018060500100242,2018년 6월 5일 11시,화요일,광주광역시 남구 송하동,경상사고,0,0,1,0,차대차 - 측면충돌,안전거리미확보,건조,맑음,단일로 - 기타,승용,남,51세,상해없음,승용,여,32세,경상
2018060500100337,2018년 6월 5일 14시,화요일,광주광역시 북구 중흥동,경상사고,0,0,1,0,차대차 - 측면충돌,안전운전불이행,건조,맑음,교차로 - 교차로안,이륜,남,70세,경상,승용,남,57세,상해없음
2018060500100378,2018년 6월 5일 15시,화요일,광주광역시 북구 두암동,중상사고,0,1,0,0,차대사람 - 횡단중,안전운전불이행,건조,맑음,단일로 - 기타,화물,남,48세,상해없음,보행자,남,6세,중상
2018060500100379,2018년 6월 5일 15시,화요일,광주광역시 광산구 산정동,경상사고,0,0,1,0,차대차 - 기타,안전운전불이행,건조,맑음,단일로 - 기타,승용,여,33세,상해없음,승용,남,19세,경상
2018060500100415,2018년 6월 5일 16시,화요일,광주광역시 서구 매월동,경상사고,0,0,1,0,차대차 - 측면충돌,안전운전불이행,건조,맑음,단일로 - 기타,승용,여,66세,상해없음,승용,남,54세,경상
2018060500100416,2018년 6월 5일 16시,화요일,광주광역시 북구 유동,중상사고,0,1,0,0,차대차 - 기타,안전운전불이행,건조,맑음,단일로 - 기타,화물,남,40세,상해없음,화물,남,52세,중상
2018060500100471,2018년 6월 5일 17시,화요일,광주광역시 북구 본촌동,중상사고,0,1,0,0,차대차 - 기타,교차로운행방법위반,건조,맑음,교차로 - 교차로안,승용,여,50세,상해없음,원동기,남,51세,중상
2018060500100527,2018년 6월 5일 18시,화요일,광주광역시 동구 산수동,중상사고,0,1,0,0,차대사람 - 횡단중,안전운전불이행,건조,맑음,교차로 - 교차로안,승용,남,41세,상해없음,보행자,여,57세,중상
2018060500100528,2018년 6월 5일 18시,화요일,광주광역시 광산구 안청동,경상사고,0,0,2,0,차대차 - 측면충돌,안전운전불이행,건조,맑음,교차로 - 교차로안,승용,여,39세,경상,화물,남,42세,경상
2018060500100529,2018년 6월 5일 18시,화요일,광주광역시 광산구 신가동,경상사고,0,0,2,0,차대차 - 측면충돌,안전거리미확보,건조,맑음,단일로 - 기타,이륜,남,18세,경상,이륜,남,34세,경상
2018060500100530,2018년 6월 5일 18시,화요일,광주광역시 광산구 비아동,경상사고,0,0,1,0,차대차 - 측면충돌,직진우회전진행방해,건조,맑음,교차로 - 교차로안,승용,여,23세,상해없음,이륜,남,34세,경상
2018060500100587,2018년 6월 5일 20시,화요일,광주광역시 동구 계림동,경상사고,0,0,1,0,차대차 - 측면충돌,안전운전불이행,건조,맑음,단일로 - 기타,화물,남,48세,상해없음,자전거,남,72세,경상
2018060500100588,2018년 6월 5일 20시,화요일,광주광역시 광산구 도천동,경상사고,0,0,1,0,차대차 - 측면충돌,안전운전불이행,건조,맑음,단일로 - 기타,승용,남,55세,상해없음,승용,남,24세,경상
2018060500100619,2018년 6월 5일 21시,화요일,광주광역시 서구 금호동,경상사고,0,0,2,0,차대차 - 측면충돌,신호위반,건조,맑음,교차로 - 교차로부근,이륜,남,28세,경상,승용,남,53세,경상
2018060500100620,2018년 6월 5일 21시,화요일,광주광역시 북구 용봉동,부상신고사고,0,0,0,1,차량단독 - 기타,안전운전불이행,건조,맑음,단일로 - 기타,원동기,남,41세,부상신고,,,,
2018060500100621,2018년 6월 5일 21시,화요일,광주광역시 북구 우산동,중상사고,0,1,0,0,차대사람 - 횡단중,안전운전불이행,건조,맑음,교차로 - 교차로횡단보도내,승용,여,51세,상해없음,보행자,남,14세,중상
2018060500100622,2018년 6월 5일 21시,화요일,광주광역시 광산구 남산동,중상사고,0,1,1,0,차대차 - 측면충돌,교차로운행방법위반,건조,맑음,교차로 - 교차로안,승합,여,51세,경상,승용,남,32세,중상
2018060600100038,2018년 6월 6일 01시,수요일,광주광역시 서구 쌍촌동,경상사고,0,0,2,0,차대차 - 기타,안전운전불이행,건조,맑음,단일로 - 기타,승용,남,32세,상해없음,승용,남,66세,경상
2018060600100052,2018년 6월 6일 02시,수요일,광주광역시 서구 유촌동,중상사고,0,1,1,0,차대차 - 측면충돌,차로위반,건조,맑음,단일로 - 기타,자전거,남,20세,중상,승용,남,50세,상해없음
2018060600100066,2018년 6월 6일 03시,수요일,광주광역시 남구 백운동,경상사고,0,0,2,0,차대차 - 측면충돌,신호위반,건조,맑음,교차로 - 교차로안,승용,남,44세,상해없음,승용,여,28세,경상
2018060600100081,2018년 6월 6일 04시,수요일,광주광역시 북구 문흥동,중상사고,0,1,0,0,차대사람 - 기타,안전운전불이행,건조,맑음,교차로 - 교차로안,승용,남,31세,상해없음,보행자,여,77세,중상
2018060600100127,2018년 6월 6일 07시,수요일,광주광역시 북구 중흥동,중상사고,0,1,0,0,차대사람 - 기타,안전운전불이행,건조,맑음,교차로 - 교차로안,승용,남,31세,상해없음,보행자,남,51세,중상
2018060600100208,2018년 6월 6일 11시,수요일,광주광역시 동구 충장로3가,경상사고,0,0,1,0,차대차 - 측면충돌,기타,건조,맑음,단일로 - 기타,기타불명,기타불명,미분류,기타불명,자전거,남,26세,경상
2018060600100209,2018년 6월 6일 11시,수요일,광주광역시 북구 각화동,경상사고,0,0,1,0,차대사람 - 기타,안전운전불이행,건조,맑음,단일로 - 기타,승용,남,45세,상해없음,보행자,남,36세,경상
2018060600100210,2018년 6월 6일 11시,수요일,광주광역시 광산구 쌍암동,경상사고,0,0,1,0,차대차 - 측면충돌,안전운전불이행,건조,맑음,교차로 - 교차로부근,승용,여,45세,기타불명,건설기계,남,47세,경상
2018060600100322,2018년 6월 6일 14시,수요일,광주광역시 서구 매월동,경상사고,0,0,4,0,차대차 - 측면충돌,차로위반,건조,맑음,단일로 - 기타,승용,여,36세,경상,승용,남,26세,경상
2018060600100364,2018년 6월 6일 15시,수요일,광주광역시 북구 임동,경상사고,0,0,6,0,차대차 - 측면충돌,신호위반,건조,맑음,교차로 - 교차로안,승용,남,30세,상해없음,승합,남,51세,상해없음
2018060600100512,2018년 6월 6일 20시,수요일,광주광역시 서구 농성동,경상사고,0,0,6,1,차대차 - 측면충돌,안전운전불이행,건조,맑음,교차로 - 교차로부근,이륜,남,26세,상해없음,승용,남,41세,경상
2018060600100542,2018년 6월 6일 21시,수요일,광주광역시 북구 운암동,경상사고,0,0,1,0,차량단독 - 기타,안전운전불이행,건조,맑음,단일로 - 기타,승용,남,50세,상해없음,,,,
2018060600100543,2018년 6월 6일 21시,수요일,광주광역시 북구 신안동,경상사고,0,0,3,0,차대차 - 측면충돌,신호위반,건조,맑음,교차로 - 교차로안,승용,여,47세,상해없음,승용,남,40세,경상
2018060600100584,2018년 6월 6일 23시,수요일,광주광역시 서구 풍암동,경상사고,0,0,1,0,차대차 - 측면충돌,신호위반,건조,맑음,교차로 - 교차로안,기타불명,기타불명,미분류,기타불명,승용,남,61세,상해없음
2018060700100120,2018년 6월 7일 08시,목요일,광주광역시 남구 송하동,경상사고,0,0,3,0,차대차 - 측면충돌,교차로운행방법위반,건조,맑음,교차로 - 교차로부근,승합,남,30세,상해없음,승합,남,44세,경상
2018060700100121,2018년 6월 7일 08시,목요일,광주광역시 북구 오치동,경상사고,0,0,6,0,차대차 - 기타,안전운전불이행,건조,맑음,단일로 - 기타,승용,여,46세,경상,승용,남,28세,경상
2018060700100160,2018년 6월 7일 09시,목요일,광주광역시 북구 일곡동,중상사고,0,2,1,0,차대차 - 기타,안전운전불이행,건조,맑음,교차로 - 교차로안,화물,남,51세,중상,승용,여,27세,경상
2018060700100224,2018년 6월 7일 11시,목요일,광주광역시 광산구 산정동,경상사고,0,0,2,0,차대차 - 측면충돌,교차로운행방법위반,건조,맑음,교차로 - 교차로안,화물,남,31세,경상,승합,여,56세,경상
2018060700100251,2018년 6월 7일 12시,목요일,광주광역시 광산구 신촌동,경상사고,0,0,2,0,차대차 - 측면충돌,교차로운행방법위반,건조,맑음,교차로 - 교차로안,승용,여,45세,상해없음,화물,남,61세,경상
2018060700100312,2018년 6월 7일 14시,목요일,광주광역시 서구 화정동,경상사고,0,0,2,0,차대차 - 정면충돌,직진우회전진행방해,건조,맑음,교차로 - 교차로안,승용,남,69세,경상,승용,남,26세,경상
2018060700100346,2018년 6월 7일 15시,목요일,광주광역시 서구 치평동,경상사고,0,0,1,0,차대차 - 추돌,안전거리미확보,건조,맑음,단일로 - 기타,승용,남,46세,상해없음,승용,여,32세,경상
2018060700100462,2018년 6월 7일 18시,목요일,광주광역시 북구 동림동,부상신고사고,0,0,0,1,차대사람 - 기타,안전운전불이행,건조,맑음,단일로 - 기타,승용,여,28세,상해없음,보행자,남,10세,부상신고
2018060700100494,2018년 6월 7일 19시,목요일,광주광역시 북구 풍향동,경상사고,0,0,4,0,차대차 - 측면충돌,중앙선침범,건조,맑음,교차로 - 교차로부근,승용,남,33세,상해없음,승용,남,41세,경상
2018060700100526,2018년 6월 7일 20시,목요일,광주광역시 서구 풍암동,중상사고,0,1,0,0,차대사람 - 기타,안전운전불이행,건조,맑음,교차로 - 교차로안,승용,남,54세,상해없음,보행자,여,12세,중상
2018060700100586,2018년 6월 7일 22시,목요일,광주광역시 서구 광천동,경상사고,0,0,1,0,차대차 - 측면충돌,안전운전불이행,건조,흐림,단일로 - 기타,승용,남,75세,상해없음,승용,남,36세,경상
2018060700100587,2018년 6월 7일 22시,목요일,광주광역시 광산구 월곡동,경상사고,0,0,1,0,차대차 - 측면충돌,신호위반,건조,맑음,단일로 - 기타,승용,남,32세,상해없음,승용,여,51세,경상
2018060700100601,2018년 6월 7일 23시,목요일,광주광역시 북구 운암동,경상사고,0,0,1,0,차대차 - 측면충돌,신호위반,건조,맑음,교차로 - 교차로안,승용,남,29세,상해없음,이륜,남,22세,경상
2018060800100033,2018년 6월 8일 02시,금요일,광주광역시 북구 우산동,경상사고,0,0,2,1,차대차 - 측면충돌,신호위반,건조,맑음,교차로 - 교차로안,승용,남,22세,경상,승용,남,20세,경상
2018060800100050,2018년 6월 8일 04시,금요일,광주광역시 북구 오치동,중상사고,0,1,0,0,차대사람 - 횡단중,보행자보호의무위반,건조,맑음,교차로 - 교차로횡단보도내,화물,남,70세,상해없음,보행자,남,65세,중상
2018060800100084,2018년 6월 8일 06시,금요일,광주광역시 서구 화정동,중상사고,0,1,0,0,차대차 - 기타,신호위반,건조,맑음,단일로 - 기타,화물,남,59세,상해없음,원동기,남,66세,중상
2018060800100138,2018년 6월 8일 08시,금요일,광주광역시 광산구 송정동,경상사고,0,0,1,0,차대차 - 기타,안전운전불이행,건조,맑음,기타 - 기타,화물,남,68세,상해없음,승용,여,57세,경상
2018060800100139,2018년 6월 8일 08시,금요일,광주광역시 광산구 쌍암동,경상사고,0,0,1,0,차대차 - 추돌,안전운전불이행,건조,맑음,교차로 - 교차로부근,승용,여,37세,상해없음,승용,여,30세,경상
2018060800100220,2018년 6월 8일 10시,금요일,광주광역시 남구 백운동,중상사고,0,1,0,0,차대사람 - 횡단중,보행자보호의무위반,건조,맑음,단일로 - 기타,승용,남,75세,상해없음,보행자,남,79세,중상
2018060800100221,2018년 6월 8일 10시,금요일,광주광역시 북구 신안동,경상사고,0,0,1,0,차대차 - 측면충돌,안전운전불이행,건조,맑음,교차로 - 교차로안,자전거,여,70세,경상,승용,남,68세,상해없음
2018060800100222,2018년 6월 8일 10시,금요일,광주광역시 광산구 신가동,경상사고,0,0,1,0,차대차 - 추돌,안전운전불이행,건조,맑음,단일로 - 기타,화물,남,40세,상해없음,승용,남,42세,경상
2018060800100287,2018년 6월 8일 12시,금요일,광주광역시 서구 서창동,경상사고,0,0,1,0,차대차 - 측면충돌,직진우회전진행방해,건조,맑음,교차로 - 교차로안,화물,남,31세,상해없음,이륜,남,18세,경상
2018060800100288,2018년 6월 8일 12시,금요일,광주광역시 광산구 신창동,경상사고,0,0,1,0,차대차 - 추돌,안전운전불이행,건조,맑음,교차로 - 교차로부근,화물,남,42세,상해없음,승용,여,36세,경상
2018060800100289,2018년 6월 8일 12시,금요일,광주광역시 광산구 신가동,경상사고,0,0,1,0,차대차 - 추돌,안전운전불이행,건조,맑음,교차로 - 교차로부근,승용,남,63세,상해없음,승용,남,59세,경상
2018060800100317,2018년 6월 8일 13시,금요일,광주광역시 광산구 월계동,중상사고,0,1,2,0,차대차 - 기타,교차로운행방법위반,건조,맑음,교차로 - 교차로안,승용,남,21세,경상,이륜,남,31세,중상
2018060800100358,2018년 6월 8일 14시,금요일,광주광역시 남구 서동,경상사고,0,0,1,0,차대차 - 기타,기타,건조,맑음,단일로 - 기타,승용,남,27세,경상,승용,남,38세,상해없음
2018060800100359,2018년 6월 8일 14시,금요일,광주광역시 북구 운암동,경상사고,0,0,2,0,차대차 - 측면충돌,안전운전불이행,건조,맑음,단일로 - 기타,승용,남,59세,경상,승용,남,29세,경상
2018060800100431,2018년 6월 8일 16시,금요일,광주광역시 광산구 신가동,경상사고,0,0,1,0,차대차 - 추돌,안전운전불이행,건조,맑음,단일로 - 기타,이륜,남,24세,상해없음,승용,남,57세,상해없음
2018060800100432,2018년 6월 8일 16시,금요일,광주광역시 광산구 신가동,경상사고,0,0,1,0,차대사람 - 보도통행중,신호위반,건조,맑음,교차로 - 교차로횡단보도내,승용,여,68세,상해없음,보행자,남,27세,경상
2018060800100433,2018년 6월 8일 16시,금요일,광주광역시 광산구 산정동,중상사고,0,1,0,0,차대사람 - 기타,안전운전불이행,건조,맑음,기타 - 기타,자전거,여,51세,상해없음,보행자,여,70세,중상
2018060800100499,2018년 6월 8일 17시,금요일,광주광역시 광산구 안청동,경상사고,0,0,1,0,차대차 - 기타,안전운전불이행,건조,맑음,기타 - 기타,건설기계,남,63세,상해없음,화물,남,25세,상해없음
2018060800100545,2018년 6월 8일 18시,금요일,광주광역시 북구 두암동,경상사고,0,0,1,0,차대차 - 기타,신호위반,건조,맑음,교차로 - 교차로부근,승용,남,69세,상해없음,승용,남,51세,경상
2018060800100546,2018년 6월 8일 18시,금요일,광주광역시 북구 일곡동,경상사고,0,0,1,0,차대차 - 기타,안전운전불이행,건조,맑음,교차로 - 교차로안,이륜,남,19세,경상,승용,남,71세,상해없음
2018060800100547,2018년 6월 8일 18시,금요일,광주광역시 북구 용봉동,경상사고,0,0,1,0,차대차 - 측면충돌,안전운전불이행,건조,맑음,교차로 - 교차로안,이륜,남,25세,경상,승용,여,48세,상해없음
2018060800100548,2018년 6월 8일 18시,금요일,광주광역시 광산구 도산동,경상사고,0,0,1,0,차대사람 - 횡단중,안전운전불이행,건조,맑음,교차로 - 교차로부근,승용,여,29세,상해없음,보행자,여,48세,경상
2018060800100581,2018년 6월 8일 19시,금요일,광주광역시 남구 노대동,중상사고,0,1,0,0,차량단독 - 기타,기타,건조,맑음,단일로 - 기타,승합,남,50세,상해없음,,,,
2018060800100582,2018년 6월 8일 19시,금요일,광주광역시 광산구 우산동,경상사고,0,0,1,0,차대사람 - 기타,안전운전불이행,건조,맑음,단일로 - 기타,승용,남,45세,상해없음,보행자,남,66세,경상
2018060800100619,2018년 6월 8일 20시,금요일,광주광역시 서구 치평동,부상신고사고,0,0,0,1,차대차 - 측면충돌,안전운전불이행,건조,맑음,교차로 - 교차로안,승용,남,36세,상해없음,승용,남,47세,상해없음
2018060800100652,2018년 6월 8일 21시,금요일,광주광역시 북구 용봉동,경상사고,0,0,2,0,차대차 - 추돌,안전운전불이행,건조,맑음,단일로 - 기타,승용,남,51세,상해없음,승용,남,34세,경상
2018060800100681,2018년 6월 8일 22시,금요일,광주광역시 서구 농성동,경상사고,0,0,1,0,차대사람 - 차도통행중,안전운전불이행,건조,맑음,단일로 - 기타,승용,남,22세,상해없음,보행자,남,41세,경상
2018060800100682,2018년 6월 8일 22시,금요일,광주광역시 북구 문흥동,경상사고,0,0,2,0,차대차 - 측면충돌,안전운전불이행,건조,맑음,교차로 - 교차로부근,승용,남,36세,상해없음,화물,남,44세,경상
2018060800100697,2018년 6월 8일 23시,금요일,광주광역시 북구 금곡동,경상사고,0,0,3,0,차대차 - 정면충돌,중앙선침범,건조,맑음,단일로 - 기타,승용,남,54세,상해없음,승용,여,41세,경상
2018060900100071,2018년 6월 9일 04시,토요일,광주광역시 광산구 도산동,경상사고,0,0,1,0,차대사람 - 차도통행중,안전운전불이행,건조,맑음,교차로 - 교차로안,승용,남,33세,상해없음,보행자,여,17세,경상
2018060900100190,2018년 6월 9일 10시,토요일,광주광역시 북구 양산동,중상사고,0,1,0,0,차대사람 - 횡단중,안전운전불이행,건조,맑음,단일로 - 기타,승용,남,69세,상해없음,보행자,남,12세,중상
2018060900100227,2018년 6월 9일 11시,토요일,광주광역시 광산구 선암동,부상신고사고,0,0,0,1,차대차 - 측면충돌,불법유턴,건조,맑음,단일로 - 기타,자전거,남,9세,부상신고,승용,남,61세,상해없음
2018060900100265,2018년 6월 9일 12시,토요일,광주광역시 서구 금호동,경상사고,0,0,2,0,차대차 - 측면충돌,차로위반,건조,맑음,단일로 - 기타,승용,여,47세,상해없음,승용,여,28세,경상
2018060900100303,2018년 6월 9일 13시,토요일,광주광역시 동구 계림동,경상사고,0,0,1,0,차대사람 - 기타,안전운전불이행,건조,맑음,단일로 - 기타,승용,남,69세,상해없음,보행자,남,46세,경상
2018060900100338,2018년 6월 9일 14시,토요일,광주광역시 광산구 운남동,경상사고,0,0,1,0,차대차 - 기타,안전운전불이행,건조,맑음,단일로 - 기타,승용,여,37세,상해없음,승용,여,38세,경상
2018060900100367,2018년 6월 9일 15시,토요일,광주광역시 광산구 산월동,경상사고,0,0,1,0,차대차 - 측면충돌,교차로운행방법위반,건조,맑음,교차로 - 교차로안,승용,여,54세,상해없음,승용,남,33세,경상
2018060900100395,2018년 6월 9일 16시,토요일,광주광역시 광산구 옥동,경상사고,0,0,4,0,차대차 - 측면충돌,신호위반,건조,맑음,교차로 - 교차로안,승용,남,78세,경상,승용,여,29세,경상
2018060900100477,2018년 6월 9일 18시,토요일,광주광역시 서구 광천동,경상사고,0,0,4,0,차대차 - 추돌,안전운전불이행,건조,맑음,교차로 - 교차로안,승용,남,36세,상해없음,승용,남,40세,경상
2018060900100478,2018년 6월 9일 18시,토요일,광주광역시 남구 구동,부상신고사고,0,0,0,1,차대사람 - 기타,안전운전불이행,건조,맑음,단일로 - 기타,화물,남,34세,상해없음,보행자,남,63세,부상신고
2018060900100479,2018년 6월 9일 18시,토요일,광주광역시 북구 운암동,경상사고,0,0,1,0,차대차 - 측면충돌,안전운전불이행,건조,맑음,교차로 - 교차로안,승합,남,55세,상해없음,승용,여,26세,경상
2018060900100518,2018년 6월 9일 19시,토요일,광주광역시 광산구 소촌동,중상사고,0,1,0,0,차대차 - 측면충돌,신호위반,건조,맑음,교차로 - 교차로안,이륜,남,64세,중상,승용,남,53세,상해없음
2018060900100519,2018년 6월 9일 19시,토요일,광주광역시 광산구 산월동,경상사고,0,0,1,0,차대차 - 측면충돌,안전운전불이행,건조,맑음,교차로 - 교차로부근,승용,남,19세,상해없음,화물,남,44세,경상
2018060900100555,2018년 6월 9일 20시,토요일,광주광역시 동구 계림동,경상사고,0,0,1,0,차대차 - 후진중충돌,안전운전불이행,건조,맑음,단일로 - 기타,승용,여,73세,상해없음,이륜,남,19세,경상
2018060900100638,2018년 6월 9일 23시,토요일,광주광역시 서구 쌍촌동,경상사고,0,0,2,0,차대차 - 추돌,안전운전불이행,건조,맑음,단일로 - 기타,승용,남,36세,상해없음,승용,남,23세,경상
2018060900100639,2018년 6월 9일 23시,토요일,광주광역시 북구 용봉동,경상사고,0,0,1,0,차대차 - 측면충돌,신호위반,건조,맑음,교차로 - 교차로안,승용,여,30세,상해없음,승용,남,25세,경상
2018060900100640,2018년 6월 9일 23시,토요일,광주광역시 북구 용봉동,경상사고,0,0,1,0,차대차 - 측면충돌,교차로운행방법위반,젖음/습기,비,교차로 - 교차로안,승용,남,66세,상해없음,승용,남,49세,상해없음
2018060900100641,2018년 6월 9일 23시,토요일,광주광역시 광산구 월계동,경상사고,0,0,2,0,차대차 - 측면충돌,안전운전불이행,건조,맑음,교차로 - 교차로안,승용,남,25세,경상,승합,남,39세,경상
2018061000100021,2018년 6월 10일 00시,일요일,광주광역시 북구 일곡동,경상사고,0,0,1,0,차대차 - 추돌,기타,건조,맑음,교차로 - 교차로안,자전거,남,9세,경상,승용,남,57세,상해없음
2018061000100039,2018년 6월 10일 01시,일요일,광주광역시 북구 운암동,중상사고,0,1,1,0,차대차 - 측면충돌,안전운전불이행,건조,맑음,교차로 - 교차로부근,승용,남,20세,상해없음,이륜,남,20세,경상
2018061000100058,2018년 6월 10일 02시,일요일,광주광역시 북구 중흥동,경상사고,0,0,1,0,차대차 - 측면충돌,안전거리미확보,건조,맑음,단일로 - 기타,승용,남,26세,상해없음,이륜,남,49세,경상