사고번호,사고일시,요일,시군구,사고내용,사망자수,중상자수,경상자수,부상신고자수,사고유형,법규위반,노면상태,기상상태,도로형태,가해운전자 차종,가해운전자 성별,가해운전자 연령,가해운전자 상해정도,피해운전자 차종,피해운전자 성별,피해운전자 연령,피해운전자 상해정도
2018061000100070,2018년 6월 10일 03시,일요일,광주광역시 북구 두암동,경상사고,0,0,1,0,차대사람 - 횡단중,안전운전불이행,건조,맑음,단일로 - 기타,승용,남,45세,상해없음,보행자,남,23세,경상
2018061000100078,2018년 6월 10일 04시,일요일,광주광역시 동구 산수동,경상사고,0,0,1,0,차량단독 - 공작물충돌,안전운전불이행,건조,맑음,단일로 - 기타,승용,남,23세,경상,,,,
2018061000100079,2018년 6월 10일 04시,일요일,광주광역시 남구 월산동,경상사고,0,0,2,0,차대차 - 측면충돌,안전거리미확보,건조,맑음,교차로 - 교차로부근,승용,남,50세,경상,승용,남,41세,상해없음
2018061000100085,2018년 6월 10일 05시,일요일,광주광역시 서구 풍암동,경상사고,0,0,1,0,차대차 - 기타,안전거리미확보,건조,기타,단일로 - 기타,승용,남,57세,상해없음,화물,남,55세,경상
2018061000100101,2018년 6월 10일 07시,일요일,광주광역시 남구 월산동,경상사고,0,0,1,0,차대차 - 추돌,안전운전불이행,건조,맑음,교차로 - 교차로부근,승용,남,56세,상해없음,승용,여,54세,경상
2018061000100116,2018년 6월 10일 08시,일요일,광주광역시 북구 신용동,경상사고,0,0,1,0,차대차 - 측면충돌,안전운전불이행,건조,맑음,단일로 - 기타,화물,남,51세,상해없음,자전거,남,43세,경상
2018061000100141,2018년 6월 10일 09시,일요일,광주광역시 서구 양동,경상사고,0,0,1,0,차대차 - 측면충돌,직진우회전진행방해,건조,맑음,교차로 - 교차로안,승용,여,57세,경상,승용,여,58세,상해없음
2018061000100142,2018년 6월 10일 09시,일요일,광주광역시 광산구 송정동,경상사고,0,0,2,0,차대사람 - 길가장자리구역통행중,안전운전불이행,건조,맑음,교차로 - 교차로부근,승용,남,49세,상해없음,보행자,여,55세,경상
2018061000100177,2018년 6월 10일 11시,일요일,광주광역시 동구 수기동,경상사고,0,0,2,0,차대차 - 측면충돌,신호위반,건조,맑음,교차로 - 교차로안,승용,남,27세,상해없음,승용,남,36세,경상
2018061000100178,2018년 6월 10일 11시,일요일,광주광역시 남구 월산동,경상사고,0,0,1,0,차대차 - 측면충돌,기타,건조,맑음,교차로 - 교차로안,화물,남,68세,상해없음,이륜,남,61세,경상
2018061000100197,2018년 6월 10일 12시,일요일,광주광역시 광산구 우산동,경상사고,0,0,2,0,차대차 - 측면충돌,안전운전불이행,건조,맑음,단일로 - 기타,승용,남,59세,상해없음,승용,여,41세,경상
2018061000100257,2018년 6월 10일 14시,일요일,광주광역시 남구 백운동,부상신고사고,0,0,0,1,차대차 - 측면충돌,안전운전불이행,건조,맑음,단일로 - 기타,승용,남,32세,상해없음,자전거,남,14세,부상신고
2018061000100287,2018년 6월 10일 15시,일요일,광주광역시 서구 서창동,경상사고,0,0,1,0,차대차 - 추돌,안전운전불이행,건조,맑음,단일로 - 기타,이륜,남,59세,경상,승용,남,60세,상해없음
2018061000100322,2018년 6월 10일 16시,일요일,광주광역시 서구 화정동,경상사고,0,0,2,0,차대차 - 측면충돌,교차로운행방법위반,건조,맑음,교차로 - 교차로안,승용,여,28세,경상,승용,남,46세,상해없음
2018061000100353,2018년 6월 10일 17시,일요일,광주광역시 동구 지산동,중상사고,0,1,1,0,차대차 - 기타,안전운전불이행,건조,맑음,단일로 - 터널,승용,남,47세,상해없음,승용,남,45세,중상
2018061000100380,2018년 6월 10일 18시,일요일,광주광역시 서구 쌍촌동,경상사고,0,0,1,0,차대차 - 측면충돌,안전운전불이행,건조,맑음,단일로 - 기타,승용,여,60세,상해없음,승용,여,30세,경상
2018061000100432,2018년 6월 10일 20시,일요일,광주광역시 북구 매곡동,경상사고,0,0,5,0,차대차 - 추돌,안전운전불이행,건조,맑음,교차로 - 교차로안,승용,남,65세,상해없음,승용,남,23세,경상
2018061000100452,2018년 6월 10일 21시,일요일,광주광역시 동구 금남로3가,부상신고사고,0,0,0,1,차대차 - 기타,안전운전불이행,건조,맑음,단일로 - 기타,자전거,남,63세,부상신고,승용,남,27세,상해없음
2018061100100016,2018년 6월 11일 00시,월요일,광주광역시 북구 우산동,중상사고,0,1,2,0,차대차 - 기타,교차로운행방법위반,건조,맑음,교차로 - 교차로안,이륜,남,21세,중상,승용,남,34세,경상
2018061100100023,2018년 6월 11일 01시,월요일,광주광역시 북구 신안동,경상사고,0,0,1,0,차대차 - 후진중충돌,안전운전불이행,건조,맑음,교차로 - 교차로부근,승용,여,19세,상해없음,승용,남,54세,경상
2018061100100037,2018년 6월 11일 04시,월요일,광주광역시 북구 운암동,경상사고,0,0,1,0,차대차 - 추돌,안전거리미확보,건조,맑음,교차로 - 교차로부근,이륜,남,38세,상해없음,승용,남,60세,경상
2018061100100120,2018년 6월 11일 08시,월요일,광주광역시 북구 두암동,경상사고,0,0,1,0,차대차 - 추돌,안전운전불이행,젖음/습기,비,교차로 - 교차로부근,승용,남,68세,상해없음,승용,여,35세,경상
2018061100100121,2018년 6월 11일 08시,월요일,광주광역시 광산구 비아동,경상사고,0,0,1,0,차대차 - 측면충돌,신호위반,건조,맑음,교차로 - 교차로안,화물,남,58세,상해없음,승용,남,50세,경상
2018061100100187,2018년 6월 11일 10시,월요일,광주광역시 서구 화정동,경상사고,0,0,1,0,차대차 - 측면충돌,직진우회전진행방해,건조,맑음,교차로 - 교차로안,승용,남,63세,상해없음,이륜,남,20세,경상
2018061100100217,2018년 6월 11일 11시,월요일,광주광역시 남구 백운동,경상사고,0,0,2,0,차대차 - 측면충돌,신호위반,건조,맑음,교차로 - 교차로안,승용,남,63세,상해없음,승용,여,49세,경상
2018061100100218,2018년 6월 11일 11시,월요일,광주광역시 광산구 신촌동,경상사고,0,0,1,0,차대차 - 기타,안전거리미확보,건조,맑음,단일로 - 기타,승용,남,61세,상해없음,승용,여,53세,경상
2018061100100253,2018년 6월 11일 12시,월요일,광주광역시 서구 광천동,경상사고,0,0,1,0,차대차 - 추돌,안전운전불이행,건조,맑음,단일로 - 기타,승용,남,64세,상해없음,자전거,여,51세,경상
2018061100100318,2018년 6월 11일 14시,월요일,광주광역시 동구 지산동,경상사고,0,0,1,0,차대차 - 측면충돌,안전운전불이행,젖음/습기,비,단일로 - 기타,승용,여,68세,상해없음,화물,남,46세,경상
2018061100100319,2018년 6월 11일 14시,월요일,광주광역시 북구 본촌동,경상사고,0,0,1,0,차대차 - 기타,안전운전불이행,건조,맑음,교차로 - 교차로안,승용,남,65세,상해없음,승용,여,41세,경상
2018061100100320,2018년 6월 11일 14시,월요일,광주광역시 광산구 우산동,중상사고,0,1,0,0,차량단독 - 공작물충돌,안전운전불이행,건조,맑음,교차로 - 교차로안,승용,남,28세,중상,,,,
2018061100100351,2018년 6월 11일 15시,월요일,광주광역시 서구 풍암동,경상사고,0,0,2,0,차대차 - 기타,안전운전불이행,건조,맑음,교차로 - 교차로안,승용,여,38세,상해없음,승용,남,60세,경상
2018061100100394,2018년 6월 11일 16시,월요일,광주광역시 서구 광천동,경상사고,0,0,1,0,차대차 - 측면충돌,안전운전불이행,건조,맑음,단일로 - 기타,승용,남,49세,상해없음,승용,남,33세,경상
2018061100100461,2018년 6월 11일 18시,월요일,광주광역시 북구 운암동,경상사고,0,0,1,0,차대차 - 측면충돌,안전운전불이행,건조,맑음,단일로 - 기타,승용,남,65세,상해없음,승용,남,61세,상해없음
2018061100100462,2018년 6월 11일 18시,월요일,광주광역시 광산구 신가동,경상사고,0,0,7,0,차대차 - 추돌,안전운전불이행,건조,맑음,교차로 - 교차로부근,승용,남,19세,상해없음,승용,남,36세,경상
2018061100100533,2018년 6월 11일 20시,월요일,광주광역시 북구 신안동,중상사고,0,1,0,0,차대사람 - 기타,안전운전불이행,건조,맑음,단일로 - 기타,이륜,남,18세,상해없음,보행자,남,61세,중상
2018061100100534,2018년 6월 11일 20시,월요일,광주광역시 광산구 송정동,경상사고,0,0,1,0,차대차 - 기타,신호위반,건조,맑음,교차로 - 교차로안,화물,남,58세,상해없음,승용,여,51세,경상
2018061100100595,2018년 6월 11일 22시,월요일,광주광역시 북구 유동,중상사고,0,1,0,0,차대차 - 측면충돌,신호위반,건조,맑음,교차로 - 교차로안,원동기,남,24세,중상,승용,남,54세,상해없음
2018061200100057,2018년 6월 12일 06시,화요일,광주광역시 동구 금남로3가,중상사고,0,1,1,0,차대차 - 추돌,안전거리미확보,건조,맑음,교차로 - 교차로부근,승용,남,58세,상해없음,원동기,남,27세,중상
2018061200100058,2018년 6월 12일 06시,화요일,광주광역시 북구 두암동,경상사고,0,0,1,0,차대차 - 추돌,안전운전불이행,건조,맑음,단일로 - 기타,원동기,남,73세,경상,화물,여,56세,상해없음
2018061200100083,2018년 6월 12일 07시,화요일,광주광역시 북구 중흥동,경상사고,0,0,1,0,차량단독 - 공작물충돌,안전운전불이행,건조,맑음,단일로 - 기타,승용,여,59세,경상,,,,
2018061200100084,2018년 6월 12일 07시,화요일,광주광역시 광산구 도천동,중상사고,0,2,0,0,차대차 - 기타,신호위반,건조,맑음,교차로 - 교차로안,승용,남,41세,중상,승용,남,43세,중상
2018061200100085,2018년 6월 12일 07시,화요일,광주광역시 광산구 산월동,중상사고,0,1,0,0,차대차 - 측면충돌,안전운전불이행,건조,맑음,교차로 - 교차로부근,승용,남,51세,상해없음,자전거,남,45세,중상
2018061200100126,2018년 6월 12일 08시,화요일,광주광역시 동구 충장로4가,경상사고,0,0,1,0,차량단독 - 기타,기타,건조,맑음,단일로 - 기타,승합,남,57세,상해없음,,,,
2018061200100163,2018년 6월 12일 09시,화요일,광주광역시 서구 농성동,경상사고,0,0,1,0,차대차 - 측면충돌,안전운전불이행,건조,맑음,단일로 - 기타,이륜,남,24세,상해없음,화물,남,51세,상해없음
2018061200100206,2018년 6월 12일 10시,화요일,광주광역시 광산구 신창동,중상사고,0,1,0,0,차대차 - 측면충돌,안전운전불이행,건조,맑음,교차로 - 교차로부근,승용,여,51세,상해없음,이륜,남,60세,중상
2018061200100207,2018년 6월 12일 10시,화요일,광주광역시 북구 운암동,중상사고,0,1,0,0,차대차 - 측면충돌,안전운전불이행,건조,맑음,교차로 - 교차로부근,승합,남,60세,상해없음,이륜,남,50세,중상
2018061200100208,2018년 6월 12일 10시,화요일,광주광역시 광산구 신가동,경상사고,0,0,1,0,차대차 - 측면충돌,직진우회전진행방해,건조,맑음,단일로 - 기타,승용,여,45세,상해없음,승용,남,53세,경상
2018061200100293,2018년 6월 12일 13시,화요일,광주광역시 서구 화정동,경상사고,0,0,3,0,차대차 - 추돌,안전운전불이행,건조,맑음,교차로 - 교차로부근,승용,남,65세,상해없음,승용,여,52세,경상
2018061200100294,2018년 6월 12일 13시,화요일,광주광역시 서구 매월동,경상사고,0,0,1,0,차대사람 - 횡단중,안전운전불이행,건조,맑음,단일로 - 기타,승용,여,47세,상해없음,보행자,남,49세,경상
2018061200100364,2018년 6월 12일 15시,화요일,광주광역시 서구 쌍촌동,경상사고,0,0,1,0,차대차 - 측면충돌,기타,건조,맑음,단일로 - 기타,화물,남,41세,상해없음,승용,여,52세,경상
2018061200100451,2018년 6월 12일 17시,화요일,광주광역시 남구 봉선동,경상사고,0,0,3,0,차대차 - 추돌,안전거리미확보,건조,맑음,단일로 - 기타,승용,남,36세,상해없음,승용,남,44세,경상
2018061200100452,2018년 6월 12일 17시,화요일,광주광역시 북구 오룡동,경상사고,0,0,9,0,차대차 - 추돌,안전운전불이행,건조,맑음,단일로 - 기타,화물,남,59세,상해없음,승용,남,68세,경상
2018061200100453,2018년 6월 12일 17시,화요일,광주광역시 광산구 운수동,경상사고,0,0,1,0,차대차 - 측면충돌,안전운전불이행,건조,맑음,교차로 - 교차로부근,화물,남,54세,상해없음,승용,남,32세,경상
2018061200100501,2018년 6월 12일 18시,화요일,광주광역시 동구 동명동,경상사고,0,0,1,0,차대사람 - 기타,안전운전불이행,건조,맑음,단일로 - 기타,승용,여,45세,상해없음,보행자,여,59세,경상
2018061200100580,2018년 6월 12일 20시,화요일,광주광역시 광산구 복룡동,중상사고,0,1,5,1,차대차 - 추돌,안전운전불이행,건조,맑음,교차로 - 교차로부근,승합,남,43세,상해없음,승용,남,36세,경상
2018061200100616,2018년 6월 12일 21시,화요일,광주광역시 동구 소태동,경상사고,0,0,1,0,차대차 - 기타,안전운전불이행,건조,맑음,단일로 - 기타,승용,여,58세,상해없음,이륜,남,36세,경상
2018061200100641,2018년 6월 12일 22시,화요일,광주광역시 동구 금남로4가,경상사고,0,0,1,0,차대차 - 측면충돌,안전운전불이행,건조,맑음,교차로 - 교차로안,승용,여,49세,기타불명,승용,여,27세,경상
2018061200100642,2018년 6월 12일 22시,화요일,광주광역시 광산구 흑석동,경상사고,0,0,1,0,차대차 - 측면충돌,신호위반,건조,맑음,교차로 - 교차로안,승합,남,47세,상해없음,승용,남,38세,경상
2018061200100672,2018년 6월 12일 23시,화요일,광주광역시 북구 양산동,경상사고,0,0,1,0,차대차 - 측면충돌,신호위반,건조,맑음,교차로 - 교차로안,승용,여,31세,상해없음,이륜,남,21세,경상
2018061200100673,2018년 6월 12일 23시,화요일,광주광역시 광산구 월계동,중상사고,0,2,4,0,차대차 - 추돌,안전운전불이행,건조,맑음,단일로 - 기타,승용,남,60세,상해없음,승용,남,68세,경상
2018061300100017,2018년 6월 13일 00시,수요일,광주광역시 광산구 수완동,중상사고,0,1,0,0,차량단독 - 기타,안전운전불이행,건조,맑음,기타 - 기타,이륜,남,16세,상해없음,,,,
2018061300100035,2018년 6월 13일 01시,수요일,광주광역시 동구 산수동,중상사고,0,1,0,0,차대사람 - 횡단중,안전운전불이행,건조,맑음,교차로 - 교차로부근,승용,남,59세,상해없음,보행자,남,18세,중상
2018061300100050,2018년 6월 13일 02시,수요일,광주광역시 서구 화정동,경상사고,0,0,1,0,차대사람 - 기타,안전운전불이행,건조,맑음,교차로 - 교차로안,승용,남,56세,상해없음,보행자,남,62세,경상
2018061300100072,2018년 6월 13일 04시,수요일,광주광역시 서구 화정동,경상사고,0,0,3,0,차대사람 - 기타,안전운전불이행,건조,맑음,교차로 - 교차로횡단보도내,승용,남,61세,상해없음,보행자,여,31세,경상
2018061300100073,2018년 6월 13일 04시,수요일,광주광역시 북구 신용동,경상사고,0,0,3,0,차대차 - 추돌,안전운전불이행,건조,맑음,교차로 - 교차로안,승용,남,27세,경상,승용,남,46세,경상
2018061300100082,2018년 6월 13일 05시,수요일,광주광역시 광산구 수완동,중상사고,0,1,0,0,차대차 - 측면충돌,신호위반,건조,맑음,교차로 - 교차로안,이륜,남,25세,중상,화물,남,53세,상해없음
2018061300100126,2018년 6월 13일 07시,수요일,광주광역시 북구 중흥동,경상사고,0,0,1,0,차대차 - 측면충돌,안전운전불이행,건조,맑음,교차로 - 교차로부근,승용,남,73세,상해없음,승용,여,56세,경상
2018061300100127,2018년 6월 13일 07시,수요일,광주광역시 북구 유동,경상사고,0,0,2,0,차대차 - 기타,안전운전불이행,건조,맑음,교차로 - 교차로부근,화물,남,79세,경상,승용,남,24세,경상
2018061300100254,2018년 6월 13일 12시,수요일,광주광역시 북구 두암동,경상사고,0,0,1,0,차대차 - 기타,중앙선침범,건조,맑음,기타 - 기타,승용,여,45세,상해없음,승용,여,65세,경상
2018061300100255,2018년 6월 13일 12시,수요일,광주광역시 광산구 수완동,경상사고,0,0,1,0,차대차 - 측면충돌,중앙선침범,건조,맑음,단일로 - 기타,화물,남,63세,상해없음,이륜,남,33세,경상
2018061300100345,2018년 6월 13일 15시,수요일,광주광역시 광산구 월곡동,경상사고,0,0,2,0,차대차 - 추돌,안전운전불이행,건조,맑음,기타 - 기타,화물,남,28세,상해없음,승용,남,57세,경상
2018061300100515,2018년 6월 13일 20시,수요일,광주광역시 광산구 우산동,부상신고사고,0,0,0,1,차대사람 - 횡단중,안전운전불이행,건조,맑음,교차로 - 교차로부근,승용,여,56세,상해없음,보행자,남,21세,부상신고
2018061300100536,2018년 6월 13일 21시,수요일,광주광역시 남구 양림동,경상사고,0,0,1,0,차대사람 - 기타,안전운전불이행,건조,맑음,교차로 - 교차로안,승용,남,40세,상해없음,보행자,남,18세,경상
2018061300100537,2018년 6월 13일 21시,수요일,광주광역시 광산구 산월동,경상사고,0,0,2,0,차대차 - 측면충돌,안전운전불이행,건조,맑음,단일로 - 기타,승용,여,55세,경상,승용,남,28세,경상
2018061400100128,2018년 6월 14일 08시,목요일,광주광역시 북구 삼각동,경상사고,0,0,1,0,차대차 - 후진중충돌,안전운전불이행,건조,맑음,교차로 - 교차로횡단보도내,승합,남,58세,기타불명,자전거,남,12세,경상
2018061400100129,2018년 6월 14일 08시,목요일,광주광역시 북구 신용동,경상사고,0,0,2,0,차대차 - 측면충돌,안전거리미확보,건조,맑음,단일로 - 기타,승용,여,47세,경상,승용,여,63세,경상
2018061400100162,2018년 6월 14일 09시,목요일,광주광역시 남구 봉선동,경상사고,0,0,1,1,차대차 - 추돌,안전운전불이행,건조,맑음,교차로 - 교차로부근,승용,여,49세,상해없음,승용,남,35세,경상
2018061400100184,2018년 6월 14일 10시,목요일,광주광역시 북구 용봉동,경상사고,0,0,1,0,차대차 - 측면충돌,교차로운행방법위반,건조,맑음,교차로 - 교차로안,승용,여,64세,상해없음,승용,여,47세,경상
2018061400100185,2018년 6월 14일 10시,목요일,광주광역시 북구 우산동,중상사고,0,1,0,0,차대사람 - 횡단중,신호위반,건조,맑음,단일로 - 기타,화물,남,51세,상해없음,보행자,남,57세,중상
2018061400100241,2018년 6월 14일 12시,목요일,광주광역시 서구 세하동,경상사고,0,0,1,0,차대차 - 정면충돌,안전운전불이행,건조,맑음,교차로 - 교차로안,승용,여,50세,상해없음,승용,남,57세,경상
2018061400100273,2018년 6월 14일 13시,목요일,광주광역시 광산구 산정동,경상사고,0,0,1,0,차대차 - 추돌,안전운전불이행,건조,맑음,단일로 - 기타,승용,여,45세,상해없음,승용,남,63세,경상
2018061400100304,2018년 6월 14일 14시,목요일,광주광역시 북구 임동,중상사고,0,1,2,0,차대차 - 측면충돌,중앙선침범,건조,맑음,단일로 - 기타,승용,여,67세,기타불명,승용,남,42세,경상
2018061400100305,2018년 6월 14일 14시,목요일,광주광역시 광산구 수완동,중상사고,0,1,0,0,차대차 - 측면충돌,안전운전불이행,건조,맑음,단일로 - 기타,승용,남,64세,상해없음,원동기,남,25세,중상
2018061400100349,2018년 6월 14일 15시,목요일,광주광역시 북구 용봉동,경상사고,0,0,1,0,차대차 - 추돌,안전운전불이행,건조,맑음,교차로 - 교차로부근,승용,여,50세,상해없음,승용,남,32세,경상
2018061400100350,2018년 6월 14일 15시,목요일,광주광역시 북구 양산동,경상사고,0,0,2,0,차대차 - 측면충돌,안전거리미확보,건조,흐림,교차로 - 교차로부근,승용,여,44세,상해없음,화물,남,54세,경상
2018061400100390,2018년 6월 14일 16시,목요일,광주광역시 남구 진월동,경상사고,0,0,1,0,차대사람 - 길가장자리구역통행중,안전운전불이행,건조,맑음,단일로 - 기타,승용,여,58세,상해없음,보행자,여,59세,경상
2018061400100450,2018년 6월 14일 17시,목요일,광주광역시 남구 백운동,경상사고,0,0,1,0,차대차 - 기타,중앙선침범,건조,맑음,단일로 - 기타,승용,남,56세,상해없음,승용,여,55세,경상
2018061400100496,2018년 6월 14일 18시,목요일,광주광역시 서구 광천동,경상사고,0,0,2,0,차대차 - 추돌,안전운전불이행,건조,맑음,단일로 - 기타,승용,남,19세,상해없음,승용,남,41세,경상
2018061400100497,2018년 6월 14일 18시,목요일,광주광역시 북구 용봉동,경상사고,0,0,1,0,차대차 - 측면충돌,신호위반,건조,맑음,교차로 - 교차로안,승용,남,45세,상해없음,승용,남,41세,경상
2018061400100498,2018년 6월 14일 18시,목요일,광주광역시 광산구 신가동,경상사고,0,0,1,0,차대차 - 측면충돌,신호위반,건조,맑음,교차로 - 교차로안,원동기,남,17세,상해없음,원동기,남,29세,경상
2018061400100499,2018년 6월 14일 18시,목요일,광주광역시 광산구 월계동,경상사고,0,0,1,0,차대차 - 기타,안전운전불이행,건조,맑음,단일로 - 기타,승용,남,60세,상해없음,승용,남,23세,경상
2018061400100534,2018년 6월 14일 19시,목요일,광주광역시 동구 산수동,경상사고,0,0,2,0,차대차 - 측면충돌,직진우회전진행방해,건조,맑음,교차로 - 교차로안,이륜,남,24세,경상,승용,남,42세,경상
2018061400100570,2018년 6월 14일 20시,목요일,광주광역시 동구 대인동,경상사고,0,0,1,1,차대차 - 측면충돌,안전거리미확보,건조,맑음,단일로 - 기타,승용,남,67세,상해없음,승용,남,29세,경상
2018061400100596,2018년 6월 14일 21시,목요일,광주광역시 광산구 소촌동,경상사고,0,0,1,0,차대차 - 측면충돌,차로위반,건조,맑음,단일로 - 기타,승용,남,40세,상해없음,승용,여,39세,경상
2018061500100013,2018년 6월 15일 00시,금요일,광주광역시 북구 양산동,경상사고,0,0,1,0,차대사람 - 횡단중,기타,건조,맑음,교차로 - 교차로부근,승용,남,28세,상해없음,보행자,남,53세,경상
2018061500100019,2018년 6월 15일 01시,금요일,광주광역시 북구 일곡동,경상사고,0,0,1,0,차대차 - 측면충돌,안전운전불이행,건조,맑음,교차로 - 교차로부근,승용,남,24세,상해없음,승용,남,34세,경상
2018061500100153,2018년 6월 15일 09시,금요일,광주광역시 남구 월산동,경상사고,0,0,3,0,차대차 - 측면충돌,안전운전불이행,건조,맑음,단일로 - 기타,승용,남,36세,경상,승용,여,65세,경상
2018061500100185,2018년 6월 15일 10시,금요일,광주광역시 남구 진월동,경상사고,0,0,2,0,차대차 - 측면충돌,차로위반,건조,맑음,교차로 - 교차로안,승용,남,49세,상해없음,승용,여,44세,경상
2018061500100211,2018년 6월 15일 11시,금요일,광주광역시 서구 풍암동,경상사고,0,0,3,0,차대차 - 추돌,안전운전불이행,건조,맑음,단일로 - 기타,화물,남,53세,경상,승합,남,59세,경상
2018061500100235,2018년 6월 15일 12시,금요일,광주광역시 남구 방림동,경상사고,0,0,1,0,차대차 - 측면충돌,안전운전불이행,건조,맑음,교차로 - 교차로부근,승용,여,73세,상해없음,승용,여,43세,경상
2018061500100236,2018년 6월 15일 12시,금요일,광주광역시 광산구 송정동,경상사고,0,0,2,0,차대차 - 측면충돌,안전운전불이행,건조,맑음,교차로 - 교차로안,승용,남,46세,경상,승용,여,53세,경상
2018061500100404,2018년 6월 15일 16시,금요일,광주광역시 남구 백운동,경상사고,0,0,1,0,차대차 - 추돌,안전운전불이행,건조,맑음,단일로 - 기타,화물,남,40세,상해없음,승용,여,24세,경상
2018061500100405,2018년 6월 15일 16시,금요일,광주광역시 광산구 수완동,경상사고,0,0,1,0,차대차 - 측면충돌,차로위반,건조,맑음,단일로 - 기타,화물,남,57세,기타불명,승용,남,38세,경상
2018061500100446,2018년 6월 15일 17시,금요일,광주광역시 광산구 수완동,경상사고,0,0,1,0,차대차 - 추돌,안전거리미확보,건조,맑음,단일로 - 기타,승합,남,28세,상해없음,승용,여,53세,경상
2018061500100456,2018년 6월 15일 17시,금요일,광주광역시 남구 월산동,경상사고,0,0,1,0,차대사람 - 기타,안전운전불이행,건조,맑음,단일로 - 기타,화물,남,69세,상해없음,보행자,남,57세,경상
2018061500100457,2018년 6월 15일 17시,금요일,광주광역시 북구 양산동,중상사고,0,2,9,0,차대차 - 측면충돌,교차로운행방법위반,건조,맑음,교차로 - 교차로안,승용,여,21세,경상,승합,남,55세,중상
2018061500100458,2018년 6월 15일 17시,금요일,광주광역시 광산구 산월동,경상사고,0,0,1,0,차대차 - 측면충돌,안전운전불이행,건조,맑음,교차로 - 교차로안,원동기,남,19세,경상,승용,남,27세,상해없음
2018061500100510,2018년 6월 15일 18시,금요일,광주광역시 서구 유촌동,경상사고,0,0,1,0,차대차 - 기타,안전운전불이행,건조,맑음,교차로 - 교차로부근,승합,남,42세,상해없음,승용,남,54세,경상
2018061500100545,2018년 6월 15일 19시,금요일,광주광역시 북구 운암동,경상사고,0,0,1,0,차대사람 - 횡단중,안전운전불이행,건조,맑음,단일로 - 기타,승용,여,38세,상해없음,보행자,여,56세,경상
2018061500100546,2018년 6월 15일 19시,금요일,광주광역시 광산구 송정동,경상사고,0,0,1,0,차대차 - 측면충돌,안전운전불이행,건조,맑음,단일로 - 기타,승용,남,44세,상해없음,자전거,남,72세,경상
2018061500100615,2018년 6월 15일 21시,금요일,광주광역시 남구 백운동,경상사고,0,0,3,0,차대차 - 측면충돌,안전거리미확보,건조,맑음,단일로 - 고가도로위,승용,여,49세,상해없음,승용,남,23세,경상
2018061500100616,2018년 6월 15일 21시,금요일,광주광역시 북구 두암동,경상사고,0,0,2,2,차대차 - 추돌,안전거리미확보,건조,맑음,단일로 - 기타,승용,남,52세,상해없음,승용,남,34세,경상
2018061500100617,2018년 6월 15일 21시,금요일,광주광역시 광산구 월곡동,경상사고,0,0,4,0,차대차 - 추돌,안전거리미확보,건조,맑음,단일로 - 기타,승용,남,53세,상해없음,승용,남,59세,경상
2018061500100618,2018년 6월 15일 21시,금요일,광주광역시 광산구 쌍암동,경상사고,0,0,1,0,차대차 - 측면충돌,교차로운행방법위반,건조,맑음,교차로 - 교차로안,승용,남,58세,상해없음,승용,여,54세,경상
2018061500100656,2018년 6월 15일 22시,금요일,광주광역시 광산구 월계동,경상사고,0,0,1,0,차대사람 - 길가장자리구역통행중,안전운전불이행,건조,맑음,단일로 - 기타,기타불명,기타불명,미분류,기타불명,보행자,남,23세,경상
2018061500100678,2018년 6월 15일 23시,금요일,광주광역시 광산구 신창동,경상사고,0,0,1,0,차대차 - 추돌,안전운전불이행,건조,맑음,단일로 - 기타,승용,남,48세,상해없음,승용,남,26세,경상
2018061600100013,2018년 6월 16일 00시,토요일,광주광역시 서구 화정동,경상사고,0,0,1,0,차대차 - 추돌,안전운전불이행,건조,맑음,단일로 - 기타,승용,남,23세,상해없음,승용,남,39세,경상
2018061600100046,2018년 6월 16일 02시,토요일,광주광역시 서구 농성동,경상사고,0,0,3,0,차대차 - 후진중충돌,안전운전불이행,건조,맑음,단일로 - 기타,승용,남,27세,경상,승용,여,32세,경상
2018061600100091,2018년 6월 16일 06시,토요일,광주광역시 광산구 월곡동,경상사고,0,0,4,0,차대차 - 후진중충돌,불법유턴,건조,맑음,단일로 - 기타,승용,여,35세,상해없음,승용,남,76세,경상
2018061600100145,2018년 6월 16일 09시,토요일,광주광역시 서구 치평동,중상사고,0,1,0,0,차대사람 - 기타,안전운전불이행,건조,맑음,단일로 - 기타,승용,남,58세,상해없음,보행자,여,41세,중상
2018061600100146,2018년 6월 16일 09시,토요일,광주광역시 북구 용봉동,경상사고,0,0,1,0,차대차 - 기타,직진우회전진행방해,건조,맑음,교차로 - 교차로안,승용,여,57세,상해없음,승용,남,49세,경상
2018061600100162,2018년 6월 16일 10시,토요일,광주광역시 광산구 월전동,경상사고,0,0,1,0,차대차 - 추돌,안전운전불이행,건조,맑음,교차로 - 교차로안,승용,남,58세,상해없음,승용,남,36세,상해없음
2018061600100199,2018년 6월 16일 11시,토요일,광주광역시 서구 풍암동,경상사고,0,0,1,0,차대사람 - 기타,안전운전불이행,건조,맑음,단일로 - 기타,화물,남,53세,상해없음,보행자,남,12세,경상
2018061600100200,2018년 6월 16일 11시,토요일,광주광역시 북구 각화동,경상사고,0,0,3,0,차대차 - 기타,안전거리미확보,건조,맑음,단일로 - 기타,승용,여,41세,경상,승용,남,57세,경상
2018061600100201,2018년 6월 16일 11시,토요일,광주광역시 광산구 월계동,중상사고,0,1,0,0,차대차 - 추돌,안전거리미확보,건조,맑음,단일로 - 기타,승용,남,36세,상해없음,이륜,남,29세,중상