사고번호,사고일시,요일,시군구,사고내용,사망자수,중상자수,경상자수,부상신고자수,사고유형,법규위반,노면상태,기상상태,도로형태,가해운전자 차종,가해운전자 성별,가해운전자 연령,가해운전자 상해정도,피해운전자 차종,피해운전자 성별,피해운전자 연령,피해운전자 상해정도
2018062200100166,2018년 6월 22일 08시,금요일,광주광역시 광산구 신창동,경상사고,0,0,1,0,차대사람 - 기타,안전운전불이행,건조,맑음,단일로 - 기타,승용,여,44세,상해없음,보행자,여,21세,경상
2018062200100280,2018년 6월 22일 12시,금요일,광주광역시 남구 봉선동,경상사고,0,0,1,0,차대차 - 기타,안전운전불이행,건조,맑음,교차로 - 교차로부근,화물,남,65세,상해없음,승용,여,25세,경상
2018062200100321,2018년 6월 22일 13시,금요일,광주광역시 북구 풍향동,경상사고,0,0,2,0,차대차 - 측면충돌,안전거리미확보,건조,맑음,단일로 - 기타,화물,남,51세,상해없음,승용,남,43세,경상
2018062200100322,2018년 6월 22일 13시,금요일,광주광역시 광산구 소촌동,경상사고,0,0,4,0,차대차 - 추돌,안전거리미확보,건조,맑음,단일로 - 기타,승용,남,29세,경상,승용,여,37세,경상
2018062200100360,2018년 6월 22일 14시,금요일,광주광역시 북구 동림동,경상사고,0,0,2,0,차대차 - 기타,차로위반,건조,맑음,교차로 - 교차로안,승용,남,62세,경상,승용,남,39세,상해없음
2018062200100370,2018년 6월 22일 14시,금요일,광주광역시 서구 쌍촌동,경상사고,0,0,1,0,차대차 - 기타,중앙선침범,건조,맑음,교차로 - 교차로안,승용,남,61세,상해없음,승용,여,25세,경상
2018062200100371,2018년 6월 22일 14시,금요일,광주광역시 북구 문흥동,경상사고,0,0,1,0,차대차 - 측면충돌,안전운전불이행,건조,맑음,교차로 - 교차로안,승용,남,72세,상해없음,승용,남,34세,경상
2018062200100411,2018년 6월 22일 15시,금요일,광주광역시 남구 노대동,중상사고,0,1,0,0,차대사람 - 기타,보행자보호의무위반,건조,맑음,교차로 - 교차로부근,승용,여,52세,상해없음,보행자,여,5세,중상
2018062200100463,2018년 6월 22일 16시,금요일,광주광역시 광산구 소촌동,경상사고,0,0,2,0,차대차 - 추돌,안전운전불이행,건조,맑음,단일로 - 기타,화물,남,63세,상해없음,승용,여,34세,경상
2018062200100519,2018년 6월 22일 17시,금요일,광주광역시 서구 매월동,경상사고,0,0,1,1,차대차 - 측면충돌,안전운전불이행,건조,맑음,교차로 - 교차로안,승용,여,53세,부상신고,화물,남,44세,경상
2018062200100520,2018년 6월 22일 17시,금요일,광주광역시 북구 두암동,경상사고,0,0,1,0,차대사람 - 기타,안전운전불이행,건조,맑음,단일로 - 기타,승용,남,56세,상해없음,보행자,남,12세,경상
2018062200100521,2018년 6월 22일 17시,금요일,광주광역시 북구 두암동,경상사고,0,0,1,0,차대사람 - 기타,기타,건조,맑음,단일로 - 기타,승용,여,52세,상해없음,보행자,남,66세,경상
2018062200100522,2018년 6월 22일 17시,금요일,광주광역시 광산구 장덕동,경상사고,0,0,2,0,차대차 - 기타,안전운전불이행,건조,맑음,단일로 - 기타,화물,남,32세,상해없음,승용,여,52세,경상
2018062200100624,2018년 6월 22일 19시,금요일,광주광역시 서구 금호동,중상사고,0,1,0,0,차대사람 - 기타,안전운전불이행,건조,기타,단일로 - 기타,화물,남,46세,상해없음,보행자,남,49세,중상
2018062200100664,2018년 6월 22일 20시,금요일,광주광역시 북구 운암동,경상사고,0,0,1,0,차대차 - 기타,안전운전불이행,건조,맑음,단일로 - 기타,승용,남,32세,상해없음,승용,남,30세,경상
2018062200100665,2018년 6월 22일 20시,금요일,광주광역시 광산구 송정동,중상사고,0,1,2,0,차대차 - 정면충돌,신호위반,건조,맑음,교차로 - 교차로안,승용,남,25세,경상,승용,남,55세,경상
2018062200100716,2018년 6월 22일 21시,금요일,광주광역시 서구 광천동,중상사고,0,1,0,0,차대사람 - 횡단중,안전운전불이행,건조,맑음,단일로 - 기타,승용,남,38세,상해없음,보행자,여,52세,중상
2018062200100717,2018년 6월 22일 21시,금요일,광주광역시 서구 금호동,경상사고,0,0,2,0,차대차 - 기타,교차로운행방법위반,건조,맑음,교차로 - 교차로안,승용,남,27세,상해없음,승용,여,52세,경상
2018062200100738,2018년 6월 22일 22시,금요일,광주광역시 광산구 수완동,경상사고,0,0,1,0,차대차 - 후진중충돌,불법유턴,건조,맑음,단일로 - 기타,승용,남,47세,상해없음,이륜,남,25세,경상
2018062200100766,2018년 6월 22일 23시,금요일,광주광역시 서구 광천동,경상사고,0,0,1,0,차대차 - 기타,신호위반,건조,맑음,교차로 - 교차로안,화물,남,50세,상해없음,승용,남,49세,경상
2018062300100019,2018년 6월 23일 00시,토요일,광주광역시 남구 지석동,경상사고,0,0,1,0,차대차 - 추돌,안전운전불이행,건조,맑음,교차로 - 교차로부근,승용,남,33세,상해없음,화물,남,58세,경상
2018062300100036,2018년 6월 23일 01시,토요일,광주광역시 광산구 흑석동,중상사고,0,1,0,0,차대사람 - 기타,안전운전불이행,건조,맑음,단일로 - 교량,승용,남,51세,상해없음,보행자,남,62세,중상
2018062300100065,2018년 6월 23일 03시,토요일,광주광역시 서구 금호동,경상사고,0,0,2,0,차대차 - 기타,중앙선침범,건조,맑음,단일로 - 기타,화물,남,63세,상해없음,승용,남,51세,경상
2018062300100075,2018년 6월 23일 04시,토요일,광주광역시 남구 주월동,경상사고,0,0,1,0,차대차 - 추돌,안전운전불이행,건조,맑음,단일로 - 기타,승용,남,27세,상해없음,승용,남,30세,경상
2018062300100084,2018년 6월 23일 05시,토요일,광주광역시 광산구 신가동,중상사고,0,2,2,0,차대차 - 측면충돌,신호위반,건조,맑음,교차로 - 교차로안,승용,남,23세,경상,승용,남,43세,경상
2018062300100128,2018년 6월 23일 08시,토요일,광주광역시 동구 계림동,경상사고,0,0,1,0,차대차 - 기타,안전운전불이행,건조,맑음,교차로 - 교차로부근,승용,남,23세,상해없음,이륜,남,73세,경상
2018062300100129,2018년 6월 23일 08시,토요일,광주광역시 북구 중흥동,경상사고,0,0,2,0,차대차 - 기타,신호위반,건조,맑음,교차로 - 교차로안,승용,여,69세,기타불명,이륜,남,35세,경상
2018062300100187,2018년 6월 23일 10시,토요일,광주광역시 광산구 우산동,경상사고,0,0,1,0,차대사람 - 기타,신호위반,건조,맑음,교차로 - 교차로횡단보도내,승용,여,28세,상해없음,보행자,여,76세,경상
2018062300100228,2018년 6월 23일 11시,토요일,광주광역시 남구 구동,경상사고,0,0,5,0,차대차 - 측면충돌,안전운전불이행,건조,맑음,교차로 - 교차로안,승용,여,72세,경상,원동기,남,54세,경상
2018062300100230,2018년 6월 23일 11시,토요일,광주광역시 북구 용전동,경상사고,0,0,2,0,차대차 - 추돌,안전운전불이행,건조,맑음,단일로 - 기타,승용,남,75세,상해없음,화물,남,62세,경상
2018062300100231,2018년 6월 23일 11시,토요일,광주광역시 북구 용두동,경상사고,0,0,2,0,차대사람 - 차도통행중,안전운전불이행,건조,맑음,단일로 - 기타,개인형이동수단(PM),남,52세,경상,보행자,여,62세,경상
2018062300100272,2018년 6월 23일 12시,토요일,광주광역시 동구 선교동,경상사고,0,0,8,1,차대차 - 추돌,안전거리미확보,건조,맑음,단일로 - 터널,승용,남,78세,경상,승용,남,66세,경상
2018062300100273,2018년 6월 23일 12시,토요일,광주광역시 동구 선교동,경상사고,0,0,7,2,차대차 - 추돌,안전거리미확보,건조,맑음,단일로 - 터널,승용,남,33세,상해없음,승용,남,64세,경상
2018062300100317,2018년 6월 23일 13시,토요일,광주광역시 서구 화정동,경상사고,0,0,1,0,차대사람 - 기타,안전운전불이행,건조,맑음,단일로 - 기타,승용,남,34세,상해없음,보행자,남,17세,경상
2018062300100318,2018년 6월 23일 13시,토요일,광주광역시 서구 마륵동,경상사고,0,0,2,0,차대차 - 기타,안전운전불이행,건조,맑음,단일로 - 기타,승용,남,45세,상해없음,승용,여,49세,경상
2018062300100350,2018년 6월 23일 14시,토요일,광주광역시 광산구 우산동,경상사고,0,0,1,0,차대차 - 추돌,안전운전불이행,건조,맑음,기타 - 기타,승용,남,67세,상해없음,승용,남,47세,경상
2018062300100420,2018년 6월 23일 16시,토요일,광주광역시 서구 광천동,경상사고,0,0,2,0,차대차 - 추돌,안전거리미확보,건조,맑음,단일로 - 기타,승용,남,37세,상해없음,승용,남,27세,경상
2018062300100421,2018년 6월 23일 16시,토요일,광주광역시 북구 두암동,경상사고,0,0,4,0,차대차 - 측면충돌,교차로운행방법위반,건조,맑음,교차로 - 교차로안,승용,여,54세,상해없음,승합,남,35세,경상
2018062300100450,2018년 6월 23일 17시,토요일,광주광역시 광산구 소촌동,중상사고,0,1,2,2,차대차 - 측면충돌,안전운전불이행,건조,맑음,교차로 - 교차로안,승용,남,49세,부상신고,승용,남,69세,중상
2018062300100580,2018년 6월 23일 22시,토요일,광주광역시 광산구 수완동,사망사고,1,0,0,0,차대사람 - 횡단중,안전운전불이행,건조,맑음,단일로 - 기타,승용,남,21세,상해없음,보행자,여,68세,사망
2018062400100020,2018년 6월 24일 00시,일요일,광주광역시 북구 양산동,경상사고,0,0,1,0,차대차 - 후진중충돌,불법유턴,건조,맑음,단일로 - 지하차도(도로)내,승용,여,32세,상해없음,이륜,남,18세,경상
2018062400100043,2018년 6월 24일 02시,일요일,광주광역시 북구 중흥동,경상사고,0,0,1,1,차대사람 - 기타,안전운전불이행,건조,맑음,단일로 - 기타,승용,남,62세,상해없음,보행자,여,20세,부상신고
2018062400100059,2018년 6월 24일 04시,일요일,광주광역시 광산구 월계동,중상사고,0,1,0,0,차대사람 - 횡단중,안전운전불이행,건조,맑음,단일로 - 기타,승용,남,24세,상해없음,보행자,남,43세,중상
2018062400100085,2018년 6월 24일 06시,일요일,광주광역시 서구 내방동,경상사고,0,0,1,0,차량단독 - 전도전복 - 전도,안전운전불이행,건조,맑음,단일로 - 기타,이륜,남,24세,경상,미분류,미분류,미분류,미분류
2018062400100122,2018년 6월 24일 09시,일요일,광주광역시 광산구 신창동,중상사고,0,1,0,0,차대차 - 측면충돌,안전운전불이행,건조,맑음,교차로 - 교차로안,승용,남,37세,상해없음,자전거,남,10세,중상
2018062400100140,2018년 6월 24일 10시,일요일,광주광역시 북구 연제동,경상사고,0,0,1,0,차대사람 - 기타,안전운전불이행,건조,맑음,교차로 - 교차로부근,승용,남,55세,상해없음,보행자,남,26세,경상
2018062400100141,2018년 6월 24일 10시,일요일,광주광역시 광산구 송정동,경상사고,0,0,2,0,차대차 - 측면충돌,교차로운행방법위반,건조,맑음,교차로 - 교차로안,승용,남,26세,상해없음,승용,남,56세,경상
2018062400100159,2018년 6월 24일 11시,일요일,광주광역시 북구 용전동,중상사고,0,1,0,0,차량단독 - 기타,안전운전불이행,건조,맑음,단일로 - 교량,기타불명,남,34세,중상,,,,
2018062400100179,2018년 6월 24일 12시,일요일,광주광역시 북구 용봉동,경상사고,0,0,3,0,차량단독 - 공작물충돌,안전운전불이행,건조,맑음,단일로 - 기타,승용,남,79세,상해없음,,,,
2018062400100203,2018년 6월 24일 13시,일요일,광주광역시 동구 불로동,경상사고,0,0,1,0,차대차 - 측면충돌,신호위반,건조,맑음,교차로 - 교차로안,승용,남,46세,상해없음,승용,남,54세,경상
2018062400100204,2018년 6월 24일 13시,일요일,광주광역시 북구 우산동,경상사고,0,0,1,0,차대사람 - 기타,안전운전불이행,건조,맑음,단일로 - 기타,승용,남,46세,상해없음,보행자,여,74세,경상
2018062400100289,2018년 6월 24일 16시,일요일,광주광역시 서구 화정동,중상사고,0,1,0,0,차대사람 - 횡단중,안전운전불이행,건조,맑음,교차로 - 교차로안,승용,남,24세,상해없음,보행자,여,80세,중상
2018062400100317,2018년 6월 24일 17시,일요일,광주광역시 광산구 신가동,중상사고,0,1,1,0,차대사람 - 횡단중,안전운전불이행,건조,맑음,단일로 - 기타,이륜,남,26세,경상,보행자,남,13세,중상
2018062400100318,2018년 6월 24일 17시,일요일,광주광역시 광산구 연산동,경상사고,0,0,5,0,차대차 - 정면충돌,불법유턴,건조,맑음,기타 - 기타,화물,남,64세,상해없음,승용,남,51세,경상
2018062400100350,2018년 6월 24일 18시,일요일,광주광역시 북구 오룡동,경상사고,0,0,1,0,차대차 - 측면충돌,안전운전불이행,건조,맑음,단일로 - 기타,자전거,남,20세,경상,승용,남,40세,상해없음
2018062400100419,2018년 6월 24일 21시,일요일,광주광역시 서구 치평동,경상사고,0,0,2,0,차대차 - 기타,안전운전불이행,건조,맑음,교차로 - 교차로부근,승용,남,21세,상해없음,승용,남,27세,경상
2018062500100012,2018년 6월 25일 00시,월요일,광주광역시 북구 풍향동,경상사고,0,0,2,0,차대차 - 기타,직진우회전진행방해,건조,맑음,교차로 - 교차로안,승용,남,34세,상해없음,승용,남,63세,상해없음
2018062500100048,2018년 6월 25일 05시,월요일,광주광역시 북구 유동,경상사고,0,0,1,0,차대차 - 측면충돌,차로위반,건조,맑음,교차로 - 교차로부근,승용,남,68세,상해없음,승용,남,63세,상해없음
2018062500100141,2018년 6월 25일 08시,월요일,광주광역시 서구 동천동,경상사고,0,0,1,0,차대차 - 추돌,안전운전불이행,건조,맑음,교차로 - 교차로부근,승용,남,69세,상해없음,승용,남,42세,경상
2018062500100205,2018년 6월 25일 10시,월요일,광주광역시 동구 학동,경상사고,0,0,2,0,차대차 - 측면충돌,신호위반,건조,맑음,교차로 - 교차로안,승용,남,59세,상해없음,승용,남,36세,경상
2018062500100207,2018년 6월 25일 10시,월요일,광주광역시 광산구 황룡동,경상사고,0,0,1,0,차대차 - 추돌,안전운전불이행,건조,맑음,단일로 - 기타,승용,남,60세,상해없음,자전거,남,71세,경상
2018062500100248,2018년 6월 25일 11시,월요일,광주광역시 북구 우산동,경상사고,0,0,1,0,차대차 - 기타,안전운전불이행,건조,맑음,단일로 - 기타,승용,남,60세,상해없음,승용,남,38세,경상
2018062500100289,2018년 6월 25일 12시,월요일,광주광역시 서구 화정동,경상사고,0,0,3,0,차대차 - 추돌,안전운전불이행,건조,맑음,단일로 - 기타,승용,남,58세,상해없음,승용,여,49세,경상
2018062500100290,2018년 6월 25일 12시,월요일,광주광역시 서구 유촌동,경상사고,0,0,1,0,차대사람 - 길가장자리구역통행중,안전운전불이행,건조,맑음,단일로 - 기타,화물,남,28세,상해없음,보행자,남,54세,경상
2018062500100335,2018년 6월 25일 13시,월요일,광주광역시 광산구 선암동,경상사고,0,0,1,0,차대차 - 추돌,안전거리미확보,건조,맑음,단일로 - 터널,승용,여,31세,상해없음,승용,남,42세,경상
2018062500100379,2018년 6월 25일 14시,월요일,광주광역시 서구 매월동,중상사고,0,1,0,0,차대사람 - 기타,안전운전불이행,건조,맑음,단일로 - 기타,기타불명,기타불명,미분류,기타불명,보행자,남,55세,중상
2018062500100380,2018년 6월 25일 14시,월요일,광주광역시 남구 월산동,경상사고,0,0,1,0,차대차 - 기타,교차로운행방법위반,건조,맑음,교차로 - 교차로부근,승용,남,54세,상해없음,승용,여,24세,경상
2018062500100426,2018년 6월 25일 15시,월요일,광주광역시 서구 마륵동,경상사고,0,0,2,0,차대차 - 측면충돌,차로위반,건조,맑음,단일로 - 기타,승용,남,41세,경상,화물,남,41세,경상
2018062500100427,2018년 6월 25일 15시,월요일,광주광역시 북구 망월동,경상사고,0,0,1,1,차대차 - 추돌,안전거리미확보,건조,맑음,단일로 - 기타,화물,여,58세,상해없음,승용,남,27세,부상신고
2018062500100463,2018년 6월 25일 16시,월요일,광주광역시 서구 쌍촌동,경상사고,0,0,2,0,차대차 - 기타,안전거리미확보,건조,맑음,단일로 - 기타,승용,남,57세,상해없음,승용,남,44세,상해없음
2018062500100512,2018년 6월 25일 17시,월요일,광주광역시 북구 운암동,경상사고,0,0,1,0,차대사람 - 횡단중,안전운전불이행,건조,맑음,교차로 - 교차로안,기타불명,기타불명,미분류,기타불명,보행자,남,15세,경상
2018062500100593,2018년 6월 25일 19시,월요일,광주광역시 서구 쌍촌동,경상사고,0,0,1,0,차대차 - 추돌,안전운전불이행,건조,맑음,단일로 - 기타,승용,남,51세,상해없음,승용,남,70세,경상
2018062500100594,2018년 6월 25일 19시,월요일,광주광역시 남구 봉선동,경상사고,0,0,1,0,차대사람 - 횡단중,신호위반,건조,맑음,교차로 - 교차로횡단보도내,승용,남,41세,상해없음,보행자,남,8세,경상
2018062500100595,2018년 6월 25일 19시,월요일,광주광역시 북구 풍향동,경상사고,0,0,1,0,차대차 - 추돌,안전거리미확보,건조,맑음,단일로 - 기타,승용,남,52세,상해없음,승용,남,36세,경상
2018062500100623,2018년 6월 25일 20시,월요일,광주광역시 광산구 월계동,부상신고사고,0,0,0,1,차대사람 - 횡단중,안전운전불이행,건조,맑음,단일로 - 기타,기타불명,기타불명,미분류,기타불명,보행자,남,8세,부상신고
2018062500100680,2018년 6월 25일 22시,월요일,광주광역시 광산구 월계동,경상사고,0,0,1,0,차대차 - 측면충돌,안전운전불이행,건조,맑음,단일로 - 기타,승용,남,49세,상해없음,이륜,남,35세,경상
2018062500100703,2018년 6월 25일 23시,월요일,광주광역시 북구 두암동,중상사고,0,1,0,0,차대사람 - 기타,안전운전불이행,건조,맑음,단일로 - 기타,승용,남,36세,상해없음,보행자,남,51세,중상
2018062500100704,2018년 6월 25일 23시,월요일,광주광역시 북구 매곡동,경상사고,0,0,5,1,차대차 - 추돌,안전거리미확보,건조,맑음,단일로 - 기타,승용,남,35세,부상신고,승용,여,50세,경상
2018062500100705,2018년 6월 25일 23시,월요일,광주광역시 광산구 우산동,경상사고,0,0,1,0,차대사람 - 차도통행중,안전운전불이행,건조,맑음,단일로 - 기타,승용,남,48세,상해없음,보행자,남,53세,경상
2018062600100082,2018년 6월 26일 06시,화요일,광주광역시 서구 쌍촌동,경상사고,0,0,3,0,차대차 - 추돌,안전운전불이행,건조,맑음,교차로 - 교차로부근,승용,여,24세,경상,화물,남,66세,경상
2018062600100158,2018년 6월 26일 08시,화요일,광주광역시 북구 두암동,경상사고,0,0,3,0,차대차 - 측면충돌,안전거리미확보,건조,맑음,단일로 - 기타,특수,남,52세,상해없음,승합,여,44세,경상
2018062600100159,2018년 6월 26일 08시,화요일,광주광역시 북구 신용동,경상사고,0,0,2,0,차대차 - 측면충돌,차로위반,건조,맑음,교차로 - 교차로부근,승용,여,42세,경상,승용,여,59세,경상
2018062600100262,2018년 6월 26일 11시,화요일,광주광역시 남구 송하동,경상사고,0,0,2,0,차대차 - 기타,안전운전불이행,건조,맑음,단일로 - 기타,승용,남,79세,기타불명,승용,남,61세,경상
2018062600100309,2018년 6월 26일 13시,화요일,광주광역시 동구 금남로5가,중상사고,0,1,1,0,차대차 - 측면충돌,안전거리미확보,건조,맑음,단일로 - 기타,승용,남,74세,경상,승용,남,69세,상해없음
2018062600100336,2018년 6월 26일 14시,화요일,광주광역시 남구 월산동,중상사고,0,1,1,0,차대차 - 측면충돌,중앙선침범,건조,맑음,단일로 - 기타,화물,남,39세,상해없음,승용,남,40세,경상
2018062600100414,2018년 6월 26일 16시,화요일,광주광역시 북구 연제동,경상사고,0,0,1,0,차대사람 - 횡단중,안전운전불이행,건조,맑음,단일로 - 기타,승용,남,58세,상해없음,보행자,여,54세,경상
2018062600100457,2018년 6월 26일 17시,화요일,광주광역시 광산구 신가동,경상사고,0,0,1,0,차대차 - 추돌,안전운전불이행,건조,맑음,교차로 - 교차로부근,승용,남,66세,상해없음,승용,여,28세,경상
2018062600100488,2018년 6월 26일 18시,화요일,광주광역시 서구 매월동,경상사고,0,0,3,0,차대차 - 측면충돌,안전운전불이행,건조,맑음,교차로 - 교차로부근,승용,남,79세,상해없음,승용,남,36세,경상
2018062600100489,2018년 6월 26일 18시,화요일,광주광역시 남구 월산동,경상사고,0,0,5,0,차대차 - 추돌,안전운전불이행,건조,맑음,교차로 - 교차로부근,승용,남,72세,상해없음,승용,남,60세,경상
2018062600100490,2018년 6월 26일 18시,화요일,광주광역시 남구 진월동,중상사고,0,1,6,0,차대사람 - 기타,안전운전불이행,건조,맑음,단일로 - 기타,승용,여,58세,상해없음,보행자,남,62세,중상
2018062600100525,2018년 6월 26일 19시,화요일,광주광역시 남구 월산동,경상사고,0,0,2,0,차대차 - 측면충돌,교차로운행방법위반,건조,맑음,교차로 - 교차로안,승용,여,41세,기타불명,화물,남,28세,경상
2018062600100526,2018년 6월 26일 19시,화요일,광주광역시 북구 두암동,중상사고,0,1,0,0,차대사람 - 횡단중,안전운전불이행,건조,맑음,단일로 - 기타,승합,남,51세,상해없음,보행자,남,18세,중상
2018062600100527,2018년 6월 26일 19시,화요일,광주광역시 광산구 우산동,경상사고,0,0,1,0,차대차 - 추돌,안전운전불이행,건조,맑음,단일로 - 기타,이륜,남,75세,경상,화물,남,70세,상해없음
2018062600100555,2018년 6월 26일 20시,화요일,광주광역시 북구 오치동,경상사고,0,0,3,0,차대차 - 측면충돌,안전운전불이행,건조,맑음,교차로 - 교차로부근,승용,남,54세,상해없음,승용,여,47세,경상
2018062600100556,2018년 6월 26일 20시,화요일,광주광역시 광산구 송촌동,경상사고,0,0,1,0,차대차 - 추돌,안전운전불이행,건조,맑음,단일로 - 기타,화물,남,57세,상해없음,승용,남,50세,경상
2018062600100557,2018년 6월 26일 20시,화요일,광주광역시 광산구 하산동,중상사고,0,1,3,0,차대차 - 추돌,안전운전불이행,건조,맑음,단일로 - 기타,화물,남,43세,상해없음,승합,남,65세,경상
2018062600100627,2018년 6월 26일 22시,화요일,광주광역시 광산구 운남동,경상사고,0,0,1,0,차대차 - 추돌,안전운전불이행,건조,맑음,단일로 - 기타,승용,남,24세,상해없음,승용,남,21세,경상
2018062700100014,2018년 6월 27일 00시,수요일,광주광역시 서구 치평동,경상사고,0,0,1,0,차대차 - 측면충돌,안전운전불이행,건조,맑음,단일로 - 기타,승용,남,53세,경상,승용,남,56세,기타불명
2018062700100015,2018년 6월 27일 00시,수요일,광주광역시 광산구 월계동,경상사고,0,0,4,0,차대차 - 측면충돌,신호위반,건조,맑음,교차로 - 교차로안,승용,남,53세,경상,승용,남,73세,경상
2018062700100025,2018년 6월 27일 01시,수요일,광주광역시 남구 주월동,사망사고,1,0,0,0,차대사람 - 기타,안전운전불이행,젖음/습기,비,단일로 - 기타,승용,여,48세,상해없음,보행자,남,35세,사망
2018062700100026,2018년 6월 27일 01시,수요일,광주광역시 북구 오치동,경상사고,0,0,3,0,차대차 - 기타,안전운전불이행,젖음/습기,비,교차로 - 교차로안,승용,남,38세,상해없음,승용,여,59세,경상
2018062700100044,2018년 6월 27일 03시,수요일,광주광역시 광산구 복룡동,중상사고,0,1,0,0,차량단독 - 전도전복 - 전도,안전운전불이행,젖음/습기,비,교차로 - 교차로안,이륜,남,26세,중상,미분류,미분류,미분류,미분류
2018062700100126,2018년 6월 27일 08시,수요일,광주광역시 북구 동림동,경상사고,0,0,2,0,차대차 - 추돌,안전운전불이행,건조,맑음,단일로 - 기타,승용,여,50세,경상,승용,여,41세,경상
2018062700100179,2018년 6월 27일 10시,수요일,광주광역시 북구 유동,경상사고,0,0,1,0,차대차 - 기타,안전운전불이행,건조,맑음,교차로 - 교차로부근,승용,남,30세,상해없음,화물,남,57세,경상
2018062700100199,2018년 6월 27일 11시,수요일,광주광역시 서구 화정동,경상사고,0,0,2,0,차대차 - 측면충돌,차로위반,건조,맑음,단일로 - 기타,승용,남,62세,상해없음,승용,남,25세,경상
2018062700100303,2018년 6월 27일 15시,수요일,광주광역시 북구 중흥동,경상사고,0,0,1,0,차대차 - 측면충돌,교차로운행방법위반,건조,맑음,교차로 - 교차로안,화물,남,64세,상해없음,이륜,남,79세,경상
2018062700100304,2018년 6월 27일 15시,수요일,광주광역시 북구 신용동,경상사고,0,0,1,0,차대사람 - 횡단중,보행자보호의무위반,건조,맑음,교차로 - 교차로안,화물,남,52세,상해없음,보행자,남,3세,경상
2018062700100339,2018년 6월 27일 16시,수요일,광주광역시 광산구 월계동,중상사고,0,1,0,0,차대차 - 기타,안전운전불이행,건조,맑음,교차로 - 교차로안,화물,남,50세,상해없음,자전거,남,14세,중상
2018062700100340,2018년 6월 27일 16시,수요일,광주광역시 광산구 산월동,중상사고,0,1,0,0,차대차 - 기타,안전운전불이행,건조,맑음,단일로 - 교량,화물,남,31세,상해없음,원동기,남,39세,중상
2018062700100428,2018년 6월 27일 18시,수요일,광주광역시 광산구 수완동,경상사고,0,0,5,0,차대차 - 측면충돌,안전거리미확보,건조,맑음,단일로 - 기타,승용,여,43세,경상,승용,남,20세,경상
2018062700100456,2018년 6월 27일 19시,수요일,광주광역시 서구 유촌동,중상사고,0,1,0,0,차대사람 - 기타,불법유턴,건조,맑음,교차로 - 교차로안,승용,남,27세,상해없음,보행자,여,60세,중상
2018062700100483,2018년 6월 27일 20시,수요일,광주광역시 남구 송하동,경상사고,0,0,2,0,차대차 - 기타,교차로운행방법위반,건조,맑음,교차로 - 교차로안,승용,남,37세,상해없음,승용,남,67세,경상
2018062700100484,2018년 6월 27일 20시,수요일,광주광역시 북구 신안동,경상사고,0,0,1,0,차대차 - 기타,안전운전불이행,건조,맑음,단일로 - 기타,승용,남,44세,상해없음,승용,남,22세,경상
2018062700100514,2018년 6월 27일 21시,수요일,광주광역시 북구 두암동,경상사고,0,0,1,0,차대차 - 추돌,안전거리미확보,젖음/습기,비,단일로 - 기타,화물,남,51세,상해없음,승용,남,30세,경상
2018062700100515,2018년 6월 27일 21시,수요일,광주광역시 북구 오치동,경상사고,0,0,1,0,차대사람 - 횡단중,보행자보호의무위반,건조,맑음,교차로 - 교차로횡단보도내,승용,남,45세,상해없음,보행자,여,42세,경상
2018062700100516,2018년 6월 27일 21시,수요일,광주광역시 광산구 월계동,경상사고,0,0,1,0,차대차 - 측면충돌,교차로운행방법위반,젖음/습기,비,교차로 - 교차로안,승용,남,51세,상해없음,이륜,남,23세,경상
2018062700100517,2018년 6월 27일 21시,수요일,광주광역시 광산구 우산동,경상사고,0,0,1,0,차대사람 - 기타,안전운전불이행,젖음/습기,비,교차로 - 교차로안,승용,남,51세,상해없음,보행자,남,58세,경상
2018062700100546,2018년 6월 27일 22시,수요일,광주광역시 서구 마륵동,경상사고,0,0,1,0,차대차 - 측면충돌,안전운전불이행,건조,맑음,단일로 - 기타,기타불명,기타불명,미분류,기타불명,기타불명,기타불명,미분류,기타불명
2018062700100547,2018년 6월 27일 22시,수요일,광주광역시 북구 동림동,경상사고,0,0,2,0,차대차 - 측면충돌,차로위반,건조,맑음,단일로 - 기타,승용,남,27세,경상,승용,남,46세,경상
2018062700100548,2018년 6월 27일 22시,수요일,광주광역시 광산구 수완동,경상사고,0,0,1,0,차대차 - 추돌,차로위반,젖음/습기,비,단일로 - 기타,승용,남,18세,상해없음,승용,남,40세,경상
2018062700100571,2018년 6월 27일 23시,수요일,광주광역시 서구 화정동,경상사고,0,0,1,0,차대차 - 기타,안전운전불이행,건조,맑음,단일로 - 기타,승용,남,38세,상해없음,승용,남,49세,경상
2018062700100572,2018년 6월 27일 23시,수요일,광주광역시 광산구 신창동,경상사고,0,0,1,0,차대차 - 기타,안전운전불이행,젖음/습기,비,교차로 - 교차로안,기타불명,기타불명,미분류,기타불명,이륜,남,35세,경상
2018062700100573,2018년 6월 27일 23시,수요일,광주광역시 광산구 송정동,경상사고,0,0,1,0,차량단독 - 기타,안전운전불이행,건조,맑음,교차로 - 교차로부근,이륜,남,63세,상해없음,,,,
2018062700100574,2018년 6월 27일 23시,수요일,광주광역시 광산구 장덕동,중상사고,0,1,0,0,차대차 - 측면충돌,신호위반,젖음/습기,비,교차로 - 교차로안,자전거,여,48세,중상,승용,남,35세,상해없음
2018062800100036,2018년 6월 28일 02시,목요일,광주광역시 북구 일곡동,사망사고,1,0,0,0,차대사람 - 차도통행중,안전운전불이행,젖음/습기,비,단일로 - 기타,승용,남,23세,상해없음,보행자,남,48세,사망