사고번호,사고일시,요일,시군구,사고내용,사망자수,중상자수,경상자수,부상신고자수,사고유형,법규위반,노면상태,기상상태,도로형태,가해운전자 차종,가해운전자 성별,가해운전자 연령,가해운전자 상해정도,피해운전자 차종,피해운전자 성별,피해운전자 연령,피해운전자 상해정도
2018062800100037,2018년 6월 28일 02시,목요일,광주광역시 광산구 월전동,중상사고,0,1,0,0,차대사람 - 횡단중,보행자보호의무위반,젖음/습기,비,단일로 - 기타,승용,남,36세,상해없음,보행자,남,32세,중상
2018062800100111,2018년 6월 28일 07시,목요일,광주광역시 서구 화정동,경상사고,0,0,1,0,차대사람 - 횡단중,보행자보호의무위반,젖음/습기,비,단일로 - 기타,승용,여,25세,상해없음,보행자,여,15세,경상
2018062800100144,2018년 6월 28일 08시,목요일,광주광역시 동구 학동,경상사고,0,0,1,0,차대차 - 측면충돌,신호위반,젖음/습기,비,교차로 - 교차로안,승용,남,55세,상해없음,승용,여,27세,경상
2018062800100145,2018년 6월 28일 08시,목요일,광주광역시 북구 동림동,경상사고,0,0,1,0,차대차 - 측면충돌,안전거리미확보,건조,맑음,단일로 - 기타,승용,여,38세,상해없음,승용,남,34세,경상
2018062800100174,2018년 6월 28일 09시,목요일,광주광역시 서구 농성동,경상사고,0,0,1,0,차대차 - 추돌,안전운전불이행,건조,맑음,단일로 - 기타,승용,여,43세,상해없음,승용,여,38세,경상
2018062800100175,2018년 6월 28일 09시,목요일,광주광역시 북구 신안동,경상사고,0,0,2,0,차대차 - 측면충돌,안전거리미확보,건조,맑음,단일로 - 기타,화물,남,70세,경상,승용,남,26세,경상
2018062800100176,2018년 6월 28일 09시,목요일,광주광역시 광산구 신가동,중상사고,0,1,0,0,차대사람 - 횡단중,신호위반,젖음/습기,비,교차로 - 교차로횡단보도내,승용,여,73세,상해없음,보행자,여,58세,중상
2018062800100209,2018년 6월 28일 10시,목요일,광주광역시 광산구 장덕동,중상사고,0,1,0,0,차대차 - 추돌,안전운전불이행,건조,맑음,교차로 - 교차로부근,화물,남,55세,상해없음,이륜,남,미분류,중상
2018062800100253,2018년 6월 28일 12시,목요일,광주광역시 북구 신안동,경상사고,0,0,2,0,차대차 - 측면충돌,교차로운행방법위반,건조,맑음,교차로 - 교차로안,승용,남,35세,기타불명,승용,남,28세,경상
2018062800100279,2018년 6월 28일 13시,목요일,광주광역시 북구 운암동,경상사고,0,0,1,0,차대차 - 기타,신호위반,젖음/습기,비,교차로 - 교차로안,화물,남,60세,상해없음,이륜,남,34세,경상
2018062800100308,2018년 6월 28일 14시,목요일,광주광역시 남구 방림동,중상사고,0,1,0,0,차대사람 - 기타,보행자보호의무위반,젖음/습기,비,교차로 - 교차로부근,승용,남,44세,상해없음,보행자,남,6세,중상
2018062800100326,2018년 6월 28일 15시,목요일,광주광역시 광산구 우산동,경상사고,0,0,3,0,차대차 - 측면충돌,안전운전불이행,건조,흐림,단일로 - 기타,화물,남,46세,상해없음,승용,여,51세,경상
2018062800100450,2018년 6월 28일 18시,목요일,광주광역시 서구 화정동,중상사고,0,1,0,0,차대사람 - 횡단중,안전운전불이행,건조,맑음,교차로 - 교차로안,승용,여,34세,상해없음,보행자,여,66세,중상
2018062800100451,2018년 6월 28일 18시,목요일,광주광역시 광산구 흑석동,경상사고,0,0,4,0,차대차 - 추돌,안전운전불이행,건조,흐림,단일로 - 기타,승용,남,46세,상해없음,이륜,남,28세,경상
2018062800100481,2018년 6월 28일 19시,목요일,광주광역시 서구 내방동,경상사고,0,0,2,0,차대차 - 추돌,안전운전불이행,건조,맑음,단일로 - 기타,승용,여,49세,상해없음,승용,남,75세,경상
2018062800100482,2018년 6월 28일 19시,목요일,광주광역시 북구 용두동,중상사고,0,1,1,0,차대사람 - 횡단중,안전운전불이행,건조,맑음,교차로 - 교차로부근,이륜,남,30세,경상,보행자,여,52세,중상
2018062800100483,2018년 6월 28일 19시,목요일,광주광역시 북구 운암동,경상사고,0,0,1,0,차대차 - 기타,안전운전불이행,건조,맑음,교차로 - 교차로안,승용,남,57세,상해없음,승용,남,34세,상해없음
2018062800100516,2018년 6월 28일 20시,목요일,광주광역시 남구 월산동,중상사고,0,1,1,0,차대차 - 측면충돌,교차로운행방법위반,건조,맑음,교차로 - 교차로안,이륜,남,44세,경상,승용,남,53세,상해없음
2018062800100517,2018년 6월 28일 20시,목요일,광주광역시 북구 운암동,경상사고,0,0,3,0,차대차 - 측면충돌,교차로운행방법위반,건조,맑음,교차로 - 교차로안,승용,남,60세,상해없음,승용,남,47세,경상
2018062800100573,2018년 6월 28일 22시,목요일,광주광역시 광산구 흑석동,경상사고,0,0,1,0,차대차 - 기타,안전운전불이행,건조,맑음,교차로 - 교차로부근,화물,남,37세,기타불명,승용,남,39세,경상
2018062900100047,2018년 6월 29일 04시,금요일,광주광역시 서구 쌍촌동,중상사고,0,3,1,0,차대차 - 측면충돌,신호위반,건조,맑음,교차로 - 교차로안,승용,남,56세,상해없음,승용,남,66세,중상
2018062900100067,2018년 6월 29일 06시,금요일,광주광역시 서구 풍암동,경상사고,0,0,1,0,차대차 - 추돌,안전운전불이행,건조,맑음,교차로 - 교차로부근,승용,남,28세,상해없음,승용,여,41세,경상
2018062900100084,2018년 6월 29일 07시,금요일,광주광역시 북구 각화동,경상사고,0,0,1,0,차대차 - 기타,안전운전불이행,건조,맑음,교차로 - 교차로부근,자전거,남,83세,경상,화물,남,54세,상해없음
2018062900100216,2018년 6월 29일 11시,금요일,광주광역시 북구 신안동,중상사고,0,1,0,0,차대사람 - 기타,안전운전불이행,건조,맑음,단일로 - 기타,화물,남,40세,상해없음,보행자,남,73세,중상
2018062900100245,2018년 6월 29일 12시,금요일,광주광역시 남구 방림동,경상사고,0,0,3,0,차대차 - 추돌,안전운전불이행,건조,맑음,단일로 - 기타,승용,남,16세,상해없음,승용,남,61세,경상
2018062900100311,2018년 6월 29일 14시,금요일,광주광역시 광산구 신창동,중상사고,0,1,0,0,차대차 - 기타,교차로운행방법위반,건조,맑음,교차로 - 교차로안,승용,남,36세,상해없음,이륜,남,20세,중상
2018062900100312,2018년 6월 29일 14시,금요일,광주광역시 광산구 월계동,중상사고,0,1,0,0,차대차 - 측면충돌,차로위반,건조,맑음,교차로 - 교차로부근,승용,여,52세,상해없음,승합,남,58세,상해없음
2018062900100393,2018년 6월 29일 16시,금요일,광주광역시 서구 매월동,중상사고,0,1,0,1,차대차 - 기타,교차로운행방법위반,건조,맑음,교차로 - 교차로안,승합,남,60세,부상신고,승용,여,55세,중상
2018062900100394,2018년 6월 29일 16시,금요일,광주광역시 서구 화정동,경상사고,0,0,1,0,차대사람 - 기타,안전운전불이행,건조,맑음,단일로 - 기타,승용,남,67세,상해없음,보행자,남,12세,경상
2018062900100487,2018년 6월 29일 18시,금요일,광주광역시 북구 중흥동,경상사고,0,0,1,0,차량단독 - 기타,안전운전불이행,건조,맑음,단일로 - 기타,이륜,남,40세,경상,,,,
2018062900100488,2018년 6월 29일 18시,금요일,광주광역시 동구 계림동,경상사고,0,0,3,0,차대차 - 추돌,안전거리미확보,건조,맑음,단일로 - 기타,이륜,남,58세,경상,승용,남,68세,상해없음
2018062900100525,2018년 6월 29일 19시,금요일,광주광역시 북구 용봉동,경상사고,0,0,1,0,차대차 - 측면충돌,안전운전불이행,젖음/습기,흐림,교차로 - 교차로안,승용,남,28세,상해없음,원동기,남,22세,경상
2018062900100588,2018년 6월 29일 21시,금요일,광주광역시 서구 풍암동,경상사고,0,0,1,0,차대차 - 후진중충돌,불법유턴,건조,맑음,교차로 - 교차로부근,승용,남,22세,상해없음,이륜,남,18세,경상
2018062900100589,2018년 6월 29일 21시,금요일,광주광역시 북구 두암동,경상사고,0,0,1,0,차대차 - 추돌,안전운전불이행,젖음/습기,비,교차로 - 교차로안,승용,남,50세,상해없음,승용,여,47세,경상
2018062900100590,2018년 6월 29일 21시,금요일,광주광역시 광산구 비아동,중상사고,0,2,0,0,차대차 - 추돌,안전운전불이행,젖음/습기,흐림,단일로 - 기타,승용,남,52세,상해없음,승용,남,60세,중상
2018062900100621,2018년 6월 29일 22시,금요일,광주광역시 서구 농성동,경상사고,0,0,1,0,차대차 - 추돌,안전운전불이행,젖음/습기,비,교차로 - 교차로부근,승용,남,62세,상해없음,승용,남,59세,경상
2018062900100622,2018년 6월 29일 22시,금요일,광주광역시 서구 쌍촌동,경상사고,0,0,1,0,차대차 - 추돌,안전운전불이행,젖음/습기,비,교차로 - 교차로부근,이륜,기타불명,미분류,기타불명,승용,남,51세,경상
2018062900100623,2018년 6월 29일 22시,금요일,광주광역시 광산구 비아동,중상사고,0,1,0,0,차대사람 - 차도통행중,안전운전불이행,젖음/습기,비,기타 - 기타,승용,여,45세,상해없음,보행자,남,67세,중상
2018062900100648,2018년 6월 29일 23시,금요일,광주광역시 동구 소태동,경상사고,0,0,5,0,차대차 - 추돌,안전운전불이행,건조,흐림,단일로 - 기타,화물,남,66세,상해없음,승용,여,31세,경상
2018063000100067,2018년 6월 30일 03시,토요일,광주광역시 서구 매월동,부상신고사고,0,0,0,1,차량단독 - 공작물충돌,안전운전불이행,젖음/습기,맑음,단일로 - 기타,화물,남,56세,부상신고,,,,
2018063000100105,2018년 6월 30일 07시,토요일,광주광역시 북구 운암동,경상사고,0,0,1,0,차대차 - 기타,안전운전불이행,건조,맑음,교차로 - 교차로부근,승용,남,61세,상해없음,승용,남,44세,경상
2018063000100121,2018년 6월 30일 08시,토요일,광주광역시 남구 백운동,경상사고,0,0,2,0,차대차 - 추돌,기타,건조,맑음,단일로 - 기타,승용,남,35세,경상,승용,남,56세,경상
2018063000100122,2018년 6월 30일 08시,토요일,광주광역시 광산구 송정동,경상사고,0,0,4,0,차대차 - 추돌,안전거리미확보,건조,맑음,교차로 - 교차로안,승용,남,59세,상해없음,승용,남,58세,경상
2018063000100234,2018년 6월 30일 12시,토요일,광주광역시 서구 쌍촌동,경상사고,0,0,1,0,차대차 - 측면충돌,안전거리미확보,젖음/습기,비,교차로 - 교차로부근,승용,여,45세,경상,승용,남,51세,상해없음
2018063000100235,2018년 6월 30일 12시,토요일,광주광역시 북구 삼각동,부상신고사고,0,0,0,1,차대사람 - 보도통행중,안전운전불이행,젖음/습기,비,교차로 - 교차로횡단보도내,기타불명,기타불명,미분류,기타불명,보행자,남,16세,부상신고
2018063000100294,2018년 6월 30일 14시,토요일,광주광역시 북구 두암동,경상사고,0,0,1,0,차대차 - 기타,안전운전불이행,젖음/습기,비,단일로 - 기타,승용,남,60세,상해없음,승용,남,35세,경상
2018063000100295,2018년 6월 30일 14시,토요일,광주광역시 광산구 도산동,경상사고,0,0,1,0,차대차 - 측면충돌,안전운전불이행,젖음/습기,비,단일로 - 기타,화물,남,80세,상해없음,승합,남,47세,경상
2018063000100296,2018년 6월 30일 14시,토요일,광주광역시 광산구 월전동,경상사고,0,0,3,0,차대차 - 측면충돌,안전운전불이행,젖음/습기,비,교차로 - 교차로부근,승용,남,54세,상해없음,승용,남,47세,경상
2018063000100325,2018년 6월 30일 15시,토요일,광주광역시 서구 풍암동,경상사고,0,0,3,0,차대차 - 측면충돌,안전운전불이행,건조,맑음,단일로 - 기타,승용,남,47세,상해없음,승용,남,45세,경상
2018063000100358,2018년 6월 30일 16시,토요일,광주광역시 광산구 안청동,경상사고,0,0,2,0,차대차 - 후진중충돌,불법유턴,건조,맑음,단일로 - 기타,승용,남,53세,경상,화물,남,66세,경상
2018063000100433,2018년 6월 30일 18시,토요일,광주광역시 서구 화정동,경상사고,0,0,2,0,차대차 - 측면충돌,차로위반,건조,맑음,교차로 - 교차로안,승용,남,54세,상해없음,승용,남,47세,경상
2018063000100460,2018년 6월 30일 19시,토요일,광주광역시 북구 신안동,경상사고,0,0,1,0,차대차 - 기타,중앙선침범,젖음/습기,비,단일로 - 기타,승용,남,25세,상해없음,이륜,남,25세,경상
2018063000100476,2018년 6월 30일 20시,토요일,광주광역시 남구 송하동,경상사고,0,0,1,0,차대차 - 측면충돌,안전거리미확보,젖음/습기,비,단일로 - 기타,승용,남,72세,상해없음,승용,여,32세,경상
2018063000100477,2018년 6월 30일 20시,토요일,광주광역시 북구 신안동,중상사고,0,1,0,0,차대사람 - 횡단중,안전운전불이행,젖음/습기,비,단일로 - 기타,승용,남,57세,상해없음,보행자,여,77세,중상
2018063000100478,2018년 6월 30일 20시,토요일,광주광역시 북구 우산동,중상사고,0,1,0,0,차대사람 - 차도통행중,안전운전불이행,젖음/습기,비,교차로 - 교차로안,승용,남,59세,상해없음,보행자,남,65세,중상
2018063000100503,2018년 6월 30일 21시,토요일,광주광역시 서구 마륵동,중상사고,0,1,1,0,차대차 - 측면충돌,안전운전불이행,젖음/습기,비,교차로 - 교차로안,승용,남,49세,중상,화물,남,28세,경상
2018063000100504,2018년 6월 30일 21시,토요일,광주광역시 서구 치평동,경상사고,0,0,3,0,차대차 - 측면충돌,신호위반,젖음/습기,비,교차로 - 교차로안,승용,남,64세,상해없음,승용,남,65세,경상
2018063000100546,2018년 6월 30일 23시,토요일,광주광역시 남구 월산동,중상사고,0,1,0,0,차대사람 - 횡단중,안전운전불이행,젖음/습기,비,단일로 - 기타,승용,여,60세,상해없음,보행자,남,65세,중상
2018070100100046,2018년 7월 1일 02시,일요일,광주광역시 서구 유촌동,경상사고,0,0,1,0,차량단독 - 공작물충돌,안전운전불이행,건조,맑음,단일로 - 고가도로위,화물,남,24세,상해없음,,,,
2018070100100114,2018년 7월 1일 08시,일요일,광주광역시 서구 치평동,경상사고,0,0,1,0,차대차 - 측면충돌,직진우회전진행방해,건조,맑음,교차로 - 교차로안,승용,남,49세,경상,승용,남,37세,상해없음
2018070100100149,2018년 7월 1일 11시,일요일,광주광역시 북구 연제동,경상사고,0,0,1,0,차대사람 - 기타,안전운전불이행,젖음/습기,비,단일로 - 기타,자전거,남,43세,상해없음,보행자,여,53세,경상
2018070100100185,2018년 7월 1일 13시,일요일,광주광역시 서구 치평동,경상사고,0,0,1,0,차대차 - 추돌,안전운전불이행,젖음/습기,비,단일로 - 기타,승용,남,32세,상해없음,승용,남,27세,경상
2018070100100263,2018년 7월 1일 16시,일요일,광주광역시 북구 두암동,경상사고,0,0,1,0,차대차 - 측면충돌,안전운전불이행,건조,맑음,단일로 - 기타,승용,여,37세,상해없음,이륜,남,71세,경상
2018070100100290,2018년 7월 1일 17시,일요일,광주광역시 남구 진월동,경상사고,0,0,3,0,차대차 - 측면충돌,안전거리미확보,건조,맑음,단일로 - 기타,승용,남,50세,기타불명,승용,여,46세,경상
2018070100100315,2018년 7월 1일 18시,일요일,광주광역시 동구 금남로5가,경상사고,0,0,1,0,차대사람 - 길가장자리구역통행중,안전운전불이행,젖음/습기,비,기타 - 기타,승용,남,43세,상해없음,보행자,남,50세,경상
2018070100100353,2018년 7월 1일 19시,일요일,광주광역시 북구 두암동,경상사고,0,0,1,0,차대차 - 후진중충돌,안전운전불이행,건조,맑음,교차로 - 교차로안,승용,남,29세,상해없음,승용,여,34세,경상
2018070100100391,2018년 7월 1일 20시,일요일,광주광역시 서구 쌍촌동,경상사고,0,0,1,0,차대차 - 기타,교차로운행방법위반,건조,맑음,교차로 - 교차로안,승용,남,25세,상해없음,승용,남,39세,상해없음
2018070100100433,2018년 7월 1일 21시,일요일,광주광역시 서구 치평동,경상사고,0,0,1,0,차대차 - 추돌,안전운전불이행,건조,맑음,교차로 - 교차로안,승용,남,41세,상해없음,승용,여,34세,경상
2018070100100434,2018년 7월 1일 21시,일요일,광주광역시 남구 월산동,경상사고,0,0,1,0,차대차 - 추돌,안전운전불이행,건조,맑음,단일로 - 기타,승용,남,25세,상해없음,승용,남,62세,경상
2018070100100491,2018년 7월 1일 23시,일요일,광주광역시 서구 쌍촌동,경상사고,0,0,1,0,차대차 - 추돌,안전운전불이행,건조,흐림,교차로 - 교차로안,승용,남,65세,상해없음,승용,남,42세,상해없음
2018070200100028,2018년 7월 2일 01시,월요일,광주광역시 광산구 산월동,경상사고,0,0,1,0,차대차 - 추돌,안전운전불이행,젖음/습기,비,교차로 - 교차로안,승용,남,64세,상해없음,승용,남,36세,경상
2018070200100041,2018년 7월 2일 02시,월요일,광주광역시 광산구 송정동,경상사고,0,0,3,0,차대차 - 측면충돌,안전운전불이행,건조,맑음,교차로 - 교차로부근,승용,남,46세,상해없음,승용,남,41세,경상
2018070200100070,2018년 7월 2일 05시,월요일,광주광역시 북구 동림동,경상사고,0,0,1,0,차대차 - 추돌,안전운전불이행,젖음/습기,비,단일로 - 교량,승용,여,31세,상해없음,승용,남,53세,경상
2018070200100138,2018년 7월 2일 08시,월요일,광주광역시 동구 학동,경상사고,0,0,1,0,차대차 - 측면충돌,안전운전불이행,건조,흐림,단일로 - 기타,승용,남,55세,상해없음,승용,남,54세,상해없음
2018070200100139,2018년 7월 2일 08시,월요일,광주광역시 북구 운암동,경상사고,0,0,1,0,차대차 - 측면충돌,안전운전불이행,건조,맑음,교차로 - 교차로안,승용,여,24세,상해없음,승용,여,34세,경상
2018070200100140,2018년 7월 2일 08시,월요일,광주광역시 광산구 산정동,경상사고,0,0,1,0,차대차 - 기타,안전운전불이행,건조,맑음,교차로 - 교차로안,화물,남,45세,상해없음,승용,여,51세,경상
2018070200100170,2018년 7월 2일 09시,월요일,광주광역시 서구 풍암동,중상사고,0,1,0,0,차대차 - 기타,안전운전불이행,건조,맑음,단일로 - 기타,승용,여,35세,상해없음,화물,남,65세,중상
2018070200100171,2018년 7월 2일 09시,월요일,광주광역시 북구 두암동,경상사고,0,0,1,0,차대차 - 추돌,안전거리미확보,건조,맑음,단일로 - 기타,승용,남,54세,상해없음,승용,여,32세,경상
2018070200100193,2018년 7월 2일 10시,월요일,광주광역시 서구 금호동,경상사고,0,0,1,0,차대차 - 측면충돌,안전운전불이행,건조,맑음,교차로 - 교차로안,승용,남,46세,상해없음,승용,여,47세,경상
2018070200100194,2018년 7월 2일 10시,월요일,광주광역시 서구 치평동,경상사고,0,0,1,0,차대차 - 기타,직진우회전진행방해,건조,맑음,교차로 - 교차로안,승용,남,26세,상해없음,화물,남,38세,경상
2018070200100219,2018년 7월 2일 11시,월요일,광주광역시 서구 광천동,중상사고,0,1,0,0,차대사람 - 횡단중,안전운전불이행,건조,맑음,단일로 - 기타,특수,남,69세,상해없음,보행자,여,75세,중상
2018070200100243,2018년 7월 2일 12시,월요일,광주광역시 서구 광천동,중상사고,0,1,0,0,차대사람 - 기타,안전운전불이행,건조,맑음,단일로 - 기타,승용,여,57세,상해없음,보행자,여,44세,중상
2018070200100244,2018년 7월 2일 12시,월요일,광주광역시 북구 운암동,경상사고,0,0,1,0,차대차 - 기타,신호위반,젖음/습기,비,교차로 - 교차로안,승용,남,36세,상해없음,화물,남,53세,경상
2018070200100374,2018년 7월 2일 16시,월요일,광주광역시 광산구 송정동,경상사고,0,0,1,0,차대차 - 측면충돌,안전거리미확보,건조,맑음,교차로 - 교차로부근,승용,남,62세,기타불명,승용,여,56세,경상
2018070200100460,2018년 7월 2일 18시,월요일,광주광역시 동구 대인동,경상사고,0,0,3,0,차대차 - 측면충돌,교차로운행방법위반,건조,맑음,교차로 - 교차로안,승용,여,42세,경상,승용,남,34세,경상
2018070200100501,2018년 7월 2일 19시,월요일,광주광역시 광산구 산정동,경상사고,0,0,1,0,차대사람 - 차도통행중,안전운전불이행,건조,맑음,교차로 - 교차로안,승용,남,68세,상해없음,보행자,남,14세,경상
2018070200100541,2018년 7월 2일 20시,월요일,광주광역시 동구 금남로5가,경상사고,0,0,1,0,차량단독 - 기타,안전운전불이행,건조,맑음,기타 - 기타,승합,남,49세,상해없음,,,,
2018070200100578,2018년 7월 2일 21시,월요일,광주광역시 남구 월산동,경상사고,0,0,1,0,차대사람 - 기타,안전운전불이행,건조,맑음,교차로 - 교차로부근,승용,여,44세,상해없음,보행자,남,52세,경상
2018070200100619,2018년 7월 2일 22시,월요일,광주광역시 서구 쌍촌동,경상사고,0,0,2,0,차대차 - 기타,안전거리미확보,건조,맑음,교차로 - 교차로부근,이륜,남,29세,경상,이륜,남,25세,경상
2018070200100620,2018년 7월 2일 22시,월요일,광주광역시 광산구 신가동,중상사고,0,1,0,0,차대차 - 측면충돌,안전거리미확보,젖음/습기,흐림,단일로 - 기타,이륜,남,27세,중상,승용,남,40세,상해없음
2018070200100621,2018년 7월 2일 22시,월요일,광주광역시 광산구 하남동,중상사고,0,1,0,0,차대차 - 측면충돌,안전운전불이행,건조,맑음,단일로 - 기타,승용,여,60세,상해없음,화물,남,56세,중상
2018070200100660,2018년 7월 2일 23시,월요일,광주광역시 북구 동림동,경상사고,0,0,4,0,차대차 - 추돌,안전운전불이행,건조,흐림,단일로 - 기타,승용,남,37세,상해없음,승용,여,28세,경상
2018070300100013,2018년 7월 3일 00시,화요일,광주광역시 서구 치평동,경상사고,0,0,1,0,차대차 - 기타,안전운전불이행,건조,맑음,단일로 - 기타,승용,여,28세,상해없음,승용,남,46세,경상
2018070300100049,2018년 7월 3일 04시,화요일,광주광역시 서구 화정동,부상신고사고,0,0,0,1,차량단독 - 공작물충돌,안전운전불이행,건조,맑음,교차로 - 교차로부근,승용,남,23세,부상신고,,,,
2018070300100084,2018년 7월 3일 07시,화요일,광주광역시 서구 화정동,경상사고,0,0,1,1,차대차 - 기타,안전운전불이행,건조,맑음,교차로 - 교차로안,승용,여,51세,부상신고,이륜,남,34세,경상
2018070300100125,2018년 7월 3일 08시,화요일,광주광역시 남구 주월동,중상사고,0,1,0,0,차대사람 - 기타,안전운전불이행,건조,맑음,단일로 - 기타,원동기,남,34세,상해없음,보행자,여,64세,중상
2018070300100126,2018년 7월 3일 08시,화요일,광주광역시 광산구 도산동,경상사고,0,0,1,0,차대차 - 기타,안전운전불이행,건조,맑음,단일로 - 기타,자전거,남,73세,경상,승용,여,35세,상해없음
2018070300100157,2018년 7월 3일 09시,화요일,광주광역시 북구 북동,중상사고,0,1,0,0,차대사람 - 기타,보행자보호의무위반,건조,맑음,교차로 - 교차로횡단보도내,승용,여,52세,상해없음,보행자,여,79세,중상
2018070300100207,2018년 7월 3일 11시,화요일,광주광역시 광산구 흑석동,경상사고,0,0,1,0,차대차 - 기타,중앙선침범,건조,맑음,단일로 - 기타,자전거,여,35세,경상,승용,남,31세,상해없음
2018070300100233,2018년 7월 3일 12시,화요일,광주광역시 북구 용봉동,경상사고,0,0,3,0,차대차 - 추돌,안전운전불이행,건조,맑음,교차로 - 교차로부근,승용,남,68세,상해없음,승용,여,44세,경상
2018070300100234,2018년 7월 3일 12시,화요일,광주광역시 광산구 우산동,경상사고,0,0,1,0,차대차 - 정면충돌,신호위반,건조,맑음,교차로 - 교차로안,이륜,남,39세,상해없음,승용,남,46세,경상
2018070300100264,2018년 7월 3일 13시,화요일,광주광역시 광산구 소촌동,경상사고,0,0,1,0,차대사람 - 횡단중,신호위반,건조,맑음,교차로 - 교차로횡단보도내,승용,여,58세,상해없음,보행자,여,66세,경상
2018070300100292,2018년 7월 3일 14시,화요일,광주광역시 서구 금호동,경상사고,0,0,1,0,차대사람 - 횡단중,보행자보호의무위반,건조,맑음,교차로 - 교차로안,승용,남,61세,기타불명,보행자,여,9세,경상
2018070300100293,2018년 7월 3일 14시,화요일,광주광역시 북구 우산동,경상사고,0,0,1,0,차량단독 - 기타,안전운전불이행,건조,맑음,단일로 - 기타,승합,남,65세,상해없음,,,,
2018070300100294,2018년 7월 3일 14시,화요일,광주광역시 광산구 송정동,경상사고,0,0,1,0,차대사람 - 횡단중,안전운전불이행,건조,맑음,교차로 - 교차로부근,자전거,여,55세,상해없음,보행자,여,76세,경상
2018070300100364,2018년 7월 3일 16시,화요일,광주광역시 남구 신장동,경상사고,0,0,1,0,차대차 - 측면충돌,안전운전불이행,건조,맑음,단일로 - 기타,승용,여,32세,경상,승용,남,59세,상해없음
2018070300100365,2018년 7월 3일 16시,화요일,광주광역시 북구 연제동,부상신고사고,0,0,0,1,차대사람 - 보도통행중,안전운전불이행,건조,맑음,단일로 - 기타,기타불명,기타불명,미분류,기타불명,보행자,남,10세,부상신고
2018070300100366,2018년 7월 3일 16시,화요일,광주광역시 북구 두암동,경상사고,0,0,3,0,차대차 - 측면충돌,안전거리미확보,건조,맑음,단일로 - 기타,승용,남,60세,경상,승용,남,24세,경상
2018070300100408,2018년 7월 3일 17시,화요일,광주광역시 광산구 신가동,경상사고,0,0,1,0,차대차 - 기타,중앙선침범,건조,맑음,단일로 - 기타,승용,남,32세,상해없음,승용,여,48세,경상
2018070300100409,2018년 7월 3일 17시,화요일,광주광역시 광산구 송정동,경상사고,0,0,2,0,차대차 - 후진중충돌,안전운전불이행,건조,맑음,단일로 - 기타,승용,여,51세,상해없음,승용,여,65세,경상
2018070300100472,2018년 7월 3일 19시,화요일,광주광역시 동구 학동,경상사고,0,0,3,0,차대차 - 추돌,안전운전불이행,건조,맑음,단일로 - 기타,승용,남,35세,상해없음,승용,남,27세,경상
2018070300100473,2018년 7월 3일 19시,화요일,광주광역시 북구 운암동,경상사고,0,0,1,0,차대사람 - 기타,안전운전불이행,건조,맑음,단일로 - 기타,승용,남,38세,상해없음,보행자,남,50세,경상
2018070300100474,2018년 7월 3일 19시,화요일,광주광역시 북구 유동,경상사고,0,0,2,0,차대차 - 측면충돌,안전운전불이행,건조,맑음,교차로 - 교차로부근,승용,남,65세,상해없음,승용,여,65세,경상
2018070300100502,2018년 7월 3일 20시,화요일,광주광역시 남구 봉선동,경상사고,0,0,1,0,차대차 - 측면충돌,안전운전불이행,건조,맑음,단일로 - 기타,승용,남,64세,상해없음,원동기,남,32세,경상
2018070300100503,2018년 7월 3일 20시,화요일,광주광역시 광산구 장덕동,중상사고,0,3,1,0,차대차 - 정면충돌,신호위반,건조,맑음,교차로 - 교차로안,승용,남,44세,상해없음,승용,남,47세,중상
2018070300100534,2018년 7월 3일 21시,화요일,광주광역시 광산구 장덕동,중상사고,0,1,0,0,차대차 - 추돌,안전운전불이행,건조,맑음,단일로 - 기타,자전거,남,18세,중상,승용,남,64세,상해없음
2018070300100585,2018년 7월 3일 23시,화요일,광주광역시 남구 서동,경상사고,0,0,4,0,차대차 - 추돌,안전운전불이행,건조,맑음,단일로 - 기타,승합,남,63세,상해없음,승용,남,53세,경상
2018070400100029,2018년 7월 4일 04시,수요일,광주광역시 북구 운암동,경상사고,0,0,4,0,차대차 - 추돌,안전운전불이행,건조,맑음,단일로 - 기타,승용,남,26세,상해없음,승용,여,27세,경상
2018070400100114,2018년 7월 4일 08시,수요일,광주광역시 광산구 장덕동,경상사고,0,0,1,0,차대사람 - 횡단중,신호위반,건조,맑음,교차로 - 교차로횡단보도내,승용,남,69세,상해없음,보행자,남,6세,경상
2018070400100115,2018년 7월 4일 08시,수요일,광주광역시 광산구 신창동,경상사고,0,0,3,0,차량단독 - 공작물충돌,안전운전불이행,건조,맑음,교차로 - 교차로부근,승용,남,55세,상해없음,,,,
2018070400100165,2018년 7월 4일 09시,수요일,광주광역시 광산구 쌍암동,경상사고,0,0,1,0,차량단독 - 기타,기타,건조,맑음,단일로 - 기타,승합,남,41세,상해없음,,,,
2018070400100215,2018년 7월 4일 11시,수요일,광주광역시 북구 연제동,경상사고,0,0,3,0,차대차 - 추돌,안전거리미확보,건조,맑음,단일로 - 기타,화물,남,65세,상해없음,승용,여,56세,경상
2018070400100216,2018년 7월 4일 11시,수요일,광주광역시 광산구 운수동,경상사고,0,0,1,0,차대차 - 측면충돌,안전운전불이행,건조,맑음,단일로 - 기타,승합,남,39세,상해없음,이륜,남,77세,경상
2018070400100263,2018년 7월 4일 13시,수요일,광주광역시 북구 임동,경상사고,0,0,5,0,차대차 - 기타,차로위반,건조,맑음,단일로 - 기타,승용,남,56세,경상,승용,남,18세,경상
2018070400100264,2018년 7월 4일 13시,수요일,광주광역시 광산구 우산동,중상사고,0,1,0,0,차대차 - 측면충돌,직진우회전진행방해,건조,흐림,교차로 - 교차로안,승용,남,46세,상해없음,자전거,남,15세,중상