사고번호,사고일시,요일,시군구,사고내용,사망자수,중상자수,경상자수,부상신고자수,사고유형,법규위반,노면상태,기상상태,도로형태,가해운전자 차종,가해운전자 성별,가해운전자 연령,가해운전자 상해정도,피해운전자 차종,피해운전자 성별,피해운전자 연령,피해운전자 상해정도
2018070400100293,2018년 7월 4일 14시,수요일,광주광역시 서구 화정동,경상사고,0,0,3,0,차대차 - 측면충돌,안전운전불이행,건조,맑음,교차로 - 교차로안,승용,남,61세,상해없음,승용,남,50세,경상
2018070400100294,2018년 7월 4일 14시,수요일,광주광역시 북구 신용동,경상사고,0,0,2,0,차대차 - 추돌,안전거리미확보,건조,맑음,단일로 - 기타,승용,남,38세,상해없음,승용,남,36세,경상
2018070400100295,2018년 7월 4일 14시,수요일,광주광역시 북구 우산동,경상사고,0,0,1,0,차대사람 - 횡단중,신호위반,건조,맑음,단일로 - 기타,승용,여,60세,상해없음,보행자,남,77세,경상
2018070400100370,2018년 7월 4일 16시,수요일,광주광역시 서구 금호동,경상사고,0,0,1,0,차대차 - 측면충돌,안전거리미확보,건조,맑음,단일로 - 기타,승용,여,53세,상해없음,승용,여,36세,경상
2018070400100371,2018년 7월 4일 16시,수요일,광주광역시 광산구 신촌동,경상사고,0,0,3,0,차대차 - 추돌,안전운전불이행,건조,맑음,단일로 - 기타,승용,여,52세,경상,승용,남,36세,경상
2018070400100428,2018년 7월 4일 17시,수요일,광주광역시 서구 양동,경상사고,0,0,1,0,차대차 - 측면충돌,교차로운행방법위반,건조,맑음,교차로 - 교차로안,승용,남,43세,상해없음,승용,남,34세,경상
2018070400100429,2018년 7월 4일 17시,수요일,광주광역시 북구 용봉동,경상사고,0,0,2,0,차대차 - 추돌,안전거리미확보,건조,맑음,교차로 - 교차로부근,이륜,남,24세,경상,승용,남,63세,경상
2018070400100430,2018년 7월 4일 17시,수요일,광주광역시 북구 양산동,경상사고,0,0,1,0,차대차 - 측면충돌,안전거리미확보,건조,맑음,단일로 - 기타,승용,남,40세,상해없음,승용,여,32세,경상
2018070400100474,2018년 7월 4일 18시,수요일,광주광역시 북구 운암동,경상사고,0,0,2,0,차대차 - 추돌,안전거리미확보,건조,맑음,단일로 - 기타,승용,남,27세,상해없음,승용,남,25세,경상
2018070400100533,2018년 7월 4일 20시,수요일,광주광역시 서구 유촌동,경상사고,0,0,1,0,차대차 - 측면충돌,안전거리미확보,건조,맑음,단일로 - 기타,승용,남,39세,상해없음,승용,남,32세,경상
2018070400100534,2018년 7월 4일 20시,수요일,광주광역시 북구 운암동,중상사고,0,1,7,0,차대차 - 추돌,안전운전불이행,건조,맑음,단일로 - 기타,승용,여,61세,중상,승용,여,21세,경상
2018070400100564,2018년 7월 4일 21시,수요일,광주광역시 서구 매월동,경상사고,0,0,1,0,차대차 - 추돌,안전운전불이행,건조,맑음,교차로 - 교차로부근,승용,남,60세,상해없음,승용,남,25세,경상
2018070400100565,2018년 7월 4일 21시,수요일,광주광역시 서구 광천동,경상사고,0,0,1,0,차대사람 - 기타,안전거리미확보,건조,맑음,단일로 - 기타,자전거,남,11세,상해없음,보행자,여,36세,경상
2018070400100626,2018년 7월 4일 23시,수요일,광주광역시 북구 운암동,중상사고,0,1,0,0,차대사람 - 기타,안전운전불이행,건조,맑음,단일로 - 기타,승용,여,43세,상해없음,보행자,남,48세,중상
2018070400100627,2018년 7월 4일 23시,수요일,광주광역시 북구 삼각동,경상사고,0,0,1,0,차대사람 - 횡단중,안전운전불이행,젖음/습기,흐림,교차로 - 교차로안,승용,남,61세,상해없음,보행자,여,28세,경상
2018070400100628,2018년 7월 4일 23시,수요일,광주광역시 광산구 송정동,중상사고,0,1,2,0,차대차 - 측면충돌,교차로운행방법위반,건조,맑음,교차로 - 교차로안,승용,남,44세,상해없음,승용,남,21세,경상
2018070500100009,2018년 7월 5일 00시,목요일,광주광역시 북구 운암동,경상사고,0,0,2,0,차대차 - 측면충돌,안전운전불이행,건조,흐림,단일로 - 기타,승용,남,55세,상해없음,승용,여,38세,경상
2018070500100010,2018년 7월 5일 00시,목요일,광주광역시 광산구 우산동,경상사고,0,0,1,0,차대차 - 기타,신호위반,건조,맑음,교차로 - 교차로안,승용,여,22세,상해없음,승용,남,62세,경상
2018070500100021,2018년 7월 5일 01시,목요일,광주광역시 광산구 수완동,경상사고,0,0,2,0,차대차 - 측면충돌,차로위반,젖음/습기,비,교차로 - 교차로부근,승용,남,38세,상해없음,승용,남,26세,경상
2018070500100062,2018년 7월 5일 06시,목요일,광주광역시 서구 풍암동,경상사고,0,0,1,0,차대차 - 추돌,안전운전불이행,건조,맑음,교차로 - 교차로부근,화물,남,60세,상해없음,승용,남,45세,경상
2018070500100094,2018년 7월 5일 07시,목요일,광주광역시 서구 치평동,경상사고,0,0,2,0,차대차 - 추돌,안전운전불이행,건조,맑음,단일로 - 기타,승용,남,48세,상해없음,승용,남,35세,경상
2018070500100124,2018년 7월 5일 08시,목요일,광주광역시 서구 내방동,중상사고,0,1,1,0,차대사람 - 횡단중,보행자보호의무위반,건조,맑음,단일로 - 기타,승용,여,58세,상해없음,보행자,남,26세,경상
2018070500100125,2018년 7월 5일 08시,목요일,광주광역시 광산구 쌍암동,중상사고,0,1,0,0,차대사람 - 횡단중,안전운전불이행,젖음/습기,비,교차로 - 교차로안,승용,여,27세,상해없음,보행자,여,50세,중상
2018070500100126,2018년 7월 5일 08시,목요일,광주광역시 광산구 월계동,경상사고,0,0,1,0,차대차 - 측면충돌,차로위반,젖음/습기,비,기타 - 기타,승용,여,43세,상해없음,화물,남,44세,경상
2018070500100153,2018년 7월 5일 09시,목요일,광주광역시 북구 두암동,부상신고사고,0,0,0,1,차대사람 - 횡단중,신호위반,젖음/습기,흐림,교차로 - 교차로횡단보도내,이륜,기타불명,미분류,기타불명,보행자,여,21세,부상신고
2018070500100154,2018년 7월 5일 09시,목요일,광주광역시 북구 용봉동,경상사고,0,0,3,0,차대차 - 측면충돌,안전운전불이행,젖음/습기,비,단일로 - 기타,승용,남,67세,경상,승용,남,68세,경상
2018070500100155,2018년 7월 5일 09시,목요일,광주광역시 광산구 산월동,경상사고,0,0,19,0,차대사람 - 기타,과속,젖음/습기,비,교차로 - 교차로부근,승용,여,47세,상해없음,보행자,여,50세,경상
2018070500100220,2018년 7월 5일 11시,목요일,광주광역시 남구 주월동,경상사고,0,0,1,0,차대차 - 측면충돌,교차로운행방법위반,건조,맑음,교차로 - 교차로안,승용,여,49세,상해없음,이륜,남,26세,경상
2018070500100221,2018년 7월 5일 11시,목요일,광주광역시 남구 송하동,중상사고,0,1,0,0,차량단독 - 기타,기타,건조,맑음,단일로 - 기타,승합,남,58세,상해없음,,,,
2018070500100252,2018년 7월 5일 12시,목요일,광주광역시 광산구 장덕동,경상사고,0,0,1,0,차대차 - 측면충돌,안전운전불이행,건조,맑음,단일로 - 기타,승용,여,42세,상해없음,승용,여,50세,경상
2018070500100307,2018년 7월 5일 14시,목요일,광주광역시 서구 풍암동,경상사고,0,0,1,0,차대차 - 측면충돌,교차로운행방법위반,건조,맑음,교차로 - 교차로안,화물,남,38세,상해없음,승용,여,45세,경상
2018070500100352,2018년 7월 5일 15시,목요일,광주광역시 광산구 쌍암동,경상사고,0,0,1,0,차대차 - 기타,안전운전불이행,건조,맑음,단일로 - 기타,승용,남,45세,상해없음,이륜,남,28세,경상
2018070500100382,2018년 7월 5일 16시,목요일,광주광역시 서구 화정동,경상사고,0,0,2,3,차대차 - 측면충돌,직진우회전진행방해,건조,맑음,교차로 - 교차로안,화물,남,51세,부상신고,승용,남,18세,경상
2018070500100383,2018년 7월 5일 16시,목요일,광주광역시 광산구 선암동,경상사고,0,0,1,0,차대차 - 측면충돌,신호위반,건조,맑음,단일로 - 기타,이륜,남,45세,상해없음,자전거,남,11세,경상
2018070500100498,2018년 7월 5일 19시,목요일,광주광역시 광산구 소촌동,경상사고,0,0,1,0,차대차 - 측면충돌,안전운전불이행,건조,맑음,단일로 - 기타,승용,남,55세,상해없음,자전거,남,20세,경상
2018070500100531,2018년 7월 5일 20시,목요일,광주광역시 광산구 신창동,경상사고,0,0,1,0,차대사람 - 차도통행중,안전운전불이행,건조,맑음,단일로 - 기타,승용,여,50세,상해없음,보행자,남,20세,경상
2018070500100565,2018년 7월 5일 21시,목요일,광주광역시 서구 쌍촌동,중상사고,0,1,0,0,차대사람 - 기타,안전운전불이행,건조,맑음,단일로 - 기타,승용,남,32세,상해없음,보행자,여,31세,중상
2018070500100566,2018년 7월 5일 21시,목요일,광주광역시 북구 운암동,경상사고,0,0,3,0,차대차 - 측면충돌,안전운전불이행,건조,맑음,단일로 - 기타,승용,남,31세,상해없음,승용,여,34세,경상
2018070500100597,2018년 7월 5일 22시,목요일,광주광역시 동구 동명동,경상사고,0,0,1,0,차대사람 - 횡단중,보행자보호의무위반,건조,흐림,교차로 - 교차로횡단보도내,이륜,남,42세,상해없음,보행자,남,49세,경상
2018070500100624,2018년 7월 5일 23시,목요일,광주광역시 북구 양산동,경상사고,0,0,2,0,차대차 - 기타,안전운전불이행,건조,맑음,교차로 - 교차로안,승용,남,63세,경상,승용,남,29세,경상
2018070500100625,2018년 7월 5일 23시,목요일,광주광역시 광산구 수완동,경상사고,0,0,3,0,차대차 - 추돌,안전운전불이행,건조,맑음,단일로 - 기타,승용,남,37세,상해없음,승용,남,24세,경상
2018070600100013,2018년 7월 6일 00시,금요일,광주광역시 북구 신안동,경상사고,0,0,1,0,차대사람 - 길가장자리구역통행중,안전운전불이행,젖음/습기,비,단일로 - 기타,승용,남,29세,상해없음,보행자,남,28세,경상
2018070600100039,2018년 7월 6일 02시,금요일,광주광역시 광산구 월계동,경상사고,0,0,3,0,차대차 - 측면충돌,안전운전불이행,건조,맑음,교차로 - 교차로부근,승용,남,24세,경상,승용,남,54세,경상
2018070600100060,2018년 7월 6일 05시,금요일,광주광역시 광산구 월계동,경상사고,0,0,2,0,차대차 - 측면충돌,교차로운행방법위반,젖음/습기,흐림,교차로 - 교차로안,승용,남,51세,경상,승합,남,41세,경상
2018070600100143,2018년 7월 6일 09시,금요일,광주광역시 서구 동천동,중상사고,0,1,0,0,차대사람 - 기타,안전운전불이행,건조,맑음,단일로 - 기타,승용,남,37세,상해없음,보행자,남,37세,중상
2018070600100144,2018년 7월 6일 09시,금요일,광주광역시 서구 광천동,경상사고,0,0,1,0,차대차 - 기타,안전운전불이행,젖음/습기,비,단일로 - 기타,승용,남,59세,상해없음,승용,여,54세,경상
2018070600100145,2018년 7월 6일 09시,금요일,광주광역시 북구 삼각동,경상사고,0,0,1,0,차대사람 - 기타,안전운전불이행,건조,맑음,교차로 - 교차로부근,승용,여,32세,상해없음,보행자,여,58세,경상
2018070600100206,2018년 7월 6일 11시,금요일,광주광역시 광산구 수완동,경상사고,0,0,1,0,차대사람 - 기타,안전운전불이행,건조,맑음,단일로 - 기타,승용,여,37세,상해없음,보행자,여,74세,경상
2018070600100299,2018년 7월 6일 14시,금요일,광주광역시 서구 유촌동,경상사고,0,0,1,0,차대차 - 측면충돌,안전운전불이행,건조,맑음,교차로 - 교차로부근,승용,남,41세,상해없음,승합,남,47세,경상
2018070600100330,2018년 7월 6일 15시,금요일,광주광역시 서구 유촌동,경상사고,0,0,1,0,차대차 - 추돌,안전운전불이행,건조,맑음,단일로 - 기타,승용,여,50세,상해없음,승용,남,35세,경상
2018070600100331,2018년 7월 6일 15시,금요일,광주광역시 광산구 우산동,경상사고,0,0,1,0,차대차 - 기타,안전운전불이행,건조,맑음,교차로 - 교차로안,이륜,남,82세,기타불명,승용,남,30세,경상
2018070600100374,2018년 7월 6일 16시,금요일,광주광역시 서구 유촌동,경상사고,0,0,1,0,차대차 - 추돌,안전거리미확보,건조,맑음,교차로 - 교차로부근,승용,남,53세,상해없음,승용,남,58세,경상
2018070600100375,2018년 7월 6일 16시,금요일,광주광역시 남구 봉선동,경상사고,0,0,3,0,차대차 - 측면충돌,교차로운행방법위반,건조,흐림,교차로 - 교차로안,승용,남,65세,상해없음,화물,남,39세,경상
2018070600100425,2018년 7월 6일 17시,금요일,광주광역시 서구 농성동,중상사고,0,1,0,0,차대사람 - 횡단중,신호위반,건조,맑음,단일로 - 기타,승용,남,28세,상해없음,보행자,남,13세,중상
2018070600100469,2018년 7월 6일 18시,금요일,광주광역시 북구 일곡동,경상사고,0,0,1,0,차대차 - 기타,안전운전불이행,건조,맑음,단일로 - 기타,승용,여,51세,상해없음,이륜,남,21세,경상
2018070600100470,2018년 7월 6일 18시,금요일,광주광역시 광산구 우산동,경상사고,0,0,1,0,차대차 - 추돌,안전운전불이행,건조,맑음,교차로 - 교차로안,승용,남,62세,상해없음,승용,남,47세,경상
2018070600100503,2018년 7월 6일 19시,금요일,광주광역시 서구 화정동,중상사고,0,1,0,0,차대차 - 기타,기타,건조,맑음,단일로 - 기타,승용,남,58세,상해없음,개인형이동수단(PM),남,25세,중상
2018070600100557,2018년 7월 6일 21시,금요일,광주광역시 북구 문흥동,경상사고,0,0,1,0,차대차 - 후진중충돌,안전운전불이행,건조,맑음,단일로 - 기타,승용,남,58세,상해없음,이륜,남,40세,경상
2018070600100585,2018년 7월 6일 22시,금요일,광주광역시 광산구 산정동,경상사고,0,0,1,0,차대차 - 기타,신호위반,건조,맑음,교차로 - 교차로부근,승용,여,51세,상해없음,승용,남,37세,경상
2018070600100586,2018년 7월 6일 22시,금요일,광주광역시 광산구 수완동,경상사고,0,0,1,0,차대사람 - 기타,안전운전불이행,건조,맑음,기타 - 기타,승용,남,58세,기타불명,보행자,남,26세,경상
2018070600100607,2018년 7월 6일 23시,금요일,광주광역시 북구 운암동,중상사고,0,1,0,0,차대차 - 기타,안전운전불이행,건조,맑음,단일로 - 기타,승용,남,24세,상해없음,이륜,남,27세,중상
2018070700100019,2018년 7월 7일 00시,토요일,광주광역시 북구 일곡동,경상사고,0,0,1,0,차대차 - 기타,교차로운행방법위반,건조,맑음,교차로 - 교차로안,승용,남,27세,상해없음,사륜오토바이(ATV),남,49세,경상
2018070700100099,2018년 7월 7일 05시,토요일,광주광역시 북구 운암동,중상사고,0,2,2,0,차대차 - 추돌,안전거리미확보,건조,맑음,단일로 - 기타,화물,남,64세,중상,건설기계,남,66세,경상
2018070700100109,2018년 7월 7일 06시,토요일,광주광역시 서구 풍암동,경상사고,0,0,1,0,차대차 - 측면충돌,신호위반,건조,맑음,교차로 - 교차로안,승용,남,72세,상해없음,승용,남,42세,경상
2018070700100124,2018년 7월 7일 07시,토요일,광주광역시 서구 광천동,경상사고,0,0,2,0,차대차 - 기타,교차로운행방법위반,건조,맑음,교차로 - 교차로안,승용,여,45세,기타불명,승합,남,52세,경상
2018070700100169,2018년 7월 7일 09시,토요일,광주광역시 서구 농성동,경상사고,0,0,1,0,차대차 - 측면충돌,중앙선침범,건조,맑음,단일로 - 기타,승용,남,32세,상해없음,이륜,남,24세,경상
2018070700100170,2018년 7월 7일 09시,토요일,광주광역시 광산구 임곡동,경상사고,0,0,1,0,차대차 - 측면충돌,안전운전불이행,건조,맑음,기타 - 기타,승용,여,49세,상해없음,이륜,남,74세,경상
2018070700100206,2018년 7월 7일 10시,토요일,광주광역시 북구 임동,경상사고,0,0,1,0,차대차 - 후진중충돌,불법유턴,건조,맑음,단일로 - 기타,화물,남,41세,상해없음,이륜,남,62세,경상
2018070700100207,2018년 7월 7일 10시,토요일,광주광역시 광산구 우산동,경상사고,0,0,1,0,차대사람 - 횡단중,안전운전불이행,건조,맑음,교차로 - 교차로부근,승용,남,44세,상해없음,보행자,남,62세,경상
2018070700100456,2018년 7월 7일 17시,토요일,광주광역시 광산구 월전동,중상사고,0,2,1,0,차대차 - 정면충돌,안전운전불이행,건조,맑음,교차로 - 교차로안,승용,여,41세,상해없음,승용,남,49세,경상
2018070700100457,2018년 7월 7일 17시,토요일,광주광역시 광산구 소촌동,경상사고,0,0,1,0,차대차 - 측면충돌,안전거리미확보,건조,맑음,단일로 - 기타,기타불명,기타불명,미분류,기타불명,화물,남,46세,상해없음
2018070700100497,2018년 7월 7일 18시,토요일,광주광역시 북구 신용동,경상사고,0,0,1,0,차대차 - 측면충돌,안전운전불이행,건조,맑음,교차로 - 교차로안,이륜,남,25세,상해없음,승용,남,31세,경상
2018070700100498,2018년 7월 7일 18시,토요일,광주광역시 북구 운암동,경상사고,0,0,2,0,차대차 - 측면충돌,안전운전불이행,건조,맑음,단일로 - 기타,승용,남,54세,경상,이륜,남,35세,경상
2018070700100499,2018년 7월 7일 18시,토요일,광주광역시 북구 월출동,경상사고,0,0,1,0,차대차 - 측면충돌,안전운전불이행,건조,맑음,단일로 - 기타,화물,남,38세,상해없음,화물,남,53세,경상
2018070700100500,2018년 7월 7일 18시,토요일,광주광역시 북구 용전동,경상사고,0,0,2,0,차대차 - 기타,안전거리미확보,건조,맑음,교차로 - 교차로부근,승용,남,41세,상해없음,화물,남,45세,경상
2018070700100597,2018년 7월 7일 21시,토요일,광주광역시 광산구 장덕동,경상사고,0,0,1,0,차대차 - 추돌,안전운전불이행,건조,맑음,교차로 - 교차로부근,승용,남,45세,상해없음,승용,남,28세,경상
2018070700100645,2018년 7월 7일 23시,토요일,광주광역시 남구 봉선동,경상사고,0,0,1,0,차대차 - 측면충돌,교차로운행방법위반,건조,맑음,교차로 - 교차로안,승용,남,40세,상해없음,원동기,남,35세,경상
2018070700100646,2018년 7월 7일 23시,토요일,광주광역시 광산구 신가동,경상사고,0,0,2,0,차대차 - 추돌,안전운전불이행,건조,맑음,교차로 - 교차로부근,승용,여,48세,상해없음,승용,여,49세,경상
2018070800100015,2018년 7월 8일 00시,일요일,광주광역시 북구 용두동,경상사고,0,0,4,0,차대차 - 추돌,안전운전불이행,젖음/습기,흐림,교차로 - 교차로부근,승용,남,27세,상해없음,승용,남,45세,경상
2018070800100047,2018년 7월 8일 04시,일요일,광주광역시 광산구 수완동,경상사고,0,0,1,0,차량단독 - 공작물충돌,안전운전불이행,건조,맑음,기타 - 기타,개인형이동수단(PM),남,43세,경상,,,,
2018070800100074,2018년 7월 8일 07시,일요일,광주광역시 서구 농성동,중상사고,0,1,0,0,차대차 - 측면충돌,안전운전불이행,건조,맑음,교차로 - 교차로부근,승용,남,42세,상해없음,승용,여,47세,중상
2018070800100083,2018년 7월 8일 08시,일요일,광주광역시 북구 임동,경상사고,0,0,1,0,차량단독 - 기타,기타,건조,맑음,단일로 - 기타,승용,남,25세,경상,,,,
2018070800100084,2018년 7월 8일 08시,일요일,광주광역시 광산구 신촌동,경상사고,0,0,1,0,차대차 - 측면충돌,안전운전불이행,건조,맑음,교차로 - 교차로부근,이륜,여,80세,경상,화물,남,40세,상해없음
2018070800100085,2018년 7월 8일 08시,일요일,광주광역시 광산구 용봉동,경상사고,0,0,3,1,차대차 - 측면충돌,안전거리미확보,건조,맑음,단일로 - 기타,건설기계,남,60세,부상신고,승용,남,50세,경상
2018070800100184,2018년 7월 8일 13시,일요일,광주광역시 서구 치평동,경상사고,0,0,1,0,차대차 - 추돌,안전운전불이행,건조,맑음,교차로 - 교차로안,승용,남,33세,상해없음,승용,여,40세,상해없음
2018070800100216,2018년 7월 8일 14시,일요일,광주광역시 남구 송하동,경상사고,0,0,1,0,차대차 - 추돌,안전거리미확보,건조,맑음,교차로 - 교차로안,승용,여,56세,상해없음,승용,남,48세,경상
2018070800100244,2018년 7월 8일 15시,일요일,광주광역시 동구 용산동,경상사고,0,0,2,0,차대차 - 추돌,안전운전불이행,건조,맑음,단일로 - 기타,승용,남,42세,상해없음,승용,남,55세,경상
2018070800100284,2018년 7월 8일 16시,일요일,광주광역시 서구 유촌동,경상사고,0,0,1,0,차대차 - 측면충돌,신호위반,건조,맑음,교차로 - 교차로안,승용,남,33세,상해없음,승용,여,45세,경상
2018070800100285,2018년 7월 8일 16시,일요일,광주광역시 남구 양촌동,경상사고,0,0,1,0,차대차 - 측면충돌,기타,건조,맑음,교차로 - 교차로안,이륜,남,44세,경상,화물,남,73세,상해없음
2018070800100314,2018년 7월 8일 17시,일요일,광주광역시 서구 광천동,경상사고,0,0,2,0,차대차 - 추돌,안전운전불이행,건조,맑음,단일로 - 기타,승합,남,57세,기타불명,승용,남,26세,경상
2018070800100315,2018년 7월 8일 17시,일요일,광주광역시 광산구 월곡동,경상사고,0,0,1,0,차대차 - 측면충돌,교차로운행방법위반,건조,맑음,교차로 - 교차로안,승용,여,57세,상해없음,자전거,남,9세,경상
2018070800100400,2018년 7월 8일 20시,일요일,광주광역시 북구 운암동,경상사고,0,0,2,0,차대사람 - 보도통행중,기타,건조,맑음,미분류 - 미분류,승용,여,57세,상해없음,보행자,여,16세,경상
2018070800100422,2018년 7월 8일 21시,일요일,광주광역시 북구 운암동,경상사고,0,0,2,0,차대차 - 기타,안전운전불이행,건조,맑음,단일로 - 기타,승용,남,58세,경상,승용,여,27세,경상
2018070800100441,2018년 7월 8일 22시,일요일,광주광역시 서구 금호동,경상사고,0,0,1,0,차대사람 - 차도통행중,안전운전불이행,건조,맑음,단일로 - 기타,승용,여,23세,상해없음,보행자,남,25세,경상
2018070900100069,2018년 7월 9일 07시,월요일,광주광역시 북구 두암동,부상신고사고,0,0,0,1,차대차 - 측면충돌,안전운전불이행,건조,맑음,단일로 - 기타,기타불명,기타불명,미분류,기타불명,승용,남,51세,부상신고
2018070900100100,2018년 7월 9일 08시,월요일,광주광역시 동구 학동,경상사고,0,0,2,0,차대차 - 측면충돌,안전운전불이행,건조,맑음,단일로 - 기타,승용,남,68세,기타불명,승용,여,60세,경상
2018070900100147,2018년 7월 9일 10시,월요일,광주광역시 서구 치평동,경상사고,0,0,2,0,차대차 - 추돌,안전운전불이행,건조,맑음,단일로 - 기타,승용,남,57세,상해없음,승용,여,54세,경상
2018070900100174,2018년 7월 9일 11시,월요일,광주광역시 광산구 도산동,경상사고,0,0,3,0,차대차 - 측면충돌,안전운전불이행,건조,맑음,단일로 - 기타,승용,여,22세,경상,승용,남,46세,경상
2018070900100200,2018년 7월 9일 12시,월요일,광주광역시 서구 치평동,경상사고,0,0,3,0,차대차 - 측면충돌,안전운전불이행,건조,맑음,교차로 - 교차로부근,승용,여,38세,경상,승용,여,46세,경상
2018070900100283,2018년 7월 9일 15시,월요일,광주광역시 동구 대인동,경상사고,0,0,2,0,차대차 - 추돌,안전거리미확보,건조,맑음,단일로 - 기타,승용,남,41세,상해없음,승용,여,41세,경상
2018070900100316,2018년 7월 9일 16시,월요일,광주광역시 동구 금남로5가,경상사고,0,0,1,0,차량단독 - 기타,기타,건조,맑음,단일로 - 기타,승합,남,56세,상해없음,,,,
2018070900100317,2018년 7월 9일 16시,월요일,광주광역시 서구 치평동,경상사고,0,0,1,0,차대차 - 추돌,안전운전불이행,건조,맑음,교차로 - 교차로안,승용,남,35세,상해없음,승용,남,35세,경상
2018070900100355,2018년 7월 9일 17시,월요일,광주광역시 서구 쌍촌동,경상사고,0,0,1,0,차대차 - 측면충돌,직진우회전진행방해,건조,맑음,교차로 - 교차로안,원동기,남,26세,경상,승용,남,73세,상해없음
2018070900100356,2018년 7월 9일 17시,월요일,광주광역시 북구 장등동,경상사고,0,0,1,0,차대차 - 측면충돌,신호위반,건조,맑음,교차로 - 교차로안,승합,남,63세,상해없음,승용,남,75세,경상
2018070900100357,2018년 7월 9일 17시,월요일,광주광역시 북구 두암동,경상사고,0,0,1,0,차대차 - 기타,안전운전불이행,건조,맑음,단일로 - 기타,자전거,남,75세,경상,이륜,남,47세,상해없음
2018070900100402,2018년 7월 9일 18시,월요일,광주광역시 광산구 신가동,경상사고,0,0,1,0,차대사람 - 횡단중,보행자보호의무위반,건조,맑음,교차로 - 교차로부근,승용,여,31세,상해없음,보행자,남,6세,경상
2018070900100428,2018년 7월 9일 19시,월요일,광주광역시 남구 봉선동,경상사고,0,0,1,0,차대차 - 후진중충돌,안전운전불이행,건조,맑음,단일로 - 기타,승용,여,58세,상해없음,이륜,남,30세,경상
2018070900100430,2018년 7월 9일 19시,월요일,광주광역시 광산구 신창동,중상사고,0,1,0,0,차대사람 - 횡단중,안전운전불이행,건조,맑음,교차로 - 교차로횡단보도내,승용,여,51세,상해없음,보행자,여,32세,중상
2018070900100461,2018년 7월 9일 20시,월요일,광주광역시 광산구 신가동,경상사고,0,0,1,0,차대사람 - 횡단중,신호위반,건조,맑음,교차로 - 교차로안,승용,남,18세,상해없음,보행자,남,38세,경상
2018070900100497,2018년 7월 9일 21시,월요일,광주광역시 광산구 월전동,경상사고,0,0,1,0,차대차 - 측면충돌,안전운전불이행,건조,맑음,단일로 - 기타,승용,여,45세,상해없음,승용,남,55세,경상
2018070900100539,2018년 7월 9일 23시,월요일,광주광역시 동구 소태동,경상사고,0,0,1,0,차대차 - 기타,안전거리미확보,건조,맑음,단일로 - 기타,승용,남,56세,상해없음,승용,여,45세,경상
2018071000100034,2018년 7월 10일 01시,화요일,광주광역시 서구 치평동,경상사고,0,0,1,0,차대사람 - 차도통행중,안전운전불이행,건조,맑음,단일로 - 기타,기타불명,기타불명,미분류,기타불명,보행자,여,36세,경상
2018071000100062,2018년 7월 10일 05시,화요일,광주광역시 남구 방림동,경상사고,0,0,2,0,차대차 - 측면충돌,신호위반,건조,맑음,교차로 - 교차로안,승합,남,79세,상해없음,화물,남,30세,경상
2018071000100102,2018년 7월 10일 07시,화요일,광주광역시 북구 양산동,경상사고,0,0,3,0,차대차 - 기타,안전운전불이행,건조,맑음,교차로 - 교차로안,승용,남,50세,경상,승용,남,51세,경상
2018071000100103,2018년 7월 10일 07시,화요일,광주광역시 북구 용봉동,중상사고,0,1,1,0,차대차 - 기타,안전운전불이행,건조,맑음,단일로 - 기타,승용,남,35세,상해없음,승용,남,37세,경상
2018071000100152,2018년 7월 10일 09시,화요일,광주광역시 북구 북동,경상사고,0,0,1,0,차대차 - 기타,안전운전불이행,건조,맑음,교차로 - 교차로안,이륜,남,71세,경상,승용,남,28세,상해없음
2018071000100214,2018년 7월 10일 11시,화요일,광주광역시 서구 화정동,경상사고,0,0,1,0,차대차 - 측면충돌,교차로운행방법위반,건조,맑음,단일로 - 기타,이륜,남,78세,경상,승용,여,44세,상해없음
2018071000100233,2018년 7월 10일 12시,화요일,광주광역시 서구 풍암동,경상사고,0,0,1,0,차대차 - 측면충돌,교차로운행방법위반,건조,맑음,교차로 - 교차로안,승용,여,58세,상해없음,승용,남,42세,경상
2018071000100234,2018년 7월 10일 12시,화요일,광주광역시 북구 운암동,중상사고,0,1,0,0,차대차 - 기타,안전운전불이행,건조,맑음,단일로 - 기타,이륜,남,26세,중상,화물,남,34세,상해없음
2018071000100264,2018년 7월 10일 13시,화요일,광주광역시 남구 서동,경상사고,0,0,1,0,차대사람 - 횡단중,교차로운행방법위반,건조,맑음,교차로 - 교차로안,승합,남,47세,상해없음,보행자,여,63세,경상
2018071000100339,2018년 7월 10일 15시,화요일,광주광역시 서구 쌍촌동,경상사고,0,0,1,0,차대사람 - 기타,안전운전불이행,건조,맑음,단일로 - 기타,승용,남,42세,상해없음,보행자,남,36세,경상
2018071000100370,2018년 7월 10일 16시,화요일,광주광역시 북구 누문동,경상사고,0,0,1,0,차대차 - 기타,교차로운행방법위반,건조,맑음,교차로 - 교차로안,승용,남,59세,상해없음,승용,여,37세,경상
2018071000100449,2018년 7월 10일 18시,화요일,광주광역시 북구 양산동,중상사고,0,1,0,0,차대사람 - 횡단중,안전운전불이행,건조,맑음,단일로 - 기타,승용,남,30세,상해없음,보행자,남,21세,중상
2018071000100539,2018년 7월 10일 21시,화요일,광주광역시 서구 농성동,경상사고,0,0,1,0,차대차 - 추돌,안전운전불이행,건조,맑음,단일로 - 기타,승용,여,32세,상해없음,승합,남,57세,경상
2018071000100540,2018년 7월 10일 21시,화요일,광주광역시 광산구 산정동,경상사고,0,0,2,0,차대차 - 추돌,안전운전불이행,건조,맑음,단일로 - 기타,승용,여,39세,상해없음,승용,여,34세,경상