사고번호,사고일시,요일,시군구,사고내용,사망자수,중상자수,경상자수,부상신고자수,사고유형,법규위반,노면상태,기상상태,도로형태,가해운전자 차종,가해운전자 성별,가해운전자 연령,가해운전자 상해정도,피해운전자 차종,피해운전자 성별,피해운전자 연령,피해운전자 상해정도
2018071000100580,2018년 7월 10일 22시,화요일,광주광역시 동구 동명동,경상사고,0,0,1,0,차대사람 - 횡단중,안전운전불이행,건조,맑음,단일로 - 기타,승합,남,59세,상해없음,보행자,여,20세,경상
2018071000100581,2018년 7월 10일 22시,화요일,광주광역시 북구 용봉동,경상사고,0,0,2,0,차대차 - 측면충돌,교차로운행방법위반,건조,맑음,교차로 - 교차로안,승용,여,29세,경상,승합,남,34세,경상
2018071000100582,2018년 7월 10일 22시,화요일,광주광역시 광산구 신가동,경상사고,0,0,1,0,차대차 - 측면충돌,안전거리미확보,건조,맑음,단일로 - 기타,승용,여,31세,상해없음,승용,남,48세,경상
2018071100100133,2018년 7월 11일 08시,수요일,광주광역시 서구 치평동,경상사고,0,0,1,0,차대차 - 추돌,안전운전불이행,건조,맑음,단일로 - 기타,승용,남,30세,상해없음,승용,남,69세,경상
2018071100100134,2018년 7월 11일 08시,수요일,광주광역시 서구 금호동,경상사고,0,0,2,0,차대차 - 기타,안전운전불이행,건조,맑음,단일로 - 기타,승용,남,29세,상해없음,화물,남,41세,경상
2018071100100258,2018년 7월 11일 12시,수요일,광주광역시 북구 두암동,부상신고사고,0,0,0,2,차대차 - 추돌,안전운전불이행,건조,맑음,교차로 - 교차로부근,승용,남,39세,상해없음,승용,남,37세,상해없음
2018071100100280,2018년 7월 11일 13시,수요일,광주광역시 광산구 흑석동,경상사고,0,0,1,0,차대사람 - 기타,기타,건조,맑음,단일로 - 기타,승용,여,46세,상해없음,보행자,여,13세,경상
2018071100100281,2018년 7월 11일 13시,수요일,광주광역시 광산구 복룡동,경상사고,0,0,1,0,차대차 - 측면충돌,안전거리미확보,건조,맑음,교차로 - 교차로안,승용,남,69세,경상,화물,남,61세,상해없음
2018071100100361,2018년 7월 11일 15시,수요일,광주광역시 동구 궁동,중상사고,0,1,1,0,차대차 - 기타,안전거리미확보,건조,맑음,단일로 - 기타,자전거,여,76세,중상,이륜,남,23세,경상
2018071100100362,2018년 7월 11일 15시,수요일,광주광역시 서구 쌍촌동,경상사고,0,0,2,0,차대차 - 기타,안전운전불이행,건조,맑음,단일로 - 기타,승용,남,53세,경상,승용,남,25세,경상
2018071100100363,2018년 7월 11일 15시,수요일,광주광역시 남구 주월동,경상사고,0,0,2,0,차대차 - 측면충돌,안전운전불이행,건조,맑음,단일로 - 기타,승합,남,55세,상해없음,화물,남,36세,경상
2018071100100395,2018년 7월 11일 16시,수요일,광주광역시 남구 주월동,경상사고,0,0,2,0,차대차 - 측면충돌,교차로운행방법위반,건조,맑음,교차로 - 교차로안,승용,남,66세,상해없음,화물,남,76세,경상
2018071100100431,2018년 7월 11일 17시,수요일,광주광역시 동구 계림동,경상사고,0,0,1,0,차대사람 - 횡단중,보행자보호의무위반,건조,맑음,단일로 - 기타,승용,남,26세,상해없음,보행자,여,57세,경상
2018071100100483,2018년 7월 11일 18시,수요일,광주광역시 북구 신안동,경상사고,0,0,1,0,차대차 - 추돌,차로위반,건조,맑음,단일로 - 기타,승용,남,59세,상해없음,승용,여,28세,경상
2018071100100484,2018년 7월 11일 18시,수요일,광주광역시 광산구 쌍암동,경상사고,0,0,3,0,차대차 - 기타,안전운전불이행,건조,맑음,교차로 - 교차로안,승용,남,25세,상해없음,승용,남,29세,경상
2018071100100520,2018년 7월 11일 19시,수요일,광주광역시 광산구 쌍암동,경상사고,0,0,2,0,차대차 - 추돌,안전운전불이행,건조,맑음,교차로 - 교차로안,승용,남,43세,상해없음,원동기,남,28세,경상
2018071100100579,2018년 7월 11일 21시,수요일,광주광역시 북구 본촌동,경상사고,0,0,1,0,차대차 - 측면충돌,신호위반,건조,맑음,교차로 - 교차로안,이륜,남,23세,경상,승용,남,59세,상해없음
2018071100100580,2018년 7월 11일 21시,수요일,광주광역시 광산구 산정동,부상신고사고,0,0,0,1,차대차 - 기타,안전운전불이행,건조,맑음,교차로 - 교차로안,기타불명,기타불명,미분류,기타불명,승용,남,20세,기타불명
2018071100100608,2018년 7월 11일 22시,수요일,광주광역시 남구 송하동,경상사고,0,0,1,0,차대차 - 측면충돌,안전운전불이행,건조,맑음,단일로 - 기타,승용,여,51세,상해없음,화물,남,53세,경상
2018071100100609,2018년 7월 11일 22시,수요일,광주광역시 남구 진월동,경상사고,0,0,1,0,차대사람 - 횡단중,보행자보호의무위반,건조,맑음,교차로 - 교차로횡단보도내,기타불명,기타불명,미분류,기타불명,보행자,여,18세,경상
2018071200100024,2018년 7월 12일 00시,목요일,광주광역시 서구 광천동,중상사고,0,1,3,0,차대차 - 측면충돌,안전운전불이행,건조,맑음,교차로 - 교차로안,승용,여,24세,경상,승용,남,40세,경상
2018071200100025,2018년 7월 12일 00시,목요일,광주광역시 북구 각화동,경상사고,0,0,1,0,차량단독 - 기타,안전운전불이행,건조,맑음,단일로 - 기타,승용,남,43세,경상,,,,
2018071200100026,2018년 7월 12일 00시,목요일,광주광역시 북구 각화동,경상사고,0,0,1,0,차대차 - 추돌,안전운전불이행,건조,맑음,교차로 - 교차로안,승용,남,48세,상해없음,승용,여,45세,경상
2018071200100027,2018년 7월 12일 00시,목요일,광주광역시 광산구 산월동,경상사고,0,0,1,0,차대차 - 기타,중앙선침범,건조,맑음,교차로 - 교차로부근,승용,남,37세,상해없음,승용,남,45세,경상
2018071200100046,2018년 7월 12일 02시,목요일,광주광역시 북구 양산동,부상신고사고,0,0,0,1,차대사람 - 길가장자리구역통행중,안전운전불이행,건조,맑음,단일로 - 기타,승용,남,26세,상해없음,보행자,남,26세,부상신고
2018071200100051,2018년 7월 12일 03시,목요일,광주광역시 북구 동림동,경상사고,0,0,1,0,차대차 - 측면충돌,안전운전불이행,건조,맑음,교차로 - 교차로안,승용,남,37세,상해없음,승용,남,47세,경상
2018071200100078,2018년 7월 12일 06시,목요일,광주광역시 광산구 월곡동,중상사고,0,1,6,0,차대차 - 측면충돌,신호위반,건조,맑음,교차로 - 교차로안,승용,남,32세,상해없음,승합,남,52세,상해없음
2018071200100134,2018년 7월 12일 08시,목요일,광주광역시 광산구 월곡동,경상사고,0,0,1,0,차대차 - 측면충돌,안전운전불이행,건조,맑음,교차로 - 교차로부근,승합,남,58세,상해없음,승용,남,59세,경상
2018071200100166,2018년 7월 12일 09시,목요일,광주광역시 북구 용봉동,경상사고,0,0,1,0,차대사람 - 횡단중,안전운전불이행,건조,맑음,단일로 - 기타,승용,남,27세,상해없음,보행자,여,78세,경상
2018071200100191,2018년 7월 12일 10시,목요일,광주광역시 서구 내방동,경상사고,0,0,1,0,차량단독 - 기타,안전운전불이행,건조,맑음,단일로 - 기타,승합,남,55세,상해없음,,,,
2018071200100192,2018년 7월 12일 10시,목요일,광주광역시 북구 신용동,중상사고,0,1,0,0,차대사람 - 횡단중,보행자보호의무위반,건조,맑음,교차로 - 교차로횡단보도내,승용,여,37세,상해없음,보행자,여,43세,중상
2018071200100225,2018년 7월 12일 11시,목요일,광주광역시 광산구 장덕동,경상사고,0,0,4,1,차대차 - 측면충돌,직진우회전진행방해,건조,맑음,교차로 - 교차로안,승용,남,56세,부상신고,승용,남,44세,경상
2018071200100226,2018년 7월 12일 11시,목요일,광주광역시 광산구 수완동,경상사고,0,0,2,0,차대차 - 추돌,안전운전불이행,건조,맑음,기타 - 기타,기타불명,남,미분류,기타불명,승용,여,52세,경상
2018071200100254,2018년 7월 12일 12시,목요일,광주광역시 남구 노대동,경상사고,0,0,3,0,차대차 - 추돌,안전거리미확보,건조,맑음,교차로 - 교차로부근,이륜,남,77세,경상,승용,남,47세,경상
2018071200100255,2018년 7월 12일 12시,목요일,광주광역시 북구 본촌동,경상사고,0,0,3,0,차대차 - 기타,안전운전불이행,건조,맑음,단일로 - 기타,승용,여,64세,경상,승용,남,41세,경상
2018071200100282,2018년 7월 12일 13시,목요일,광주광역시 동구 대인동,경상사고,0,0,2,0,차대차 - 추돌,안전거리미확보,건조,맑음,단일로 - 기타,승용,남,64세,상해없음,승용,여,44세,경상
2018071200100283,2018년 7월 12일 13시,목요일,광주광역시 서구 광천동,경상사고,0,0,2,0,차대차 - 측면충돌,직진우회전진행방해,건조,맑음,교차로 - 교차로안,화물,남,40세,경상,승용,남,29세,경상
2018071200100284,2018년 7월 12일 13시,목요일,광주광역시 서구 쌍촌동,경상사고,0,0,1,0,차대차 - 추돌,불법유턴,건조,맑음,교차로 - 교차로부근,화물,남,27세,상해없음,이륜,남,28세,경상
2018071200100285,2018년 7월 12일 13시,목요일,광주광역시 북구 용봉동,경상사고,0,0,1,0,차대차 - 기타,안전운전불이행,건조,맑음,교차로 - 교차로안,화물,남,58세,상해없음,승용,남,36세,경상
2018071200100323,2018년 7월 12일 14시,목요일,광주광역시 북구 연제동,경상사고,0,0,3,0,차대차 - 측면충돌,교차로운행방법위반,건조,맑음,교차로 - 교차로안,기타불명,기타불명,미분류,기타불명,승용,남,50세,경상
2018071200100358,2018년 7월 12일 15시,목요일,광주광역시 광산구 월곡동,경상사고,0,0,1,0,차대차 - 기타,차로위반,건조,맑음,교차로 - 교차로부근,승용,남,62세,상해없음,승용,남,21세,기타불명
2018071200100390,2018년 7월 12일 16시,목요일,광주광역시 서구 화정동,경상사고,0,0,1,0,차대차 - 측면충돌,교차로운행방법위반,건조,맑음,단일로 - 기타,화물,남,50세,상해없음,승용,남,29세,경상
2018071200100431,2018년 7월 12일 17시,목요일,광주광역시 서구 화정동,중상사고,0,1,0,0,차대사람 - 횡단중,안전운전불이행,건조,맑음,단일로 - 기타,승용,남,57세,기타불명,보행자,남,60세,중상
2018071200100432,2018년 7월 12일 17시,목요일,광주광역시 서구 풍암동,경상사고,0,0,1,0,차대차 - 측면충돌,안전운전불이행,건조,맑음,교차로 - 교차로안,이륜,남,24세,상해없음,승용,여,36세,경상
2018071200100478,2018년 7월 12일 18시,목요일,광주광역시 서구 금호동,경상사고,0,0,1,0,차대사람 - 기타,안전운전불이행,건조,맑음,단일로 - 기타,승용,남,26세,상해없음,보행자,남,58세,경상
2018071200100479,2018년 7월 12일 18시,목요일,광주광역시 북구 오치동,중상사고,0,1,6,0,차대차 - 추돌,직진우회전진행방해,건조,맑음,교차로 - 교차로안,승용,남,67세,경상,승용,여,58세,중상
2018071200100480,2018년 7월 12일 18시,목요일,광주광역시 광산구 송정동,경상사고,0,0,2,0,차대차 - 측면충돌,안전거리미확보,건조,맑음,교차로 - 교차로부근,승용,남,77세,상해없음,승용,남,25세,경상
2018071200100508,2018년 7월 12일 19시,목요일,광주광역시 서구 치평동,사망사고,1,0,3,0,차대차 - 기타,신호위반,건조,맑음,교차로 - 교차로안,이륜,남,38세,사망,승용,남,37세,경상
2018071200100537,2018년 7월 12일 20시,목요일,광주광역시 남구 양촌동,경상사고,0,0,1,0,차대차 - 측면충돌,교차로운행방법위반,건조,맑음,교차로 - 교차로안,승용,여,29세,상해없음,승용,남,45세,경상
2018071200100565,2018년 7월 12일 21시,목요일,광주광역시 북구 동림동,경상사고,0,0,1,0,차대사람 - 기타,안전운전불이행,건조,맑음,단일로 - 기타,자전거,남,55세,상해없음,보행자,남,55세,경상
2018071200100583,2018년 7월 12일 22시,목요일,광주광역시 광산구 신가동,중상사고,0,1,0,0,차대차 - 측면충돌,신호위반,건조,맑음,교차로 - 교차로안,화물,남,45세,상해없음,개인형이동수단(PM),남,48세,중상
2018071300100021,2018년 7월 13일 01시,금요일,광주광역시 북구 운암동,부상신고사고,0,0,0,1,차대사람 - 기타,안전운전불이행,건조,맑음,교차로 - 교차로안,승용,남,45세,상해없음,보행자,남,35세,부상신고
2018071300100038,2018년 7월 13일 03시,금요일,광주광역시 서구 화정동,경상사고,0,0,2,0,차대차 - 기타,신호위반,건조,맑음,교차로 - 교차로안,승용,남,25세,상해없음,화물,남,69세,경상
2018071300100070,2018년 7월 13일 06시,금요일,광주광역시 광산구 쌍암동,경상사고,0,0,1,0,차대차 - 측면충돌,중앙선침범,건조,맑음,교차로 - 교차로안,개인형이동수단(PM),남,45세,경상,승용,남,43세,상해없음
2018071300100091,2018년 7월 13일 07시,금요일,광주광역시 북구 중흥동,경상사고,0,0,1,0,차대차 - 기타,안전운전불이행,건조,맑음,단일로 - 기타,승용,남,68세,상해없음,승용,여,43세,경상
2018071300100139,2018년 7월 13일 08시,금요일,광주광역시 서구 매월동,경상사고,0,0,2,0,차대차 - 측면충돌,신호위반,건조,맑음,교차로 - 교차로안,승용,여,52세,경상,승용,여,47세,경상
2018071300100140,2018년 7월 13일 08시,금요일,광주광역시 서구 화정동,경상사고,0,0,2,0,차대차 - 측면충돌,안전운전불이행,건조,맑음,교차로 - 교차로안,승용,여,27세,상해없음,승용,여,61세,경상
2018071300100141,2018년 7월 13일 08시,금요일,광주광역시 서구 광천동,경상사고,0,0,1,0,차량단독 - 기타,기타,건조,맑음,단일로 - 기타,승합,남,65세,상해없음,,,,
2018071300100142,2018년 7월 13일 08시,금요일,광주광역시 남구 봉선동,경상사고,0,0,1,0,차대차 - 추돌,안전운전불이행,건조,맑음,단일로 - 기타,기타불명,기타불명,미분류,기타불명,승용,여,41세,경상
2018071300100181,2018년 7월 13일 09시,금요일,광주광역시 남구 월산동,경상사고,0,0,1,0,차대차 - 후진중충돌,안전운전불이행,건조,맑음,단일로 - 기타,승용,남,66세,상해없음,승용,남,43세,경상
2018071300100182,2018년 7월 13일 09시,금요일,광주광역시 북구 두암동,경상사고,0,0,2,0,차대차 - 추돌,안전거리미확보,건조,맑음,단일로 - 기타,승용,여,30세,경상,승용,여,41세,경상
2018071300100214,2018년 7월 13일 10시,금요일,광주광역시 남구 송하동,중상사고,0,2,0,0,차대차 - 측면충돌,교차로운행방법위반,건조,맑음,교차로 - 교차로안,승용,여,60세,중상,승합,남,61세,상해없음
2018071300100265,2018년 7월 13일 12시,금요일,광주광역시 서구 동천동,경상사고,0,0,1,0,차대차 - 측면충돌,안전거리미확보,건조,맑음,단일로 - 기타,승합,남,56세,상해없음,특수,남,47세,경상
2018071300100315,2018년 7월 13일 14시,금요일,광주광역시 남구 주월동,경상사고,0,0,1,0,차대차 - 후진중충돌,안전운전불이행,건조,맑음,교차로 - 교차로부근,승용,여,37세,상해없음,승용,남,30세,경상
2018071300100342,2018년 7월 13일 15시,금요일,광주광역시 북구 용봉동,부상신고사고,0,0,0,1,차량단독 - 기타,안전운전불이행,건조,맑음,교차로 - 교차로부근,자전거,남,39세,부상신고,,,,
2018071300100495,2018년 7월 13일 18시,금요일,광주광역시 서구 유촌동,경상사고,0,0,1,0,차대차 - 추돌,안전거리미확보,건조,맑음,교차로 - 교차로안,승용,남,53세,상해없음,승용,여,51세,경상
2018071300100532,2018년 7월 13일 19시,금요일,광주광역시 북구 두암동,중상사고,0,1,0,0,차대차 - 기타,신호위반,건조,맑음,교차로 - 교차로안,이륜,남,23세,중상,승용,남,41세,상해없음
2018071300100572,2018년 7월 13일 20시,금요일,광주광역시 남구 주월동,경상사고,0,0,1,0,차대차 - 측면충돌,기타,건조,맑음,단일로 - 기타,승용,남,50세,상해없음,개인형이동수단(PM),남,47세,상해없음
2018071300100605,2018년 7월 13일 21시,금요일,광주광역시 남구 백운동,경상사고,0,0,2,0,차대차 - 측면충돌,안전거리미확보,건조,맑음,단일로 - 기타,승용,남,51세,상해없음,승용,남,63세,경상
2018071300100631,2018년 7월 13일 22시,금요일,광주광역시 북구 운암동,경상사고,0,0,2,0,차대차 - 측면충돌,안전운전불이행,건조,맑음,교차로 - 교차로부근,승용,남,71세,경상,승용,남,54세,경상
2018071300100658,2018년 7월 13일 23시,금요일,광주광역시 서구 쌍촌동,경상사고,0,0,1,0,차대사람 - 기타,안전운전불이행,건조,흐림,단일로 - 기타,승용,남,31세,상해없음,보행자,여,47세,경상
2018071300100659,2018년 7월 13일 23시,금요일,광주광역시 광산구 신창동,경상사고,0,0,1,0,차대차 - 측면충돌,안전운전불이행,건조,맑음,교차로 - 교차로안,승용,남,28세,상해없음,승용,남,37세,경상
2018071400100027,2018년 7월 14일 01시,토요일,광주광역시 광산구 산월동,경상사고,0,0,2,1,차대차 - 측면충돌,안전운전불이행,건조,맑음,교차로 - 교차로안,승용,남,26세,부상신고,승용,남,41세,경상
2018071400100028,2018년 7월 14일 01시,토요일,광주광역시 광산구 신창동,중상사고,0,2,4,0,차대차 - 기타,신호위반,건조,맑음,교차로 - 교차로안,승용,남,48세,중상,승용,남,66세,중상
2018071400100051,2018년 7월 14일 03시,토요일,광주광역시 광산구 신창동,경상사고,0,0,2,0,차대차 - 기타,교차로운행방법위반,건조,맑음,교차로 - 교차로안,승용,남,21세,상해없음,승용,남,50세,경상
2018071400100083,2018년 7월 14일 06시,토요일,광주광역시 서구 치평동,중상사고,0,1,1,0,차대차 - 측면충돌,신호위반,건조,맑음,교차로 - 교차로안,승용,남,58세,상해없음,승용,남,67세,경상
2018071400100127,2018년 7월 14일 08시,토요일,광주광역시 서구 내방동,경상사고,0,0,1,0,차대차 - 추돌,안전운전불이행,건조,맑음,단일로 - 기타,승용,남,57세,상해없음,승용,남,68세,경상
2018071400100156,2018년 7월 14일 09시,토요일,광주광역시 서구 농성동,경상사고,0,0,1,0,차대차 - 측면충돌,안전운전불이행,건조,맑음,교차로 - 교차로부근,승용,여,57세,상해없음,승용,여,38세,경상
2018071400100190,2018년 7월 14일 10시,토요일,광주광역시 서구 화정동,부상신고사고,0,0,0,1,차대차 - 측면충돌,안전운전불이행,건조,맑음,단일로 - 기타,승합,남,60세,상해없음,화물,남,51세,기타불명
2018071400100225,2018년 7월 14일 11시,토요일,광주광역시 서구 농성동,경상사고,0,0,1,0,차대차 - 후진중충돌,안전운전불이행,건조,맑음,교차로 - 교차로부근,화물,남,71세,상해없음,승용,남,33세,경상
2018071400100226,2018년 7월 14일 11시,토요일,광주광역시 북구 임동,경상사고,0,0,3,0,차대차 - 추돌,안전거리미확보,건조,맑음,단일로 - 기타,승용,남,55세,상해없음,승용,여,37세,경상
2018071400100330,2018년 7월 14일 14시,토요일,광주광역시 동구 산수동,경상사고,0,0,1,0,차대사람 - 횡단중,안전운전불이행,건조,맑음,단일로 - 기타,자전거,남,75세,기타불명,보행자,여,21세,경상
2018071400100367,2018년 7월 14일 15시,토요일,광주광역시 북구 장등동,사망사고,1,3,9,0,차대차 - 기타,안전운전불이행,건조,맑음,단일로 - 고가도로위,승용,남,40세,경상,승용,남,44세,경상
2018071400100375,2018년 7월 14일 15시,토요일,광주광역시 서구 매월동,경상사고,0,0,4,0,차대차 - 측면충돌,교차로운행방법위반,건조,맑음,교차로 - 교차로안,승용,여,37세,상해없음,승용,남,33세,경상
2018071400100417,2018년 7월 14일 16시,토요일,광주광역시 서구 광천동,경상사고,0,0,1,0,차대차 - 측면충돌,안전거리미확보,건조,맑음,단일로 - 기타,승용,남,63세,상해없음,승용,남,29세,경상
2018071400100418,2018년 7월 14일 16시,토요일,광주광역시 서구 화정동,중상사고,0,1,0,0,차대사람 - 횡단중,보행자보호의무위반,건조,기타,단일로 - 기타,승용,남,39세,상해없음,보행자,여,14세,중상
2018071400100419,2018년 7월 14일 16시,토요일,광주광역시 서구 벽진동,경상사고,0,0,3,0,차대차 - 추돌,안전운전불이행,건조,맑음,교차로 - 교차로부근,승용,남,69세,상해없음,승용,남,40세,경상
2018071400100534,2018년 7월 14일 19시,토요일,광주광역시 서구 쌍촌동,중상사고,0,1,0,0,차대차 - 측면충돌,기타,건조,맑음,단일로 - 기타,화물,남,48세,상해없음,이륜,남,53세,중상
2018071400100573,2018년 7월 14일 20시,토요일,광주광역시 북구 두암동,경상사고,0,0,1,0,차대사람 - 기타,안전운전불이행,건조,맑음,기타 - 기타,승용,남,43세,상해없음,보행자,여,28세,경상
2018071400100574,2018년 7월 14일 20시,토요일,광주광역시 북구 대촌동,경상사고,0,0,1,0,차대차 - 측면충돌,안전운전불이행,건조,맑음,교차로 - 교차로안,승용,여,45세,상해없음,승용,남,25세,상해없음
2018071400100575,2018년 7월 14일 20시,토요일,광주광역시 광산구 산정동,부상신고사고,0,0,0,1,차대차 - 측면충돌,신호위반,건조,맑음,교차로 - 교차로안,승용,남,56세,상해없음,이륜,남,45세,부상신고
2018071400100630,2018년 7월 14일 22시,토요일,광주광역시 남구 백운동,경상사고,0,0,1,0,차대차 - 추돌,안전거리미확보,건조,맑음,단일로 - 기타,승용,남,28세,상해없음,승용,남,50세,상해없음
2018071500100027,2018년 7월 15일 01시,일요일,광주광역시 북구 신안동,경상사고,0,0,1,0,차대차 - 측면충돌,안전운전불이행,건조,맑음,교차로 - 교차로안,승용,남,62세,상해없음,승용,여,30세,경상
2018071500100028,2018년 7월 15일 01시,일요일,광주광역시 북구 중흥동,경상사고,0,0,1,0,차대차 - 측면충돌,안전운전불이행,건조,맑음,단일로 - 기타,승용,남,38세,상해없음,승용,여,25세,경상
2018071500100029,2018년 7월 15일 01시,일요일,광주광역시 광산구 수완동,경상사고,0,0,1,0,차대차 - 측면충돌,안전거리미확보,건조,맑음,단일로 - 기타,승용,남,61세,상해없음,이륜,남,31세,경상
2018071500100163,2018년 7월 15일 11시,일요일,광주광역시 서구 덕흥동,경상사고,0,0,2,0,차대차 - 추돌,안전거리미확보,건조,맑음,단일로 - 기타,승용,남,36세,상해없음,승용,여,46세,경상
2018071500100216,2018년 7월 15일 13시,일요일,광주광역시 북구 운암동,부상신고사고,0,0,0,1,차대사람 - 기타,안전운전불이행,건조,맑음,기타 - 기타,자전거,남,14세,상해없음,보행자,여,76세,부상신고
2018071500100217,2018년 7월 15일 13시,일요일,광주광역시 북구 두암동,경상사고,0,0,2,0,차대차 - 측면충돌,교차로운행방법위반,건조,맑음,교차로 - 교차로안,원동기,남,80세,경상,승용,남,52세,상해없음
2018071500100218,2018년 7월 15일 13시,일요일,광주광역시 북구 오치동,경상사고,0,0,4,0,차대차 - 추돌,안전거리미확보,건조,맑음,단일로 - 기타,승용,남,55세,상해없음,승용,여,27세,경상
2018071500100307,2018년 7월 15일 16시,일요일,광주광역시 광산구 오산동,중상사고,0,1,0,0,차대차 - 측면충돌,안전운전불이행,건조,맑음,교차로 - 교차로안,승용,여,43세,상해없음,자전거,남,78세,중상
2018071500100364,2018년 7월 15일 18시,일요일,광주광역시 북구 두암동,경상사고,0,0,5,0,차대차 - 측면충돌,안전운전불이행,건조,맑음,단일로 - 기타,승용,여,43세,경상,승용,남,61세,경상
2018071500100387,2018년 7월 15일 19시,일요일,광주광역시 남구 양림동,경상사고,0,0,1,0,차대차 - 측면충돌,안전운전불이행,건조,맑음,단일로 - 기타,승용,남,33세,상해없음,승용,남,32세,경상
2018071500100388,2018년 7월 15일 19시,일요일,광주광역시 북구 신안동,경상사고,0,0,3,0,차대차 - 측면충돌,교차로운행방법위반,건조,맑음,교차로 - 교차로안,이륜,남,23세,경상,승용,남,27세,경상
2018071500100389,2018년 7월 15일 19시,일요일,광주광역시 북구 우산동,중상사고,0,1,0,0,차대차 - 기타,중앙선침범,건조,맑음,단일로 - 기타,승용,남,39세,상해없음,승합,남,54세,상해없음
2018071500100418,2018년 7월 15일 20시,일요일,광주광역시 북구 문흥동,경상사고,0,0,4,0,차대차 - 측면충돌,직진우회전진행방해,건조,맑음,교차로 - 교차로안,승용,남,44세,경상,화물,남,54세,경상
2018071500100440,2018년 7월 15일 21시,일요일,광주광역시 북구 우산동,경상사고,0,0,1,0,차대사람 - 기타,안전운전불이행,건조,맑음,교차로 - 교차로부근,승용,남,24세,상해없음,보행자,남,48세,경상
2018071500100460,2018년 7월 15일 22시,일요일,광주광역시 서구 풍암동,중상사고,0,1,0,0,차대차 - 측면충돌,안전운전불이행,건조,맑음,단일로 - 기타,승용,남,59세,상해없음,이륜,남,46세,중상
2018071600100033,2018년 7월 16일 03시,월요일,광주광역시 북구 우산동,경상사고,0,0,3,0,차대차 - 측면충돌,교차로운행방법위반,건조,맑음,교차로 - 교차로안,승용,남,63세,상해없음,화물,남,44세,상해없음
2018071600100046,2018년 7월 16일 05시,월요일,광주광역시 서구 광천동,경상사고,0,0,1,0,차대차 - 추돌,안전운전불이행,건조,맑음,교차로 - 교차로부근,화물,남,40세,상해없음,화물,남,57세,경상
2018071600100053,2018년 7월 16일 06시,월요일,광주광역시 광산구 비아동,경상사고,0,0,1,0,차대차 - 측면충돌,안전운전불이행,건조,맑음,단일로 - 기타,승용,남,55세,상해없음,승합,여,49세,경상
2018071600100054,2018년 7월 16일 06시,월요일,광주광역시 광산구 신가동,경상사고,0,0,2,0,차대차 - 측면충돌,중앙선침범,건조,맑음,교차로 - 교차로부근,승용,남,39세,경상,승용,남,34세,경상
2018071600100087,2018년 7월 16일 07시,월요일,광주광역시 광산구 신촌동,부상신고사고,0,0,0,1,차대차 - 측면충돌,안전운전불이행,건조,맑음,단일로 - 기타,이륜,남,61세,부상신고,승용,여,27세,상해없음
2018071600100088,2018년 7월 16일 07시,월요일,광주광역시 광산구 오선동,경상사고,0,0,1,0,차대차 - 측면충돌,안전거리미확보,건조,맑음,단일로 - 기타,승용,남,27세,상해없음,승용,남,38세,경상
2018071600100136,2018년 7월 16일 08시,월요일,광주광역시 서구 동천동,경상사고,0,0,3,0,차대차 - 추돌,안전거리미확보,건조,맑음,단일로 - 기타,승용,여,34세,경상,승용,남,38세,경상
2018071600100137,2018년 7월 16일 08시,월요일,광주광역시 북구 양산동,경상사고,0,0,3,0,차대차 - 측면충돌,교차로운행방법위반,건조,맑음,교차로 - 교차로안,승용,남,57세,경상,승용,여,56세,경상
2018071600100171,2018년 7월 16일 09시,월요일,광주광역시 광산구 송정동,경상사고,0,0,1,0,차대차 - 측면충돌,교차로운행방법위반,건조,맑음,교차로 - 교차로안,승용,남,62세,상해없음,승용,남,60세,상해없음
2018071600100241,2018년 7월 16일 11시,월요일,광주광역시 북구 두암동,경상사고,0,0,2,0,차대차 - 측면충돌,안전거리미확보,건조,맑음,단일로 - 기타,승용,여,47세,경상,승용,남,58세,경상
2018071600100266,2018년 7월 16일 12시,월요일,광주광역시 광산구 신가동,경상사고,0,0,2,0,차대차 - 측면충돌,교차로운행방법위반,건조,맑음,교차로 - 교차로부근,승합,남,72세,상해없음,승용,남,38세,경상
2018071600100295,2018년 7월 16일 13시,월요일,광주광역시 서구 풍암동,경상사고,0,0,1,0,차대차 - 측면충돌,교차로운행방법위반,건조,맑음,교차로 - 교차로안,승합,남,48세,상해없음,승용,여,37세,경상
2018071600100374,2018년 7월 16일 15시,월요일,광주광역시 광산구 월계동,부상신고사고,0,0,0,1,차대사람 - 보도통행중,안전운전불이행,건조,맑음,단일로 - 기타,승용,남,42세,상해없음,보행자,남,21세,부상신고
2018071600100407,2018년 7월 16일 16시,월요일,광주광역시 북구 일곡동,경상사고,0,0,1,0,차대차 - 측면충돌,안전운전불이행,건조,맑음,교차로 - 교차로부근,화물,남,25세,상해없음,승용,남,69세,경상
2018071600100453,2018년 7월 16일 17시,월요일,광주광역시 남구 진월동,경상사고,0,0,1,0,차대차 - 기타,차로위반,건조,맑음,단일로 - 기타,승합,남,40세,상해없음,이륜,남,19세,경상
2018071600100454,2018년 7월 16일 17시,월요일,광주광역시 북구 신안동,경상사고,0,0,1,0,차대차 - 측면충돌,교차로운행방법위반,건조,맑음,교차로 - 교차로안,승용,남,67세,상해없음,화물,남,24세,경상
2018071600100514,2018년 7월 16일 18시,월요일,광주광역시 서구 풍암동,경상사고,0,0,1,0,차대차 - 측면충돌,안전운전불이행,건조,맑음,단일로 - 기타,화물,남,51세,상해없음,화물,남,51세,경상