사고번호,사고일시,요일,시군구,사고내용,사망자수,중상자수,경상자수,부상신고자수,사고유형,법규위반,노면상태,기상상태,도로형태,가해운전자 차종,가해운전자 성별,가해운전자 연령,가해운전자 상해정도,피해운전자 차종,피해운전자 성별,피해운전자 연령,피해운전자 상해정도
2018072200100421,2018년 7월 22일 19시,일요일,광주광역시 북구 두암동,중상사고,0,1,1,0,차대차 - 측면충돌,신호위반,건조,맑음,교차로 - 교차로안,승용,남,60세,상해없음,원동기,남,45세,경상
2018072200100452,2018년 7월 22일 20시,일요일,광주광역시 서구 화정동,경상사고,0,0,1,0,차대차 - 기타,교차로운행방법위반,건조,맑음,교차로 - 교차로안,승용,남,72세,상해없음,이륜,남,29세,경상
2018072200100453,2018년 7월 22일 20시,일요일,광주광역시 남구 양림동,중상사고,0,1,0,0,차대사람 - 횡단중,안전거리미확보,건조,맑음,단일로 - 기타,승용,남,28세,상해없음,보행자,여,74세,중상
2018072200100510,2018년 7월 22일 23시,일요일,광주광역시 동구 산수동,경상사고,0,0,1,0,차대차 - 후진중충돌,안전운전불이행,건조,맑음,단일로 - 기타,승용,남,52세,상해없음,승용,남,24세,경상
2018072200100511,2018년 7월 22일 23시,일요일,광주광역시 남구 서동,중상사고,0,1,1,0,차대사람 - 횡단중,안전운전불이행,건조,맑음,교차로 - 교차로안,승용,남,69세,상해없음,보행자,남,57세,중상
2018072200100512,2018년 7월 22일 23시,일요일,광주광역시 북구 동림동,경상사고,0,0,1,0,차대사람 - 기타,안전운전불이행,건조,맑음,단일로 - 교량,승용,남,65세,상해없음,보행자,남,21세,경상
2018072300100062,2018년 7월 23일 06시,월요일,광주광역시 북구 본촌동,중상사고,0,1,0,0,차대차 - 측면충돌,안전운전불이행,건조,맑음,단일로 - 기타,자전거,남,74세,중상,화물,남,70세,상해없음
2018072300100086,2018년 7월 23일 07시,월요일,광주광역시 동구 산수동,경상사고,0,0,1,0,차대차 - 기타,안전운전불이행,건조,맑음,단일로 - 기타,자전거,남,61세,상해없음,이륜,남,74세,경상
2018072300100088,2018년 7월 23일 07시,월요일,광주광역시 남구 봉선동,중상사고,0,1,0,0,차대사람 - 횡단중,안전운전불이행,건조,맑음,교차로 - 교차로안,승용,남,37세,상해없음,보행자,남,55세,중상
2018072300100128,2018년 7월 23일 08시,월요일,광주광역시 북구 신용동,경상사고,0,0,1,0,차대사람 - 차도통행중,안전운전불이행,건조,맑음,단일로 - 기타,승용,남,36세,기타불명,보행자,여,17세,경상
2018072300100159,2018년 7월 23일 09시,월요일,광주광역시 광산구 하남동,경상사고,0,0,1,0,차대차 - 추돌,교차로운행방법위반,건조,맑음,단일로 - 기타,승용,여,34세,상해없음,승합,남,65세,상해없음
2018072300100253,2018년 7월 23일 12시,월요일,광주광역시 남구 송하동,경상사고,0,0,1,0,차대차 - 기타,안전거리미확보,건조,맑음,단일로 - 기타,승용,여,53세,상해없음,승용,남,28세,경상
2018072300100254,2018년 7월 23일 12시,월요일,광주광역시 북구 연제동,중상사고,0,1,0,0,차량단독 - 공작물충돌,안전운전불이행,건조,맑음,단일로 - 기타,승용,여,52세,중상,,,,
2018072300100255,2018년 7월 23일 12시,월요일,광주광역시 광산구 월계동,경상사고,0,0,3,1,차대차 - 측면충돌,차로위반,건조,맑음,교차로 - 교차로부근,이륜,남,39세,부상신고,승용,여,30세,경상
2018072300100290,2018년 7월 23일 13시,월요일,광주광역시 서구 농성동,경상사고,0,0,1,0,차대차 - 측면충돌,직진우회전진행방해,건조,맑음,교차로 - 교차로안,화물,남,32세,상해없음,이륜,남,23세,경상
2018072300100291,2018년 7월 23일 13시,월요일,광주광역시 광산구 안청동,경상사고,0,0,2,0,차대차 - 측면충돌,신호위반,건조,맑음,교차로 - 교차로안,화물,남,53세,경상,화물,남,56세,경상
2018072300100364,2018년 7월 23일 15시,월요일,광주광역시 서구 쌍촌동,중상사고,0,2,7,0,차대차 - 측면충돌,신호위반,건조,맑음,교차로 - 교차로안,건설기계,남,43세,상해없음,승합,남,54세,중상
2018072300100449,2018년 7월 23일 17시,월요일,광주광역시 북구 운암동,경상사고,0,0,1,0,차대차 - 추돌,안전운전불이행,건조,맑음,단일로 - 기타,승용,남,47세,상해없음,승용,여,28세,경상
2018072300100491,2018년 7월 23일 18시,월요일,광주광역시 북구 양산동,경상사고,0,0,1,0,차대사람 - 보도통행중,안전운전불이행,건조,맑음,단일로 - 기타,이륜,남,37세,상해없음,보행자,남,10세,경상
2018072300100492,2018년 7월 23일 18시,월요일,광주광역시 북구 신용동,경상사고,0,0,1,0,차대차 - 추돌,안전운전불이행,건조,맑음,교차로 - 교차로부근,승합,남,22세,상해없음,승용,남,33세,경상
2018072300100532,2018년 7월 23일 19시,월요일,광주광역시 서구 화정동,경상사고,0,0,1,0,차대차 - 측면충돌,교차로운행방법위반,건조,맑음,교차로 - 교차로안,원동기,남,35세,상해없음,승용,여,26세,경상
2018072300100533,2018년 7월 23일 19시,월요일,광주광역시 남구 행암동,경상사고,0,0,3,0,차대차 - 추돌,안전운전불이행,건조,맑음,단일로 - 기타,승용,남,52세,상해없음,승용,여,26세,경상
2018072300100534,2018년 7월 23일 19시,월요일,광주광역시 북구 용봉동,경상사고,0,0,4,0,차대차 - 측면충돌,중앙선침범,건조,맑음,단일로 - 기타,화물,남,59세,경상,승용,남,28세,경상
2018072300100535,2018년 7월 23일 19시,월요일,광주광역시 광산구 안청동,경상사고,0,0,3,0,차대차 - 측면충돌,직진우회전진행방해,건조,맑음,교차로 - 교차로안,승용,남,43세,경상,승용,여,49세,경상
2018072400100022,2018년 7월 24일 01시,화요일,광주광역시 서구 광천동,중상사고,0,1,2,0,차대차 - 추돌,안전운전불이행,건조,맑음,교차로 - 교차로부근,승용,남,37세,상해없음,승용,남,56세,중상
2018072400100027,2018년 7월 24일 02시,화요일,광주광역시 북구 일곡동,중상사고,0,1,0,0,차량단독 - 전도전복 - 전도,안전운전불이행,건조,맑음,교차로 - 교차로부근,이륜,남,24세,중상,미분류,미분류,미분류,미분류
2018072400100069,2018년 7월 24일 06시,화요일,광주광역시 서구 농성동,경상사고,0,0,1,0,차대차 - 추돌,안전거리미확보,건조,맑음,교차로 - 교차로안,승용,남,57세,상해없음,승용,남,62세,경상
2018072400100093,2018년 7월 24일 07시,화요일,광주광역시 북구 신안동,경상사고,0,0,2,0,차대차 - 측면충돌,안전거리미확보,건조,맑음,단일로 - 기타,화물,남,52세,상해없음,승용,여,37세,경상
2018072400100094,2018년 7월 24일 07시,화요일,광주광역시 광산구 산정동,경상사고,0,0,1,0,차대차 - 측면충돌,안전운전불이행,건조,맑음,교차로 - 교차로안,승용,여,52세,상해없음,자전거,남,43세,경상
2018072400100133,2018년 7월 24일 08시,화요일,광주광역시 서구 쌍촌동,경상사고,0,0,4,0,차대차 - 측면충돌,안전운전불이행,건조,맑음,단일로 - 기타,승용,남,64세,상해없음,승용,남,26세,경상
2018072400100134,2018년 7월 24일 08시,화요일,광주광역시 북구 북동,경상사고,0,0,2,0,차대차 - 기타,안전운전불이행,건조,맑음,단일로 - 기타,승용,남,35세,경상,승용,남,37세,경상
2018072400100181,2018년 7월 24일 09시,화요일,광주광역시 광산구 신촌동,경상사고,0,0,3,0,차대차 - 추돌,안전운전불이행,건조,맑음,단일로 - 기타,승용,여,44세,상해없음,승용,여,26세,경상
2018072400100322,2018년 7월 24일 13시,화요일,광주광역시 북구 동림동,경상사고,0,0,1,0,차대차 - 측면충돌,안전운전불이행,건조,맑음,단일로 - 기타,기타불명,기타불명,미분류,기타불명,승용,남,49세,경상
2018072400100369,2018년 7월 24일 14시,화요일,광주광역시 남구 월산동,경상사고,0,0,1,0,차대차 - 측면충돌,안전거리미확보,건조,맑음,교차로 - 교차로부근,승합,여,68세,상해없음,승용,남,28세,경상
2018072400100370,2018년 7월 24일 14시,화요일,광주광역시 북구 매곡동,경상사고,0,0,1,0,차대차 - 측면충돌,교차로운행방법위반,건조,맑음,교차로 - 교차로안,승합,남,67세,상해없음,승용,여,54세,경상
2018072400100442,2018년 7월 24일 16시,화요일,광주광역시 서구 광천동,중상사고,0,1,0,0,차대차 - 측면충돌,차로위반,건조,맑음,단일로 - 기타,이륜,남,67세,중상,승용,여,30세,상해없음
2018072400100486,2018년 7월 24일 17시,화요일,광주광역시 서구 화정동,경상사고,0,0,1,0,차대차 - 추돌,안전운전불이행,건조,맑음,교차로 - 교차로안,자전거,남,15세,경상,승용,남,54세,상해없음
2018072400100537,2018년 7월 24일 18시,화요일,광주광역시 광산구 수완동,경상사고,0,0,1,0,차대차 - 측면충돌,안전운전불이행,건조,맑음,단일로 - 기타,승용,여,28세,상해없음,승용,여,50세,경상
2018072400100572,2018년 7월 24일 19시,화요일,광주광역시 서구 광천동,경상사고,0,0,1,0,차대차 - 측면충돌,안전운전불이행,건조,맑음,교차로 - 교차로안,승용,여,48세,상해없음,승용,여,50세,경상
2018072400100608,2018년 7월 24일 20시,화요일,광주광역시 서구 서창동,경상사고,0,0,3,0,차대차 - 측면충돌,중앙선침범,건조,맑음,단일로 - 기타,승용,남,53세,상해없음,승용,여,50세,경상
2018072500100016,2018년 7월 25일 01시,수요일,광주광역시 북구 각화동,부상신고사고,0,0,0,1,차대차 - 측면충돌,안전운전불이행,건조,맑음,단일로 - 기타,이륜,남,18세,부상신고,승용,남,42세,상해없음
2018072500100041,2018년 7월 25일 03시,수요일,광주광역시 서구 치평동,경상사고,0,0,1,0,차대차 - 측면충돌,안전운전불이행,건조,맑음,단일로 - 기타,승용,남,29세,상해없음,승용,남,37세,경상
2018072500100053,2018년 7월 25일 04시,수요일,광주광역시 남구 월산동,중상사고,0,1,2,0,차대차 - 추돌,안전운전불이행,건조,맑음,단일로 - 기타,승용,남,61세,상해없음,화물,남,52세,경상
2018072500100132,2018년 7월 25일 08시,수요일,광주광역시 서구 벽진동,경상사고,0,0,6,0,차대차 - 추돌,안전운전불이행,건조,맑음,단일로 - 기타,승용,여,40세,경상,승용,여,29세,경상
2018072500100133,2018년 7월 25일 08시,수요일,광주광역시 북구 동림동,경상사고,0,0,1,0,차대사람 - 기타,안전운전불이행,건조,맑음,교차로 - 교차로안,승용,남,57세,상해없음,보행자,여,19세,경상
2018072500100134,2018년 7월 25일 08시,수요일,광주광역시 북구 대촌동,경상사고,0,0,1,0,차대차 - 추돌,안전운전불이행,건조,맑음,교차로 - 교차로부근,승용,여,32세,상해없음,승용,여,37세,경상
2018072500100135,2018년 7월 25일 08시,수요일,광주광역시 광산구 송정동,경상사고,0,0,3,0,차대차 - 기타,교차로운행방법위반,건조,맑음,교차로 - 교차로안,승용,여,50세,경상,승용,여,41세,경상
2018072500100229,2018년 7월 25일 11시,수요일,광주광역시 서구 농성동,경상사고,0,0,2,0,차대차 - 기타,교차로운행방법위반,건조,맑음,교차로 - 교차로안,승용,남,40세,상해없음,승용,남,36세,경상
2018072500100230,2018년 7월 25일 11시,수요일,광주광역시 북구 신안동,경상사고,0,0,3,0,차대차 - 기타,안전거리미확보,건조,맑음,단일로 - 기타,승용,여,20세,경상,승합,남,56세,상해없음
2018072500100231,2018년 7월 25일 11시,수요일,광주광역시 북구 운암동,경상사고,0,0,2,0,차대차 - 기타,교차로운행방법위반,건조,맑음,교차로 - 교차로안,승용,여,33세,상해없음,화물,남,63세,경상
2018072500100232,2018년 7월 25일 11시,수요일,광주광역시 북구 일곡동,경상사고,0,0,2,0,차대차 - 기타,교차로운행방법위반,건조,맑음,교차로 - 교차로안,승용,여,56세,경상,승용,남,41세,경상
2018072500100254,2018년 7월 25일 12시,수요일,광주광역시 동구 학동,경상사고,0,0,1,1,차대차 - 기타,안전운전불이행,건조,맑음,단일로 - 기타,승용,남,61세,상해없음,승용,남,60세,경상
2018072500100255,2018년 7월 25일 12시,수요일,광주광역시 남구 송하동,경상사고,0,0,1,0,차대사람 - 횡단중,보행자보호의무위반,건조,맑음,교차로 - 교차로횡단보도내,이륜,남,24세,기타불명,보행자,여,16세,경상
2018072500100292,2018년 7월 25일 13시,수요일,광주광역시 서구 양동,사망사고,1,0,0,0,차대사람 - 횡단중,안전운전불이행,건조,맑음,단일로 - 기타,특수,남,68세,상해없음,보행자,남,75세,사망
2018072500100293,2018년 7월 25일 13시,수요일,광주광역시 북구 오룡동,중상사고,0,1,3,0,차대차 - 추돌,안전운전불이행,건조,맑음,교차로 - 교차로부근,화물,남,54세,중상,화물,남,45세,경상
2018072500100328,2018년 7월 25일 14시,수요일,광주광역시 서구 쌍촌동,경상사고,0,0,1,0,차대차 - 측면충돌,교차로운행방법위반,건조,맑음,교차로 - 교차로안,화물,남,67세,상해없음,이륜,남,28세,경상
2018072500100330,2018년 7월 25일 14시,수요일,광주광역시 남구 주월동,경상사고,0,0,1,0,차대차 - 추돌,안전운전불이행,건조,맑음,단일로 - 기타,승용,남,68세,상해없음,승용,남,33세,경상
2018072500100398,2018년 7월 25일 16시,수요일,광주광역시 광산구 신창동,사망사고,1,0,0,0,차대차 - 기타,중앙선침범,건조,맑음,단일로 - 기타,자전거,남,77세,사망,화물,남,36세,상해없음
2018072500100445,2018년 7월 25일 17시,수요일,광주광역시 북구 양산동,경상사고,0,0,1,0,차대차 - 측면충돌,안전운전불이행,건조,맑음,단일로 - 기타,승용,남,72세,상해없음,승용,여,34세,경상
2018072500100446,2018년 7월 25일 17시,수요일,광주광역시 광산구 월계동,경상사고,0,0,2,0,차대차 - 추돌,안전운전불이행,건조,맑음,단일로 - 기타,승용,여,50세,상해없음,승용,여,52세,경상
2018072500100487,2018년 7월 25일 18시,수요일,광주광역시 서구 쌍촌동,중상사고,0,1,0,0,차대차 - 측면충돌,중앙선침범,건조,맑음,교차로 - 교차로부근,이륜,남,39세,상해없음,이륜,남,29세,중상
2018072500100488,2018년 7월 25일 18시,수요일,광주광역시 북구 용봉동,경상사고,0,0,1,0,차대사람 - 횡단중,보행자보호의무위반,건조,맑음,단일로 - 기타,이륜,남,50세,상해없음,보행자,여,51세,경상
2018072500100489,2018년 7월 25일 18시,수요일,광주광역시 북구 매곡동,부상신고사고,0,0,0,1,차대사람 - 기타,안전운전불이행,건조,맑음,교차로 - 교차로횡단보도내,승용,남,65세,상해없음,보행자,여,11세,부상신고
2018072500100490,2018년 7월 25일 18시,수요일,광주광역시 광산구 우산동,경상사고,0,0,2,0,차대차 - 측면충돌,직진우회전진행방해,건조,맑음,교차로 - 교차로안,화물,남,63세,경상,승용,여,48세,경상
2018072500100532,2018년 7월 25일 19시,수요일,광주광역시 광산구 도산동,경상사고,0,0,1,0,차대사람 - 기타,안전운전불이행,건조,맑음,기타 - 기타,화물,남,49세,상해없음,보행자,남,76세,경상
2018072500100565,2018년 7월 25일 20시,수요일,광주광역시 북구 오치동,경상사고,0,0,1,0,차대차 - 측면충돌,신호위반,건조,맑음,교차로 - 교차로안,승용,남,70세,상해없음,승용,남,41세,경상
2018072500100590,2018년 7월 25일 21시,수요일,광주광역시 남구 진월동,경상사고,0,0,5,0,차대차 - 측면충돌,교차로운행방법위반,건조,맑음,교차로 - 교차로안,승용,남,59세,기타불명,승용,남,43세,경상
2018072500100618,2018년 7월 25일 22시,수요일,광주광역시 북구 용봉동,경상사고,0,0,1,0,차대차 - 추돌,안전거리미확보,건조,맑음,교차로 - 교차로부근,승용,남,25세,상해없음,승용,남,37세,경상
2018072500100648,2018년 7월 25일 23시,수요일,광주광역시 북구 일곡동,경상사고,0,0,5,0,차대차 - 측면충돌,교차로운행방법위반,건조,맑음,교차로 - 교차로안,승용,남,54세,상해없음,승용,남,29세,경상
2018072500100649,2018년 7월 25일 23시,수요일,광주광역시 광산구 신창동,경상사고,0,0,1,0,차대차 - 측면충돌,안전운전불이행,건조,맑음,교차로 - 교차로안,이륜,남,28세,경상,승용,남,66세,상해없음
2018072600100026,2018년 7월 26일 01시,목요일,광주광역시 광산구 우산동,중상사고,0,1,1,0,차대차 - 측면충돌,안전운전불이행,건조,맑음,단일로 - 기타,승용,남,33세,상해없음,승용,남,57세,중상
2018072600100060,2018년 7월 26일 04시,목요일,광주광역시 서구 치평동,경상사고,0,0,1,0,차대차 - 측면충돌,신호위반,건조,맑음,교차로 - 교차로안,화물,남,36세,상해없음,승용,여,34세,경상
2018072600100141,2018년 7월 26일 08시,목요일,광주광역시 동구 동명동,중상사고,0,1,0,0,차대사람 - 횡단중,보행자보호의무위반,건조,맑음,단일로 - 기타,승용,여,44세,상해없음,보행자,남,76세,중상
2018072600100142,2018년 7월 26일 08시,목요일,광주광역시 서구 내방동,경상사고,0,0,1,0,차대차 - 기타,안전운전불이행,건조,맑음,단일로 - 기타,승용,남,29세,상해없음,자전거,남,77세,경상
2018072600100212,2018년 7월 26일 10시,목요일,광주광역시 서구 농성동,경상사고,0,0,1,0,차대사람 - 기타,불법유턴,건조,맑음,기타 - 기타,화물,남,28세,상해없음,보행자,남,55세,경상
2018072600100213,2018년 7월 26일 10시,목요일,광주광역시 서구 화정동,경상사고,0,0,1,0,차대차 - 측면충돌,안전운전불이행,건조,맑음,단일로 - 기타,승용,여,33세,상해없음,승합,남,54세,경상
2018072600100330,2018년 7월 26일 14시,목요일,광주광역시 동구 금남로5가,경상사고,0,0,1,0,차대사람 - 횡단중,안전운전불이행,건조,맑음,단일로 - 기타,승용,남,54세,상해없음,보행자,남,54세,경상
2018072600100331,2018년 7월 26일 14시,목요일,광주광역시 서구 쌍촌동,경상사고,0,0,3,0,차대차 - 후진중충돌,안전운전불이행,건조,맑음,교차로 - 교차로부근,승용,남,43세,상해없음,승용,남,43세,경상
2018072600100365,2018년 7월 26일 15시,목요일,광주광역시 북구 용봉동,경상사고,0,0,1,0,차대차 - 측면충돌,안전거리미확보,건조,흐림,단일로 - 기타,화물,남,67세,상해없음,승용,여,36세,경상
2018072600100436,2018년 7월 26일 17시,목요일,광주광역시 서구 화정동,경상사고,0,0,4,0,차대차 - 추돌,안전운전불이행,건조,맑음,교차로 - 교차로안,승용,여,50세,기타불명,승용,여,40세,경상
2018072600100480,2018년 7월 26일 18시,목요일,광주광역시 북구 운암동,중상사고,0,1,0,0,차대사람 - 기타,안전운전불이행,건조,맑음,단일로 - 기타,승용,남,71세,상해없음,보행자,여,8세,중상
2018072600100481,2018년 7월 26일 18시,목요일,광주광역시 북구 운암동,경상사고,0,0,1,0,차대차 - 추돌,안전운전불이행,건조,맑음,교차로 - 교차로부근,승용,남,39세,상해없음,승용,남,29세,경상
2018072600100513,2018년 7월 26일 19시,목요일,광주광역시 서구 광천동,경상사고,0,0,1,0,차대차 - 추돌,안전운전불이행,건조,맑음,교차로 - 교차로안,승용,남,60세,상해없음,승용,남,42세,경상
2018072600100543,2018년 7월 26일 20시,목요일,광주광역시 남구 방림동,중상사고,0,1,1,0,차대차 - 측면충돌,신호위반,건조,맑음,교차로 - 교차로부근,이륜,남,25세,중상,승용,여,50세,경상
2018072600100592,2018년 7월 26일 22시,목요일,광주광역시 북구 신용동,경상사고,0,0,2,0,차대차 - 기타,중앙선침범,건조,맑음,단일로 - 기타,승용,남,58세,경상,원동기,남,49세,경상
2018072600100611,2018년 7월 26일 23시,목요일,광주광역시 서구 내방동,중상사고,0,1,2,0,차대차 - 측면충돌,신호위반,건조,맑음,교차로 - 교차로안,이륜,남,25세,상해없음,승용,여,64세,경상
2018072700100081,2018년 7월 27일 06시,금요일,광주광역시 광산구 도천동,경상사고,0,0,3,0,차대차 - 측면충돌,신호위반,건조,맑음,교차로 - 교차로안,승용,남,26세,상해없음,화물,남,42세,경상
2018072700100106,2018년 7월 27일 07시,금요일,광주광역시 북구 일곡동,경상사고,0,0,2,0,차대차 - 측면충돌,교차로운행방법위반,건조,맑음,교차로 - 교차로안,승용,여,48세,상해없음,화물,남,40세,경상
2018072700100138,2018년 7월 27일 08시,금요일,광주광역시 동구 운림동,경상사고,0,0,1,0,차대사람 - 기타,안전운전불이행,건조,맑음,단일로 - 기타,승용,여,39세,상해없음,보행자,여,29세,경상
2018072700100177,2018년 7월 27일 09시,금요일,광주광역시 서구 풍암동,경상사고,0,0,1,0,차대차 - 추돌,안전운전불이행,건조,맑음,교차로 - 교차로안,승용,남,61세,상해없음,승용,여,45세,경상
2018072700100248,2018년 7월 27일 11시,금요일,광주광역시 서구 쌍촌동,경상사고,0,0,1,0,차대차 - 측면충돌,안전운전불이행,건조,맑음,단일로 - 기타,승용,여,31세,상해없음,승용,여,37세,경상
2018072700100249,2018년 7월 27일 11시,금요일,광주광역시 서구 치평동,경상사고,0,0,1,0,차대차 - 기타,안전운전불이행,건조,맑음,단일로 - 기타,승용,남,56세,상해없음,화물,남,53세,경상
2018072700100250,2018년 7월 27일 11시,금요일,광주광역시 서구 풍암동,경상사고,0,0,1,0,차대차 - 측면충돌,신호위반,건조,맑음,교차로 - 교차로안,승용,남,57세,상해없음,승용,여,40세,경상
2018072700100277,2018년 7월 27일 12시,금요일,광주광역시 북구 용봉동,부상신고사고,0,0,0,1,차대차 - 측면충돌,안전운전불이행,건조,맑음,교차로 - 교차로안,이륜,남,23세,부상신고,승용,남,65세,상해없음
2018072700100278,2018년 7월 27일 12시,금요일,광주광역시 광산구 월계동,부상신고사고,0,0,0,1,차대차 - 추돌,안전거리미확보,건조,맑음,단일로 - 기타,이륜,남,21세,부상신고,승용,남,35세,상해없음
2018072700100314,2018년 7월 27일 13시,금요일,광주광역시 서구 매월동,경상사고,0,0,3,0,차대차 - 측면충돌,안전운전불이행,건조,맑음,교차로 - 교차로안,승용,여,44세,상해없음,승용,남,28세,경상
2018072700100315,2018년 7월 27일 13시,금요일,광주광역시 서구 쌍촌동,경상사고,0,0,1,0,차대차 - 측면충돌,안전운전불이행,건조,맑음,단일로 - 기타,승용,남,20세,상해없음,승용,남,35세,경상
2018072700100316,2018년 7월 27일 13시,금요일,광주광역시 북구 운암동,경상사고,0,0,1,0,차대차 - 측면충돌,중앙선침범,건조,맑음,단일로 - 기타,승용,남,55세,상해없음,이륜,남,35세,경상
2018072700100317,2018년 7월 27일 13시,금요일,광주광역시 북구 양산동,경상사고,0,0,1,0,차대사람 - 기타,안전운전불이행,건조,맑음,단일로 - 기타,승용,남,61세,기타불명,보행자,남,14세,경상
2018072700100356,2018년 7월 27일 14시,금요일,광주광역시 광산구 수완동,경상사고,0,0,1,0,차대차 - 기타,안전운전불이행,건조,맑음,단일로 - 기타,개인형이동수단(PM),남,64세,상해없음,승용,여,37세,경상
2018072700100398,2018년 7월 27일 15시,금요일,광주광역시 남구 송하동,중상사고,0,1,0,0,차대사람 - 횡단중,보행자보호의무위반,건조,맑음,단일로 - 기타,승용,여,51세,상해없음,보행자,여,8세,중상
2018072700100440,2018년 7월 27일 16시,금요일,광주광역시 북구 운암동,경상사고,0,0,2,0,차대차 - 측면충돌,안전운전불이행,건조,맑음,단일로 - 고가도로위,승용,남,63세,상해없음,승용,여,67세,경상
2018072700100484,2018년 7월 27일 17시,금요일,광주광역시 남구 진월동,경상사고,0,0,1,0,차대차 - 측면충돌,차로위반,건조,맑음,교차로 - 교차로부근,승용,남,39세,상해없음,승용,남,55세,경상
2018072700100540,2018년 7월 27일 18시,금요일,광주광역시 서구 양동,경상사고,0,0,1,0,차대사람 - 기타,안전운전불이행,건조,맑음,단일로 - 기타,화물,남,49세,상해없음,보행자,남,63세,경상
2018072700100541,2018년 7월 27일 18시,금요일,광주광역시 광산구 산월동,경상사고,0,0,1,0,차대차 - 측면충돌,안전거리미확보,건조,맑음,단일로 - 기타,승용,남,30세,상해없음,승용,남,28세,경상
2018072700100580,2018년 7월 27일 19시,금요일,광주광역시 북구 중흥동,경상사고,0,0,1,0,차대차 - 측면충돌,안전운전불이행,건조,맑음,교차로 - 교차로안,승용,남,23세,상해없음,자전거,남,38세,경상
2018072700100628,2018년 7월 27일 20시,금요일,광주광역시 동구 계림동,경상사고,0,0,1,0,차대사람 - 기타,안전운전불이행,건조,맑음,교차로 - 교차로안,승용,여,38세,상해없음,보행자,남,61세,경상
2018072700100629,2018년 7월 27일 20시,금요일,광주광역시 동구 계림동,경상사고,0,0,2,0,차대차 - 기타,안전운전불이행,건조,맑음,단일로 - 기타,기타불명,기타불명,미분류,기타불명,승용,남,38세,경상
2018072700100669,2018년 7월 27일 21시,금요일,광주광역시 서구 화정동,경상사고,0,0,1,0,차대차 - 기타,안전운전불이행,건조,맑음,교차로 - 교차로부근,승용,남,51세,상해없음,자전거,남,40세,경상
2018072700100703,2018년 7월 27일 22시,금요일,광주광역시 동구 광산동,경상사고,0,0,1,0,차대사람 - 횡단중,신호위반,건조,맑음,단일로 - 기타,승용,남,64세,상해없음,보행자,여,20세,경상
2018072700100730,2018년 7월 27일 23시,금요일,광주광역시 광산구 신가동,경상사고,0,0,1,0,차대사람 - 보도통행중,안전운전불이행,건조,맑음,단일로 - 기타,승용,남,31세,상해없음,보행자,남,55세,경상
2018072800100019,2018년 7월 28일 00시,토요일,광주광역시 남구 진월동,경상사고,0,0,3,0,차대차 - 측면충돌,안전거리미확보,건조,맑음,단일로 - 기타,승용,남,55세,상해없음,승용,남,75세,경상
2018072800100020,2018년 7월 28일 00시,토요일,광주광역시 북구 일곡동,경상사고,0,0,1,0,차대사람 - 횡단중,안전운전불이행,건조,맑음,교차로 - 교차로안,승용,남,36세,상해없음,보행자,남,46세,경상
2018072800100063,2018년 7월 28일 03시,토요일,광주광역시 북구 문흥동,경상사고,0,0,1,0,차대차 - 측면충돌,안전운전불이행,건조,맑음,교차로 - 교차로안,승용,남,59세,상해없음,승용,남,71세,상해없음
2018072800100120,2018년 7월 28일 07시,토요일,광주광역시 북구 유동,경상사고,0,0,1,0,차대차 - 기타,교차로운행방법위반,건조,맑음,교차로 - 교차로안,승용,남,61세,상해없음,이륜,남,41세,경상
2018072800100138,2018년 7월 28일 08시,토요일,광주광역시 광산구 장덕동,경상사고,0,0,2,0,차대차 - 추돌,안전운전불이행,건조,맑음,교차로 - 교차로부근,승용,남,34세,상해없음,화물,남,32세,경상
2018072800100172,2018년 7월 28일 09시,토요일,광주광역시 북구 운암동,경상사고,0,0,1,0,차대차 - 추돌,안전운전불이행,건조,맑음,교차로 - 교차로부근,승용,남,75세,상해없음,승용,여,64세,경상
2018072800100173,2018년 7월 28일 09시,토요일,광주광역시 광산구 오선동,경상사고,0,0,2,1,차대차 - 측면충돌,직진우회전진행방해,건조,맑음,교차로 - 교차로안,승용,남,42세,부상신고,화물,남,40세,경상
2018072800100239,2018년 7월 28일 11시,토요일,광주광역시 서구 화정동,경상사고,0,0,1,0,차대차 - 측면충돌,교차로운행방법위반,건조,맑음,교차로 - 교차로안,원동기,여,64세,경상,승용,여,51세,상해없음
2018072800100281,2018년 7월 28일 12시,토요일,광주광역시 북구 동림동,경상사고,0,0,1,0,차대차 - 측면충돌,중앙선침범,건조,맑음,단일로 - 기타,승용,남,41세,상해없음,이륜,남,31세,경상
2018072800100314,2018년 7월 28일 13시,토요일,광주광역시 북구 중흥동,경상사고,0,0,2,0,차대차 - 측면충돌,안전운전불이행,건조,맑음,단일로 - 기타,승용,여,66세,상해없음,승용,남,38세,경상
2018072800100315,2018년 7월 28일 13시,토요일,광주광역시 북구 양산동,경상사고,0,0,2,0,차대차 - 추돌,안전거리미확보,건조,맑음,단일로 - 기타,승용,남,72세,상해없음,승용,남,37세,경상
2018072800100353,2018년 7월 28일 14시,토요일,광주광역시 서구 금호동,경상사고,0,0,1,0,차대차 - 측면충돌,안전운전불이행,건조,맑음,단일로 - 기타,승용,남,24세,상해없음,승용,남,37세,경상
2018072800100354,2018년 7월 28일 14시,토요일,광주광역시 서구 풍암동,경상사고,0,0,2,0,차대차 - 측면충돌,직진우회전진행방해,건조,맑음,교차로 - 교차로안,승용,여,26세,상해없음,승용,여,43세,경상