사고번호,사고일시,요일,시군구,사고내용,사망자수,중상자수,경상자수,부상신고자수,사고유형,법규위반,노면상태,기상상태,도로형태,가해운전자 차종,가해운전자 성별,가해운전자 연령,가해운전자 상해정도,피해운전자 차종,피해운전자 성별,피해운전자 연령,피해운전자 상해정도
2018080300100284,2018년 8월 3일 13시,금요일,광주광역시 남구 주월동,경상사고,0,0,1,0,차대차 - 기타,교차로운행방법위반,건조,맑음,교차로 - 교차로안,승용,여,48세,상해없음,이륜,남,53세,경상
2018080300100351,2018년 8월 3일 15시,금요일,광주광역시 동구 산수동,경상사고,0,0,1,0,차대사람 - 횡단중,안전운전불이행,건조,맑음,교차로 - 교차로안,승용,남,34세,상해없음,보행자,여,69세,경상
2018080300100432,2018년 8월 3일 17시,금요일,광주광역시 서구 내방동,경상사고,0,0,2,0,차대차 - 추돌,안전운전불이행,건조,맑음,단일로 - 기타,원동기,남,26세,경상,승용,남,49세,경상
2018080300100433,2018년 8월 3일 17시,금요일,광주광역시 북구 동림동,중상사고,0,1,0,0,차대차 - 측면충돌,직진우회전진행방해,건조,맑음,교차로 - 교차로안,승용,남,55세,상해없음,이륜,남,20세,중상
2018080300100546,2018년 8월 3일 20시,금요일,광주광역시 서구 풍암동,경상사고,0,0,3,0,차대차 - 측면충돌,안전운전불이행,건조,맑음,교차로 - 교차로안,승합,남,68세,경상,승용,여,45세,경상
2018080400100022,2018년 8월 4일 00시,토요일,광주광역시 광산구 도산동,경상사고,0,0,1,0,차대차 - 추돌,안전거리미확보,건조,맑음,단일로 - 기타,승용,남,49세,상해없음,승용,남,57세,상해없음
2018080400100065,2018년 8월 4일 03시,토요일,광주광역시 북구 용봉동,경상사고,0,0,2,0,차대차 - 기타,안전거리미확보,건조,맑음,교차로 - 교차로안,승용,남,67세,상해없음,승용,여,42세,경상
2018080400100082,2018년 8월 4일 04시,토요일,광주광역시 광산구 진곡동,중상사고,0,1,0,0,차대차 - 측면충돌,신호위반,건조,맑음,교차로 - 교차로안,화물,남,62세,상해없음,이륜,남,28세,중상
2018080400100121,2018년 8월 4일 07시,토요일,광주광역시 북구 두암동,경상사고,0,0,3,0,차대차 - 측면충돌,안전거리미확보,건조,맑음,단일로 - 기타,승용,남,32세,경상,이륜,남,58세,경상
2018080400100192,2018년 8월 4일 10시,토요일,광주광역시 광산구 우산동,경상사고,0,0,1,0,차대차 - 측면충돌,안전운전불이행,건조,맑음,교차로 - 교차로안,화물,남,47세,상해없음,이륜,남,31세,경상
2018080400100220,2018년 8월 4일 11시,토요일,광주광역시 광산구 쌍암동,경상사고,0,0,1,0,차대차 - 측면충돌,교차로운행방법위반,건조,맑음,교차로 - 교차로안,승용,남,59세,상해없음,승용,여,44세,경상
2018080400100246,2018년 8월 4일 12시,토요일,광주광역시 북구 신용동,경상사고,0,0,1,0,차대차 - 측면충돌,차로위반,건조,맑음,단일로 - 기타,승용,남,74세,상해없음,승용,남,34세,상해없음
2018080400100247,2018년 8월 4일 12시,토요일,광주광역시 북구 운암동,경상사고,0,0,1,0,차대차 - 기타,교차로운행방법위반,건조,맑음,교차로 - 교차로안,이륜,남,54세,경상,승용,여,48세,상해없음
2018080400100307,2018년 8월 4일 14시,토요일,광주광역시 서구 광천동,경상사고,0,0,1,0,차대차 - 측면충돌,안전거리미확보,건조,맑음,교차로 - 교차로부근,승용,남,68세,기타불명,승용,여,32세,경상
2018080400100427,2018년 8월 4일 18시,토요일,광주광역시 북구 누문동,경상사고,0,0,3,0,차대차 - 측면충돌,안전운전불이행,건조,맑음,단일로 - 기타,승용,남,17세,기타불명,승용,남,37세,경상
2018080400100487,2018년 8월 4일 20시,토요일,광주광역시 남구 월산동,경상사고,0,0,3,0,차대차 - 측면충돌,안전거리미확보,건조,맑음,단일로 - 기타,승용,남,62세,상해없음,승용,남,27세,경상
2018080400100488,2018년 8월 4일 20시,토요일,광주광역시 광산구 선암동,경상사고,0,0,1,0,차대사람 - 차도통행중,안전운전불이행,건조,맑음,단일로 - 기타,개인형이동수단(PM),남,21세,상해없음,보행자,남,18세,경상
2018080400100513,2018년 8월 4일 21시,토요일,광주광역시 서구 벽진동,경상사고,0,0,1,0,차대차 - 추돌,안전운전불이행,건조,맑음,교차로 - 교차로부근,승용,남,31세,상해없음,화물,남,47세,상해없음
2018080500100016,2018년 8월 5일 00시,일요일,광주광역시 광산구 우산동,중상사고,0,1,0,0,차대차 - 측면충돌,안전운전불이행,건조,맑음,교차로 - 교차로안,승용,남,24세,상해없음,이륜,남,53세,중상
2018080500100027,2018년 8월 5일 01시,일요일,광주광역시 서구 치평동,중상사고,0,1,2,0,차대차 - 추돌,안전운전불이행,건조,맑음,교차로 - 교차로부근,승용,남,36세,상해없음,승용,남,53세,중상
2018080500100037,2018년 8월 5일 02시,일요일,광주광역시 광산구 신가동,중상사고,0,2,0,0,차대차 - 정면충돌,중앙선침범,건조,맑음,단일로 - 기타,승용,남,30세,중상,승용,남,62세,중상
2018080500100052,2018년 8월 5일 03시,일요일,광주광역시 광산구 도산동,경상사고,0,0,1,0,차대차 - 추돌,안전운전불이행,건조,맑음,단일로 - 기타,승용,남,24세,경상,승합,남,58세,기타불명
2018080500100219,2018년 8월 5일 13시,일요일,광주광역시 광산구 옥동,경상사고,0,0,3,0,차대차 - 추돌,안전운전불이행,건조,맑음,단일로 - 기타,화물,남,46세,상해없음,승용,남,48세,경상
2018080500100285,2018년 8월 5일 15시,일요일,광주광역시 서구 치평동,경상사고,0,0,1,0,차대차 - 기타,안전운전불이행,건조,맑음,단일로 - 기타,승용,남,55세,상해없음,승용,남,36세,경상
2018080500100287,2018년 8월 5일 15시,일요일,광주광역시 광산구 진곡동,중상사고,0,2,7,0,차대차 - 측면충돌,신호위반,건조,맑음,교차로 - 교차로안,승용,남,40세,경상,승용,여,37세,경상
2018080500100376,2018년 8월 5일 18시,일요일,광주광역시 광산구 운수동,중상사고,0,1,0,0,차대차 - 측면충돌,교차로운행방법위반,건조,맑음,교차로 - 교차로안,승용,남,22세,상해없음,이륜,남,24세,중상
2018080500100377,2018년 8월 5일 18시,일요일,광주광역시 광산구 신창동,중상사고,0,1,0,0,차량단독 - 기타,안전운전불이행,건조,맑음,교차로 - 교차로부근,이륜,남,65세,중상,,,,
2018080500100426,2018년 8월 5일 20시,일요일,광주광역시 북구 운암동,경상사고,0,0,1,0,차대차 - 기타,신호위반,건조,맑음,교차로 - 교차로안,승용,여,40세,상해없음,승용,남,33세,경상
2018080600100090,2018년 8월 6일 08시,월요일,광주광역시 서구 치평동,경상사고,0,0,1,0,차대차 - 측면충돌,안전운전불이행,건조,맑음,단일로 - 기타,승용,여,44세,상해없음,승용,남,57세,경상
2018080600100091,2018년 8월 6일 08시,월요일,광주광역시 서구 쌍촌동,경상사고,0,0,1,0,차대차 - 추돌,안전운전불이행,건조,맑음,교차로 - 교차로부근,승용,남,63세,상해없음,승용,여,38세,경상
2018080600100092,2018년 8월 6일 08시,월요일,광주광역시 북구 일곡동,중상사고,0,1,0,0,차대사람 - 기타,보행자보호의무위반,건조,맑음,단일로 - 기타,승용,남,67세,상해없음,보행자,여,48세,중상
2018080600100130,2018년 8월 6일 09시,월요일,광주광역시 광산구 선암동,경상사고,0,0,1,0,차대차 - 측면충돌,안전거리미확보,건조,맑음,단일로 - 교량,승용,여,33세,상해없음,승용,남,36세,경상
2018080600100199,2018년 8월 6일 11시,월요일,광주광역시 북구 용봉동,경상사고,0,0,2,0,차대차 - 기타,안전운전불이행,건조,맑음,교차로 - 교차로횡단보도내,이륜,남,39세,경상,승용,여,46세,경상
2018080600100200,2018년 8월 6일 11시,월요일,광주광역시 광산구 하남동,경상사고,0,0,1,0,차대차 - 측면충돌,차로위반,건조,맑음,교차로 - 교차로부근,화물,남,24세,상해없음,승용,남,44세,경상
2018080600100265,2018년 8월 6일 13시,월요일,광주광역시 광산구 산월동,경상사고,0,0,1,0,차대차 - 측면충돌,안전운전불이행,건조,맑음,교차로 - 교차로부근,화물,남,36세,상해없음,승용,남,31세,경상
2018080600100285,2018년 8월 6일 14시,월요일,광주광역시 북구 누문동,경상사고,0,0,3,0,차대차 - 측면충돌,안전운전불이행,건조,맑음,단일로 - 기타,승용,남,71세,상해없음,승용,여,25세,경상
2018080600100286,2018년 8월 6일 14시,월요일,광주광역시 북구 운암동,경상사고,0,0,1,0,차대사람 - 기타,안전운전불이행,건조,맑음,단일로 - 기타,승합,남,56세,기타불명,보행자,여,61세,경상
2018080600100287,2018년 8월 6일 14시,월요일,광주광역시 광산구 월계동,경상사고,0,0,1,0,차대차 - 기타,안전거리미확보,건조,맑음,단일로 - 기타,원동기,남,22세,경상,승용,남,64세,상해없음
2018080600100324,2018년 8월 6일 15시,월요일,광주광역시 서구 치평동,중상사고,0,1,0,0,차대사람 - 횡단중,안전운전불이행,건조,맑음,교차로 - 교차로안,승용,남,60세,상해없음,보행자,여,77세,중상
2018080600100463,2018년 8월 6일 18시,월요일,광주광역시 남구 월산동,경상사고,0,0,2,2,차대차 - 기타,안전거리미확보,건조,맑음,교차로 - 교차로부근,승용,여,62세,상해없음,승용,남,32세,경상
2018080600100485,2018년 8월 6일 19시,월요일,광주광역시 동구 금동,경상사고,0,0,1,0,차대차 - 후진중충돌,안전운전불이행,건조,맑음,기타 - 기타,승용,남,72세,상해없음,승용,여,27세,경상
2018080600100486,2018년 8월 6일 19시,월요일,광주광역시 북구 운암동,경상사고,0,0,1,0,차대차 - 측면충돌,안전운전불이행,건조,맑음,교차로 - 교차로안,화물,남,39세,상해없음,승용,남,48세,경상
2018080600100487,2018년 8월 6일 19시,월요일,광주광역시 북구 양산동,경상사고,0,0,2,0,차대차 - 측면충돌,안전거리미확보,건조,맑음,단일로 - 기타,화물,남,39세,상해없음,승용,여,54세,경상
2018080600100488,2018년 8월 6일 19시,월요일,광주광역시 광산구 신가동,중상사고,0,1,1,0,차대차 - 측면충돌,안전거리미확보,건조,맑음,단일로 - 기타,승합,여,47세,경상,이륜,남,17세,중상
2018080600100516,2018년 8월 6일 20시,월요일,광주광역시 남구 진월동,중상사고,0,1,2,0,차대차 - 추돌,안전운전불이행,건조,맑음,단일로 - 기타,승용,남,69세,상해없음,승용,남,41세,경상
2018080600100543,2018년 8월 6일 21시,월요일,광주광역시 서구 동천동,경상사고,0,0,1,0,차대사람 - 차도통행중,안전운전불이행,건조,맑음,단일로 - 기타,승용,남,50세,상해없음,보행자,남,42세,경상
2018080700100011,2018년 8월 7일 00시,화요일,광주광역시 동구 학동,중상사고,0,1,1,0,차대차 - 정면충돌,중앙선침범,건조,흐림,단일로 - 기타,승용,남,31세,상해없음,승용,남,43세,중상
2018080700100012,2018년 8월 7일 00시,화요일,광주광역시 남구 진월동,중상사고,0,1,0,0,차대사람 - 기타,안전운전불이행,건조,맑음,교차로 - 교차로안,승용,남,51세,상해없음,보행자,여,47세,중상
2018080700100020,2018년 8월 7일 01시,화요일,광주광역시 서구 쌍촌동,경상사고,0,0,1,0,차대차 - 기타,신호위반,건조,맑음,교차로 - 교차로안,승용,남,52세,상해없음,승용,남,40세,경상
2018080700100052,2018년 8월 7일 05시,화요일,광주광역시 광산구 운남동,중상사고,0,1,0,0,차대차 - 측면충돌,신호위반,건조,맑음,교차로 - 교차로횡단보도내,승용,남,25세,상해없음,자전거,남,77세,중상
2018080700100078,2018년 8월 7일 07시,화요일,광주광역시 남구 주월동,경상사고,0,0,1,0,차대차 - 측면충돌,신호위반,건조,맑음,교차로 - 교차로안,승용,남,45세,기타불명,승용,여,58세,경상
2018080700100111,2018년 8월 7일 08시,화요일,광주광역시 동구 지산동,중상사고,0,1,0,0,차대사람 - 횡단중,안전운전불이행,건조,맑음,단일로 - 기타,승용,남,59세,상해없음,보행자,여,78세,중상
2018080700100205,2018년 8월 7일 11시,화요일,광주광역시 서구 치평동,경상사고,0,0,1,0,차대사람 - 차도통행중,안전운전불이행,건조,맑음,단일로 - 기타,승용,여,63세,상해없음,보행자,여,27세,경상
2018080700100206,2018년 8월 7일 11시,화요일,광주광역시 북구 두암동,중상사고,0,2,0,0,차대사람 - 기타,보행자보호의무위반,건조,맑음,교차로 - 교차로안,승용,여,44세,상해없음,보행자,여,82세,중상
2018080700100207,2018년 8월 7일 11시,화요일,광주광역시 북구 용봉동,경상사고,0,0,1,0,차량단독 - 공작물충돌,안전운전불이행,건조,맑음,기타 - 기타,승용,남,54세,경상,,,,
2018080700100243,2018년 8월 7일 12시,화요일,광주광역시 서구 쌍촌동,경상사고,0,0,1,0,차대차 - 기타,안전운전불이행,건조,맑음,교차로 - 교차로안,승용,남,61세,상해없음,원동기,남,24세,경상
2018080700100280,2018년 8월 7일 13시,화요일,광주광역시 서구 농성동,중상사고,0,1,0,0,차대차 - 측면충돌,안전거리미확보,건조,맑음,교차로 - 교차로부근,승용,남,56세,상해없음,이륜,남,34세,중상
2018080700100310,2018년 8월 7일 14시,화요일,광주광역시 서구 치평동,경상사고,0,0,2,0,차대차 - 측면충돌,안전운전불이행,건조,맑음,단일로 - 기타,이륜,남,26세,경상,승용,남,27세,경상
2018080700100311,2018년 8월 7일 14시,화요일,광주광역시 북구 중흥동,경상사고,0,0,1,0,차대차 - 측면충돌,기타,건조,맑음,교차로 - 교차로안,이륜,남,19세,경상,승용,남,31세,상해없음
2018080700100342,2018년 8월 7일 15시,화요일,광주광역시 동구 학동,경상사고,0,0,2,0,차대차 - 기타,안전거리미확보,건조,맑음,교차로 - 교차로부근,승용,남,69세,경상,승용,여,65세,경상
2018080700100343,2018년 8월 7일 15시,화요일,광주광역시 북구 신안동,경상사고,0,0,4,0,차대차 - 정면충돌,중앙선침범,건조,맑음,단일로 - 기타,승용,남,61세,경상,승용,남,37세,경상
2018080700100344,2018년 8월 7일 15시,화요일,광주광역시 광산구 장덕동,경상사고,0,0,1,0,차대사람 - 기타,안전운전불이행,건조,맑음,단일로 - 기타,승합,남,62세,상해없음,보행자,여,12세,경상
2018080700100421,2018년 8월 7일 17시,화요일,광주광역시 서구 마륵동,중상사고,0,1,1,0,차대차 - 추돌,안전운전불이행,건조,맑음,교차로 - 교차로부근,승용,남,58세,상해없음,승용,여,62세,경상
2018080700100422,2018년 8월 7일 17시,화요일,광주광역시 북구 용봉동,경상사고,0,0,1,0,차대차 - 기타,교차로운행방법위반,건조,맑음,교차로 - 교차로안,승용,남,21세,상해없음,이륜,남,50세,경상
2018080700100423,2018년 8월 7일 17시,화요일,광주광역시 광산구 운남동,경상사고,0,0,1,0,차대차 - 기타,안전운전불이행,건조,맑음,교차로 - 교차로안,화물,남,79세,상해없음,승용,남,19세,경상
2018080700100468,2018년 8월 7일 18시,화요일,광주광역시 동구 동명동,부상신고사고,0,0,0,1,차대사람 - 기타,안전운전불이행,건조,맑음,단일로 - 기타,기타불명,기타불명,미분류,기타불명,보행자,여,58세,부상신고
2018080700100469,2018년 8월 7일 18시,화요일,광주광역시 북구 각화동,경상사고,0,0,6,0,차대차 - 측면충돌,신호위반,건조,맑음,교차로 - 교차로안,승용,여,47세,상해없음,승용,남,58세,경상
2018080700100470,2018년 8월 7일 18시,화요일,광주광역시 광산구 소촌동,경상사고,0,0,7,0,차대차 - 측면충돌,안전거리미확보,건조,흐림,단일로 - 기타,화물,남,44세,경상,화물,남,61세,경상
2018080700100498,2018년 8월 7일 19시,화요일,광주광역시 광산구 우산동,경상사고,0,0,4,1,차대차 - 기타,차로위반,건조,맑음,단일로 - 기타,승용,남,22세,상해없음,승용,남,23세,경상
2018080700100499,2018년 8월 7일 19시,화요일,광주광역시 광산구 월계동,경상사고,0,0,2,0,차대차 - 측면충돌,안전운전불이행,건조,맑음,교차로 - 교차로부근,화물,남,66세,경상,승용,남,43세,경상
2018080700100527,2018년 8월 7일 20시,화요일,광주광역시 남구 주월동,중상사고,0,1,0,0,차대사람 - 횡단중,안전운전불이행,건조,맑음,단일로 - 기타,승용,여,56세,상해없음,보행자,여,19세,중상
2018080700100575,2018년 8월 7일 22시,화요일,광주광역시 광산구 흑석동,경상사고,0,0,3,0,차대차 - 측면충돌,안전운전불이행,건조,맑음,교차로 - 교차로안,승용,남,58세,상해없음,승용,남,39세,경상
2018080800100122,2018년 8월 8일 08시,수요일,광주광역시 서구 화정동,경상사고,0,0,1,0,차대차 - 측면충돌,차로위반,건조,맑음,교차로 - 교차로부근,승용,남,63세,상해없음,이륜,남,32세,경상
2018080800100152,2018년 8월 8일 09시,수요일,광주광역시 서구 유촌동,경상사고,0,0,1,0,차대차 - 측면충돌,차로위반,건조,맑음,단일로 - 기타,승용,남,61세,상해없음,승용,여,40세,경상
2018080800100210,2018년 8월 8일 11시,수요일,광주광역시 서구 금호동,경상사고,0,0,2,0,차대차 - 측면충돌,안전운전불이행,건조,맑음,교차로 - 교차로안,승용,여,49세,경상,화물,여,63세,경상
2018080800100240,2018년 8월 8일 12시,수요일,광주광역시 동구 금남로4가,경상사고,0,0,1,0,차대차 - 측면충돌,신호위반,건조,맑음,단일로 - 기타,승용,남,75세,상해없음,자전거,남,51세,경상
2018080800100300,2018년 8월 8일 14시,수요일,광주광역시 동구 학동,중상사고,0,1,0,0,차대사람 - 길가장자리구역통행중,안전운전불이행,건조,맑음,단일로 - 기타,승용,여,51세,상해없음,보행자,여,74세,중상
2018080800100301,2018년 8월 8일 14시,수요일,광주광역시 북구 신안동,경상사고,0,0,1,0,차대차 - 측면충돌,교차로운행방법위반,건조,맑음,교차로 - 교차로안,승용,남,23세,상해없음,화물,남,46세,경상
2018080800100302,2018년 8월 8일 14시,수요일,광주광역시 북구 신용동,경상사고,0,0,1,0,차대차 - 측면충돌,안전운전불이행,건조,맑음,단일로 - 기타,자전거,남,11세,경상,승용,남,55세,상해없음
2018080800100364,2018년 8월 8일 16시,수요일,광주광역시 동구 계림동,경상사고,0,0,1,1,차대차 - 기타,안전거리미확보,건조,맑음,단일로 - 기타,승용,여,25세,상해없음,승용,남,45세,부상신고
2018080800100365,2018년 8월 8일 16시,수요일,광주광역시 서구 화정동,경상사고,0,0,2,0,차대차 - 측면충돌,안전거리미확보,건조,맑음,단일로 - 기타,승용,남,25세,상해없음,승용,남,36세,경상
2018080800100406,2018년 8월 8일 17시,수요일,광주광역시 동구 금남로3가,경상사고,0,0,1,0,차대차 - 기타,안전거리미확보,건조,맑음,단일로 - 기타,승용,남,60세,상해없음,이륜,남,26세,경상
2018080800100407,2018년 8월 8일 17시,수요일,광주광역시 광산구 수완동,중상사고,0,1,0,0,차대사람 - 횡단중,안전운전불이행,건조,맑음,단일로 - 기타,승용,남,55세,상해없음,보행자,남,11세,중상
2018080800100445,2018년 8월 8일 18시,수요일,광주광역시 북구 동림동,경상사고,0,0,1,0,차대차 - 측면충돌,안전운전불이행,건조,맑음,교차로 - 교차로안,승용,남,48세,상해없음,이륜,남,32세,경상
2018080800100479,2018년 8월 8일 19시,수요일,광주광역시 북구 용봉동,경상사고,0,0,1,0,차대사람 - 기타,안전운전불이행,건조,맑음,교차로 - 교차로안,승용,남,30세,상해없음,보행자,남,41세,경상
2018080800100506,2018년 8월 8일 20시,수요일,광주광역시 북구 중흥동,경상사고,0,0,1,0,차대사람 - 횡단중,보행자보호의무위반,건조,맑음,교차로 - 교차로부근,승합,남,65세,상해없음,보행자,남,21세,경상
2018080800100507,2018년 8월 8일 20시,수요일,광주광역시 광산구 쌍암동,경상사고,0,0,2,0,차대차 - 측면충돌,안전운전불이행,건조,맑음,단일로 - 기타,승용,여,49세,상해없음,승용,남,30세,경상
2018080800100533,2018년 8월 8일 21시,수요일,광주광역시 광산구 수완동,경상사고,0,0,1,0,차대차 - 추돌,안전운전불이행,건조,맑음,교차로 - 교차로부근,승용,남,29세,상해없음,승용,여,36세,경상
2018080800100552,2018년 8월 8일 22시,수요일,광주광역시 북구 연제동,경상사고,0,0,1,0,차대사람 - 기타,안전운전불이행,건조,맑음,단일로 - 기타,기타불명,기타불명,미분류,기타불명,보행자,남,32세,경상
2018080800100579,2018년 8월 8일 23시,수요일,광주광역시 광산구 월계동,중상사고,0,1,0,0,차대차 - 기타,신호위반,건조,맑음,교차로 - 교차로안,이륜,남,17세,중상,화물,남,38세,상해없음
2018080900100131,2018년 8월 9일 08시,목요일,광주광역시 북구 문흥동,경상사고,0,0,1,0,차대사람 - 기타,안전운전불이행,건조,맑음,단일로 - 기타,승용,여,58세,상해없음,보행자,남,24세,경상
2018080900100162,2018년 8월 9일 09시,목요일,광주광역시 북구 각화동,경상사고,0,0,1,0,차대차 - 측면충돌,신호위반,건조,맑음,교차로 - 교차로안,승용,남,52세,상해없음,승용,여,54세,경상
2018080900100197,2018년 8월 9일 10시,목요일,광주광역시 서구 광천동,경상사고,0,0,1,0,차대차 - 추돌,안전운전불이행,건조,맑음,단일로 - 기타,승용,남,51세,상해없음,승용,여,25세,경상
2018080900100198,2018년 8월 9일 10시,목요일,광주광역시 북구 중흥동,경상사고,0,0,1,0,차대사람 - 횡단중,보행자보호의무위반,건조,맑음,교차로 - 교차로횡단보도내,화물,남,45세,상해없음,보행자,남,82세,경상
2018080900100230,2018년 8월 9일 11시,목요일,광주광역시 동구 장동,경상사고,0,0,2,0,차대차 - 기타,안전거리미확보,건조,맑음,교차로 - 교차로안,승용,남,57세,상해없음,승용,여,48세,경상
2018080900100231,2018년 8월 9일 11시,목요일,광주광역시 북구 양산동,경상사고,0,0,2,0,차대차 - 측면충돌,안전운전불이행,건조,맑음,단일로 - 기타,승용,남,35세,상해없음,승용,여,28세,경상
2018080900100405,2018년 8월 9일 16시,목요일,광주광역시 북구 연제동,경상사고,0,0,1,0,차대사람 - 기타,안전운전불이행,건조,맑음,교차로 - 교차로안,승용,남,60세,상해없음,보행자,여,31세,경상
2018080900100406,2018년 8월 9일 16시,목요일,광주광역시 광산구 신창동,경상사고,0,0,1,0,차대차 - 측면충돌,차로위반,건조,맑음,단일로 - 기타,승용,여,70세,상해없음,승용,여,33세,경상
2018080900100490,2018년 8월 9일 18시,목요일,광주광역시 서구 금호동,경상사고,0,0,4,0,차대차 - 추돌,안전운전불이행,건조,맑음,교차로 - 교차로부근,화물,남,48세,상해없음,승용,남,63세,경상
2018080900100491,2018년 8월 9일 18시,목요일,광주광역시 남구 봉선동,중상사고,0,1,0,0,차대차 - 기타,불법유턴,건조,맑음,교차로 - 교차로부근,승합,여,49세,상해없음,이륜,남,19세,중상
2018080900100492,2018년 8월 9일 18시,목요일,광주광역시 북구 우산동,중상사고,0,1,0,0,차대사람 - 횡단중,안전운전불이행,건조,맑음,단일로 - 기타,화물,남,57세,상해없음,보행자,여,8세,중상
2018080900100493,2018년 8월 9일 18시,목요일,광주광역시 광산구 수완동,중상사고,0,1,1,0,차대차 - 추돌,안전거리미확보,건조,맑음,교차로 - 교차로부근,승용,여,39세,상해없음,승용,남,56세,경상
2018080900100531,2018년 8월 9일 19시,목요일,광주광역시 북구 양산동,경상사고,0,0,1,0,차대차 - 측면충돌,신호위반,건조,맑음,교차로 - 교차로안,승용,남,32세,상해없음,승용,남,43세,경상
2018080900100532,2018년 8월 9일 19시,목요일,광주광역시 광산구 송정동,중상사고,0,1,0,0,차대사람 - 횡단중,보행자보호의무위반,건조,맑음,교차로 - 교차로횡단보도내,승용,남,23세,상해없음,보행자,여,76세,중상
2018080900100555,2018년 8월 9일 20시,목요일,광주광역시 서구 광천동,중상사고,0,1,1,0,차대차 - 측면충돌,교차로운행방법위반,건조,맑음,교차로 - 교차로안,이륜,남,57세,중상,승용,남,31세,경상
2018080900100556,2018년 8월 9일 20시,목요일,광주광역시 북구 중흥동,경상사고,0,0,1,0,차대차 - 측면충돌,안전운전불이행,건조,맑음,교차로 - 교차로부근,승용,여,49세,상해없음,이륜,남,27세,경상
2018080900100599,2018년 8월 9일 22시,목요일,광주광역시 서구 쌍촌동,경상사고,0,0,2,0,차대차 - 기타,중앙선침범,건조,기타,교차로 - 교차로부근,승용,남,54세,상해없음,승용,남,39세,경상
2018080900100630,2018년 8월 9일 23시,목요일,광주광역시 광산구 월계동,경상사고,0,0,3,0,차대차 - 측면충돌,안전운전불이행,건조,맑음,단일로 - 기타,승용,남,32세,상해없음,승용,남,30세,경상
2018081000100040,2018년 8월 10일 03시,금요일,광주광역시 서구 치평동,경상사고,0,0,1,0,차대차 - 측면충돌,차로위반,건조,맑음,교차로 - 교차로부근,승용,남,63세,상해없음,원동기,남,22세,경상
2018081000100183,2018년 8월 10일 10시,금요일,광주광역시 북구 신용동,경상사고,0,0,2,0,차대차 - 후진중충돌,안전운전불이행,건조,맑음,교차로 - 교차로안,승용,남,68세,상해없음,승용,남,43세,경상
2018081000100253,2018년 8월 10일 12시,금요일,광주광역시 북구 양산동,경상사고,0,0,1,0,차대차 - 측면충돌,안전운전불이행,건조,맑음,교차로 - 교차로부근,승용,남,55세,경상,승용,남,46세,기타불명
2018081000100254,2018년 8월 10일 12시,금요일,광주광역시 광산구 장덕동,경상사고,0,0,1,0,차대차 - 기타,교차로운행방법위반,건조,맑음,교차로 - 교차로안,승용,남,54세,상해없음,승용,남,30세,상해없음
2018081000100255,2018년 8월 10일 12시,금요일,광주광역시 광산구 도천동,경상사고,0,0,3,0,차대차 - 측면충돌,안전운전불이행,건조,맑음,교차로 - 교차로부근,승용,남,24세,상해없음,승용,남,46세,경상
2018081000100290,2018년 8월 10일 13시,금요일,광주광역시 서구 금호동,경상사고,0,0,1,0,차대사람 - 차도통행중,안전운전불이행,건조,맑음,교차로 - 교차로안,승용,남,64세,상해없음,보행자,남,43세,경상
2018081000100330,2018년 8월 10일 14시,금요일,광주광역시 북구 운암동,경상사고,0,0,1,0,차대사람 - 횡단중,중앙선침범,건조,맑음,단일로 - 기타,승용,여,37세,상해없음,보행자,여,18세,경상
2018081000100406,2018년 8월 10일 16시,금요일,광주광역시 동구 금남로4가,경상사고,0,0,1,0,차대차 - 측면충돌,안전운전불이행,건조,맑음,단일로 - 기타,승용,남,35세,상해없음,승용,남,20세,경상
2018081000100407,2018년 8월 10일 16시,금요일,광주광역시 서구 유촌동,경상사고,0,0,3,0,차대차 - 측면충돌,안전운전불이행,건조,맑음,교차로 - 교차로안,승용,여,36세,경상,화물,남,34세,경상
2018081000100408,2018년 8월 10일 16시,금요일,광주광역시 서구 쌍촌동,경상사고,0,0,1,0,차대차 - 측면충돌,안전거리미확보,건조,맑음,단일로 - 기타,승용,남,48세,상해없음,승용,남,44세,경상
2018081000100409,2018년 8월 10일 16시,금요일,광주광역시 남구 송하동,경상사고,0,0,2,0,차대차 - 추돌,안전운전불이행,건조,맑음,단일로 - 기타,승용,남,50세,상해없음,승용,여,61세,경상
2018081000100454,2018년 8월 10일 17시,금요일,광주광역시 북구 우산동,경상사고,0,0,2,0,차대차 - 측면충돌,신호위반,건조,맑음,교차로 - 교차로안,승합,남,56세,상해없음,승용,남,73세,경상
2018081000100455,2018년 8월 10일 17시,금요일,광주광역시 북구 중흥동,경상사고,0,0,1,0,차대차 - 측면충돌,안전운전불이행,건조,맑음,단일로 - 기타,승용,남,13세,상해없음,승용,남,26세,경상
2018081000100456,2018년 8월 10일 17시,금요일,광주광역시 북구 동림동,경상사고,0,0,5,0,차대차 - 추돌,안전운전불이행,건조,맑음,단일로 - 기타,승용,여,56세,경상,승용,남,52세,경상
2018081000100457,2018년 8월 10일 17시,금요일,광주광역시 광산구 신가동,경상사고,0,0,1,0,차대차 - 기타,신호위반,건조,맑음,교차로 - 교차로안,화물,남,42세,상해없음,자전거,여,69세,경상
2018081000100458,2018년 8월 10일 17시,금요일,광주광역시 광산구 쌍암동,경상사고,0,0,2,0,차대차 - 추돌,안전운전불이행,건조,맑음,단일로 - 기타,승용,남,50세,상해없음,승용,남,66세,경상
2018081000100503,2018년 8월 10일 18시,금요일,광주광역시 서구 마륵동,경상사고,0,0,1,0,차대차 - 측면충돌,안전거리미확보,젖음/습기,비,교차로 - 교차로부근,승용,남,57세,상해없음,승용,여,32세,경상