사고번호,사고일시,요일,시군구,사고내용,사망자수,중상자수,경상자수,부상신고자수,사고유형,법규위반,노면상태,기상상태,도로형태,가해운전자 차종,가해운전자 성별,가해운전자 연령,가해운전자 상해정도,피해운전자 차종,피해운전자 성별,피해운전자 연령,피해운전자 상해정도
2018082200100426,2018년 8월 22일 16시,수요일,광주광역시 광산구 소촌동,경상사고,0,0,1,0,차대차 - 기타,교차로운행방법위반,건조,맑음,교차로 - 교차로안,승용,여,39세,상해없음,승용,남,21세,경상
2018082200100469,2018년 8월 22일 17시,수요일,광주광역시 서구 치평동,경상사고,0,0,2,0,차대차 - 측면충돌,직진우회전진행방해,건조,맑음,교차로 - 교차로안,승용,남,55세,경상,승용,남,62세,경상
2018082200100470,2018년 8월 22일 17시,수요일,광주광역시 남구 봉선동,중상사고,0,1,0,0,차대사람 - 횡단중,보행자보호의무위반,건조,맑음,교차로 - 교차로횡단보도내,승용,여,21세,상해없음,보행자,남,27세,중상
2018082200100471,2018년 8월 22일 17시,수요일,광주광역시 광산구 월계동,경상사고,0,0,1,0,차대차 - 측면충돌,중앙선침범,건조,맑음,교차로 - 교차로부근,승용,여,59세,상해없음,이륜,남,33세,경상
2018082200100511,2018년 8월 22일 18시,수요일,광주광역시 서구 화정동,경상사고,0,0,1,0,차대사람 - 기타,안전운전불이행,건조,맑음,단일로 - 기타,승용,여,53세,상해없음,보행자,여,17세,경상
2018082200100512,2018년 8월 22일 18시,수요일,광주광역시 광산구 신촌동,중상사고,0,1,2,1,차대차 - 기타,안전거리미확보,건조,맑음,단일로 - 기타,승용,여,46세,부상신고,승용,남,41세,상해없음
2018082200100560,2018년 8월 22일 19시,수요일,광주광역시 남구 월산동,경상사고,0,0,1,0,차대차 - 측면충돌,안전거리미확보,건조,맑음,단일로 - 기타,승용,여,50세,상해없음,승용,여,46세,경상
2018082200100561,2018년 8월 22일 19시,수요일,광주광역시 광산구 장덕동,경상사고,0,0,1,0,차대차 - 추돌,안전거리미확보,건조,맑음,교차로 - 교차로안,승용,여,40세,상해없음,승용,여,61세,경상
2018082200100589,2018년 8월 22일 20시,수요일,광주광역시 북구 운암동,경상사고,0,0,1,0,차대차 - 기타,안전운전불이행,건조,흐림,단일로 - 기타,이륜,남,33세,경상,승용,남,68세,상해없음
2018082200100590,2018년 8월 22일 20시,수요일,광주광역시 광산구 월곡동,경상사고,0,0,1,0,차대사람 - 횡단중,안전운전불이행,건조,맑음,교차로 - 교차로횡단보도내,승용,남,46세,상해없음,보행자,남,16세,경상
2018082200100612,2018년 8월 22일 21시,수요일,광주광역시 서구 풍암동,경상사고,0,0,1,0,차대차 - 측면충돌,안전운전불이행,건조,흐림,단일로 - 기타,승용,남,30세,상해없음,승용,여,58세,경상
2018082200100613,2018년 8월 22일 21시,수요일,광주광역시 북구 운암동,경상사고,0,0,1,0,차대차 - 추돌,안전운전불이행,건조,맑음,단일로 - 기타,승용,남,33세,상해없음,승합,여,58세,경상
2018082300100021,2018년 8월 23일 00시,목요일,광주광역시 북구 연제동,경상사고,0,0,1,0,차대차 - 측면충돌,신호위반,건조,맑음,교차로 - 교차로안,승용,남,31세,상해없음,승용,남,62세,경상
2018082300100022,2018년 8월 23일 00시,목요일,광주광역시 광산구 수완동,경상사고,0,0,1,0,차대사람 - 횡단중,안전운전불이행,건조,맑음,교차로 - 교차로횡단보도내,승용,남,43세,상해없음,보행자,여,22세,경상
2018082300100044,2018년 8월 23일 04시,목요일,광주광역시 북구 운암동,경상사고,0,0,2,0,차대차 - 측면충돌,교차로운행방법위반,건조,맑음,교차로 - 교차로안,승용,남,65세,경상,화물,남,30세,경상
2018082300100062,2018년 8월 23일 06시,목요일,광주광역시 광산구 선암동,중상사고,0,1,0,0,차대차 - 추돌,안전운전불이행,건조,맑음,단일로 - 기타,승용,남,37세,상해없음,승용,여,39세,중상
2018082300100134,2018년 8월 23일 09시,목요일,광주광역시 북구 중흥동,중상사고,0,1,0,0,차대차 - 측면충돌,중앙선침범,젖음/습기,비,단일로 - 기타,승용,여,27세,상해없음,이륜,남,25세,중상
2018082300100179,2018년 8월 23일 11시,목요일,광주광역시 동구 학동,경상사고,0,0,1,0,차대차 - 기타,안전운전불이행,건조,맑음,교차로 - 교차로안,화물,남,76세,상해없음,이륜,남,22세,경상
2018082300100180,2018년 8월 23일 11시,목요일,광주광역시 광산구 우산동,경상사고,0,0,1,0,차대차 - 추돌,안전운전불이행,젖음/습기,비,단일로 - 기타,승용,남,43세,상해없음,승용,여,49세,경상
2018082300100259,2018년 8월 23일 15시,목요일,광주광역시 남구 지석동,경상사고,0,0,1,0,차대차 - 기타,안전운전불이행,젖음/습기,비,교차로 - 교차로안,승용,여,68세,상해없음,이륜,남,19세,경상
2018082300100260,2018년 8월 23일 15시,목요일,광주광역시 광산구 송정동,사망사고,1,0,0,0,차대사람 - 횡단중,안전운전불이행,젖음/습기,비,교차로 - 교차로부근,화물,남,38세,상해없음,보행자,여,75세,사망
2018082300100286,2018년 8월 23일 16시,목요일,광주광역시 남구 주월동,경상사고,0,0,1,0,차대차 - 측면충돌,직진우회전진행방해,젖음/습기,비,교차로 - 교차로안,승용,남,27세,상해없음,승용,여,51세,경상
2018082300100287,2018년 8월 23일 16시,목요일,광주광역시 광산구 장덕동,중상사고,0,1,0,0,차대차 - 측면충돌,교차로운행방법위반,건조,맑음,교차로 - 교차로안,승합,남,65세,상해없음,이륜,남,28세,중상
2018082300100319,2018년 8월 23일 17시,목요일,광주광역시 서구 화정동,경상사고,0,0,1,0,차대차 - 추돌,안전운전불이행,젖음/습기,비,교차로 - 교차로부근,승용,남,50세,상해없음,승용,여,40세,경상
2018082300100320,2018년 8월 23일 17시,목요일,광주광역시 북구 운암동,경상사고,0,0,1,0,차대차 - 기타,신호위반,젖음/습기,비,교차로 - 교차로안,화물,남,45세,상해없음,이륜,남,35세,경상
2018082300100359,2018년 8월 23일 18시,목요일,광주광역시 북구 신안동,경상사고,0,0,1,0,차대사람 - 보도통행중,중앙선침범,젖음/습기,비,단일로 - 기타,화물,남,63세,상해없음,보행자,남,64세,경상
2018082300100360,2018년 8월 23일 18시,목요일,광주광역시 북구 신안동,경상사고,0,0,1,0,차대차 - 추돌,안전운전불이행,젖음/습기,비,단일로 - 기타,승용,남,63세,상해없음,승용,여,64세,경상
2018082300100361,2018년 8월 23일 18시,목요일,광주광역시 북구 용두동,경상사고,0,0,1,0,차대차 - 기타,차로위반,젖음/습기,비,단일로 - 기타,화물,남,44세,상해없음,승용,남,30세,경상
2018082300100362,2018년 8월 23일 18시,목요일,광주광역시 광산구 소촌동,경상사고,0,0,1,0,차대사람 - 횡단중,신호위반,건조,맑음,교차로 - 교차로횡단보도내,승용,남,35세,상해없음,보행자,여,26세,경상
2018082300100405,2018년 8월 23일 19시,목요일,광주광역시 광산구 우산동,경상사고,0,0,1,0,차대차 - 정면충돌,중앙선침범,젖음/습기,비,교차로 - 교차로부근,승용,여,44세,상해없음,승용,남,49세,경상
2018082300100474,2018년 8월 23일 21시,목요일,광주광역시 광산구 수완동,경상사고,0,0,1,0,차대사람 - 횡단중,보행자보호의무위반,젖음/습기,비,교차로 - 교차로횡단보도내,승용,여,45세,상해없음,보행자,여,30세,경상
2018082300100529,2018년 8월 23일 23시,목요일,광주광역시 서구 쌍촌동,중상사고,0,1,0,0,차대사람 - 차도통행중,안전운전불이행,젖음/습기,비,단일로 - 기타,승용,여,40세,상해없음,보행자,남,19세,중상
2018082300100530,2018년 8월 23일 23시,목요일,광주광역시 북구 두암동,중상사고,0,1,0,0,차대사람 - 횡단중,안전운전불이행,젖음/습기,비,단일로 - 기타,승용,남,67세,상해없음,보행자,남,41세,중상
2018082300100531,2018년 8월 23일 23시,목요일,광주광역시 광산구 신가동,경상사고,0,0,1,0,차대차 - 측면충돌,신호위반,젖음/습기,비,교차로 - 교차로안,승용,남,45세,상해없음,승용,남,51세,경상
2018082400100027,2018년 8월 24일 01시,금요일,광주광역시 광산구 수완동,경상사고,0,0,1,0,차대차 - 기타,교차로운행방법위반,젖음/습기,비,교차로 - 교차로부근,승용,남,31세,상해없음,승용,남,39세,경상
2018082400100106,2018년 8월 24일 08시,금요일,광주광역시 북구 매곡동,경상사고,0,0,1,0,차대차 - 후진중충돌,안전운전불이행,건조,맑음,단일로 - 기타,승용,여,30세,상해없음,승용,남,50세,경상
2018082400100201,2018년 8월 24일 11시,금요일,광주광역시 서구 치평동,경상사고,0,0,2,0,차대차 - 측면충돌,교차로운행방법위반,건조,맑음,교차로 - 교차로안,화물,남,45세,경상,승용,남,52세,경상
2018082400100202,2018년 8월 24일 11시,금요일,광주광역시 북구 우산동,중상사고,0,1,0,0,차대차 - 기타,안전운전불이행,젖음/습기,비,단일로 - 기타,자전거,남,90세 이상,중상,승용,여,35세,상해없음
2018082400100229,2018년 8월 24일 12시,금요일,광주광역시 동구 지산동,경상사고,0,0,2,0,차대차 - 기타,안전운전불이행,건조,맑음,교차로 - 교차로안,승용,남,55세,경상,승용,여,47세,경상
2018082400100298,2018년 8월 24일 14시,금요일,광주광역시 북구 용봉동,경상사고,0,0,2,0,차대차 - 기타,직진우회전진행방해,건조,맑음,교차로 - 교차로안,승용,남,58세,경상,승용,남,65세,경상
2018082400100390,2018년 8월 24일 17시,금요일,광주광역시 서구 서창동,경상사고,0,0,4,0,차대차 - 추돌,안전거리미확보,건조,맑음,단일로 - 기타,승용,여,47세,상해없음,화물,남,32세,경상
2018082400100391,2018년 8월 24일 17시,금요일,광주광역시 북구 신용동,경상사고,0,0,3,0,차대차 - 측면충돌,안전운전불이행,건조,맑음,단일로 - 기타,승용,남,32세,상해없음,승용,남,30세,경상
2018082400100392,2018년 8월 24일 17시,금요일,광주광역시 북구 용봉동,경상사고,0,0,1,0,차대차 - 측면충돌,안전운전불이행,건조,맑음,단일로 - 기타,승용,여,36세,상해없음,화물,남,47세,상해없음
2018082400100393,2018년 8월 24일 17시,금요일,광주광역시 북구 오룡동,경상사고,0,0,1,0,차대차 - 측면충돌,안전운전불이행,건조,맑음,단일로 - 기타,화물,남,58세,상해없음,승용,여,63세,경상
2018082400100439,2018년 8월 24일 18시,금요일,광주광역시 남구 방림동,경상사고,0,0,2,0,차대차 - 측면충돌,안전운전불이행,건조,맑음,단일로 - 기타,승용,여,45세,상해없음,승용,여,54세,경상
2018082400100477,2018년 8월 24일 19시,금요일,광주광역시 남구 임암동,경상사고,0,0,2,0,차대차 - 추돌,안전운전불이행,건조,맑음,단일로 - 기타,화물,남,57세,기타불명,승용,여,45세,경상
2018082400100510,2018년 8월 24일 20시,금요일,광주광역시 북구 운암동,중상사고,0,1,0,0,차대차 - 기타,안전거리미확보,건조,맑음,단일로 - 기타,승용,남,68세,기타불명,이륜,남,54세,중상
2018082400100511,2018년 8월 24일 20시,금요일,광주광역시 광산구 흑석동,경상사고,0,0,1,0,차대차 - 측면충돌,안전운전불이행,건조,맑음,단일로 - 기타,승용,남,32세,상해없음,승용,여,40세,경상
2018082400100574,2018년 8월 24일 22시,금요일,광주광역시 서구 쌍촌동,경상사고,0,0,1,0,차대차 - 측면충돌,차로위반,건조,맑음,단일로 - 기타,승합,남,52세,상해없음,승용,남,52세,상해없음
2018082400100575,2018년 8월 24일 22시,금요일,광주광역시 남구 주월동,부상신고사고,0,0,0,1,차량단독 - 기타,기타,젖음/습기,맑음,단일로 - 기타,승합,남,51세,상해없음,,,,
2018082400100576,2018년 8월 24일 22시,금요일,광주광역시 광산구 오선동,경상사고,0,0,2,0,차대차 - 측면충돌,신호위반,건조,맑음,교차로 - 교차로안,승용,남,30세,상해없음,승용,여,37세,경상
2018082400100603,2018년 8월 24일 23시,금요일,광주광역시 북구 신용동,경상사고,0,0,1,0,차대차 - 측면충돌,안전거리미확보,건조,맑음,단일로 - 기타,승용,남,24세,상해없음,승용,여,28세,경상
2018082500100147,2018년 8월 25일 08시,토요일,광주광역시 서구 쌍촌동,경상사고,0,0,1,0,차대사람 - 기타,안전운전불이행,건조,맑음,교차로 - 교차로부근,승용,남,78세,상해없음,보행자,여,22세,경상
2018082500100167,2018년 8월 25일 09시,토요일,광주광역시 남구 임암동,중상사고,0,1,0,0,차량단독 - 공작물충돌,안전운전불이행,건조,맑음,교차로 - 교차로부근,승용,남,30세,중상,,,,
2018082500100168,2018년 8월 25일 09시,토요일,광주광역시 북구 우산동,경상사고,0,0,1,0,차대사람 - 기타,안전운전불이행,건조,맑음,단일로 - 기타,승용,여,45세,기타불명,보행자,남,66세,경상
2018082500100196,2018년 8월 25일 10시,토요일,광주광역시 서구 내방동,경상사고,0,0,1,1,차대차 - 추돌,안전거리미확보,건조,맑음,교차로 - 교차로부근,화물,남,52세,상해없음,승용,남,30세,경상
2018082500100197,2018년 8월 25일 10시,토요일,광주광역시 북구 동림동,중상사고,0,1,0,0,차대차 - 기타,신호위반,건조,맑음,교차로 - 교차로안,승용,남,59세,상해없음,이륜,남,53세,중상
2018082500100239,2018년 8월 25일 11시,토요일,광주광역시 남구 월산동,경상사고,0,0,2,0,차대차 - 측면충돌,교차로운행방법위반,건조,맑음,교차로 - 교차로안,승용,남,48세,상해없음,승용,여,67세,경상
2018082500100272,2018년 8월 25일 12시,토요일,광주광역시 북구 두암동,경상사고,0,0,1,0,차량단독 - 기타,안전운전불이행,건조,맑음,단일로 - 기타,승합,남,55세,상해없음,,,,
2018082500100311,2018년 8월 25일 13시,토요일,광주광역시 동구 산수동,경상사고,0,0,1,0,차대차 - 후진중충돌,안전운전불이행,건조,맑음,교차로 - 교차로안,승용,여,48세,상해없음,승용,남,39세,경상
2018082500100312,2018년 8월 25일 13시,토요일,광주광역시 광산구 신가동,경상사고,0,0,1,0,차대차 - 측면충돌,차로위반,건조,맑음,단일로 - 기타,승용,남,53세,상해없음,승용,남,48세,경상
2018082500100313,2018년 8월 25일 13시,토요일,광주광역시 광산구 소촌동,경상사고,0,0,1,0,차대차 - 추돌,안전거리미확보,건조,맑음,단일로 - 기타,승용,남,62세,상해없음,승용,여,24세,경상
2018082500100343,2018년 8월 25일 14시,토요일,광주광역시 서구 마륵동,경상사고,0,0,3,0,차대차 - 측면충돌,안전거리미확보,건조,맑음,단일로 - 기타,승용,여,70세,경상,승용,남,32세,경상
2018082500100344,2018년 8월 25일 14시,토요일,광주광역시 서구 화정동,경상사고,0,0,1,0,차대차 - 측면충돌,안전운전불이행,건조,맑음,단일로 - 기타,승용,여,45세,경상,승용,남,64세,상해없음
2018082500100345,2018년 8월 25일 14시,토요일,광주광역시 서구 화정동,경상사고,0,0,4,0,차대차 - 추돌,안전운전불이행,건조,흐림,단일로 - 기타,승용,여,27세,상해없음,승용,여,57세,경상
2018082500100389,2018년 8월 25일 15시,토요일,광주광역시 서구 쌍촌동,경상사고,0,0,1,0,차대차 - 측면충돌,직진우회전진행방해,젖음/습기,비,교차로 - 교차로부근,승용,남,41세,상해없음,이륜,남,41세,경상
2018082500100390,2018년 8월 25일 15시,토요일,광주광역시 서구 농성동,중상사고,0,1,0,0,차대사람 - 횡단중,안전운전불이행,건조,맑음,교차로 - 교차로부근,승용,남,30세,상해없음,보행자,남,65세,중상
2018082500100391,2018년 8월 25일 15시,토요일,광주광역시 북구 중흥동,중상사고,0,1,0,0,차대차 - 측면충돌,차로위반,건조,맑음,단일로 - 기타,화물,남,62세,상해없음,이륜,남,44세,중상
2018082500100411,2018년 8월 25일 16시,토요일,광주광역시 서구 화정동,경상사고,0,0,3,0,차대차 - 측면충돌,안전거리미확보,젖음/습기,비,단일로 - 기타,승용,여,42세,경상,승용,여,54세,경상
2018082500100412,2018년 8월 25일 16시,토요일,광주광역시 북구 두암동,경상사고,0,0,1,0,차대차 - 측면충돌,교차로운행방법위반,건조,맑음,교차로 - 교차로안,승용,남,39세,상해없음,승용,여,33세,경상
2018082500100443,2018년 8월 25일 17시,토요일,광주광역시 남구 진월동,중상사고,0,2,0,0,차대차 - 추돌,안전거리미확보,건조,맑음,단일로 - 기타,승용,남,26세,상해없음,승용,남,27세,중상
2018082500100555,2018년 8월 25일 21시,토요일,광주광역시 서구 매월동,경상사고,0,0,3,0,차대차 - 측면충돌,안전운전불이행,건조,맑음,교차로 - 교차로부근,승용,남,62세,상해없음,승용,남,41세,경상
2018082500100556,2018년 8월 25일 21시,토요일,광주광역시 북구 문흥동,부상신고사고,0,0,0,1,차대사람 - 기타,안전운전불이행,건조,흐림,기타 - 기타,기타불명,기타불명,미분류,기타불명,보행자,남,16세,부상신고
2018082500100573,2018년 8월 25일 22시,토요일,광주광역시 북구 신안동,경상사고,0,0,2,0,차대차 - 기타,안전운전불이행,건조,맑음,단일로 - 기타,승용,남,27세,상해없음,승합,남,61세,경상
2018082500100597,2018년 8월 25일 23시,토요일,광주광역시 북구 연제동,경상사고,0,0,1,0,차대사람 - 횡단중,안전운전불이행,젖음/습기,비,교차로 - 교차로횡단보도내,승용,여,36세,상해없음,보행자,남,49세,경상
2018082500100598,2018년 8월 25일 23시,토요일,광주광역시 북구 운암동,경상사고,0,0,1,0,차대차 - 기타,안전운전불이행,건조,맑음,교차로 - 교차로안,승용,남,55세,경상,승용,남,30세,상해없음
2018082600100021,2018년 8월 26일 00시,일요일,광주광역시 동구 대인동,경상사고,0,0,1,0,차대사람 - 기타,안전운전불이행,건조,맑음,단일로 - 기타,승용,남,50세,상해없음,보행자,남,51세,경상
2018082600100022,2018년 8월 26일 00시,일요일,광주광역시 서구 치평동,경상사고,0,0,1,0,차대차 - 추돌,안전운전불이행,젖음/습기,비,교차로 - 교차로안,승용,남,28세,상해없음,승용,남,27세,경상
2018082600100048,2018년 8월 26일 01시,일요일,광주광역시 서구 쌍촌동,경상사고,0,0,1,0,차대차 - 측면충돌,안전운전불이행,젖음/습기,비,단일로 - 기타,승용,남,40세,상해없음,승용,남,37세,경상
2018082600100049,2018년 8월 26일 01시,일요일,광주광역시 서구 농성동,경상사고,0,0,1,0,차대차 - 측면충돌,안전거리미확보,젖음/습기,맑음,단일로 - 기타,승용,남,42세,상해없음,승용,남,37세,경상
2018082600100050,2018년 8월 26일 01시,일요일,광주광역시 북구 두암동,경상사고,0,0,2,0,차대차 - 측면충돌,안전운전불이행,젖음/습기,비,교차로 - 교차로안,승용,남,45세,상해없음,승용,남,55세,경상
2018082600100066,2018년 8월 26일 02시,일요일,광주광역시 서구 치평동,경상사고,0,0,2,0,차대차 - 측면충돌,안전운전불이행,젖음/습기,비,단일로 - 기타,승용,남,19세,상해없음,승용,여,26세,상해없음
2018082600100088,2018년 8월 26일 04시,일요일,광주광역시 북구 문흥동,중상사고,0,1,0,0,차량단독 - 기타,안전운전불이행,젖음/습기,비,단일로 - 기타,승용,남,34세,상해없음,,,,
2018082600100095,2018년 8월 26일 04시,일요일,광주광역시 서구 유촌동,경상사고,0,0,1,0,차대차 - 측면충돌,안전운전불이행,젖음/습기,비,단일로 - 기타,승용,남,31세,상해없음,승용,남,31세,경상
2018082600100105,2018년 8월 26일 05시,일요일,광주광역시 서구 치평동,중상사고,0,1,0,0,차량단독 - 전도전복 - 전도,안전운전불이행,젖음/습기,비,단일로 - 기타,승용,남,42세,상해없음,미분류,미분류,미분류,미분류
2018082600100241,2018년 8월 26일 13시,일요일,광주광역시 북구 두암동,경상사고,0,0,1,0,차대사람 - 기타,안전운전불이행,젖음/습기,비,단일로 - 기타,승합,남,46세,상해없음,보행자,남,51세,경상
2018082600100304,2018년 8월 26일 15시,일요일,광주광역시 서구 금호동,경상사고,0,0,1,0,차대차 - 기타,안전운전불이행,젖음/습기,비,단일로 - 기타,승용,남,64세,상해없음,승용,여,39세,경상
2018082600100305,2018년 8월 26일 15시,일요일,광주광역시 북구 유동,경상사고,0,0,3,0,차대차 - 측면충돌,안전운전불이행,젖음/습기,비,교차로 - 교차로안,승용,여,37세,경상,승용,남,53세,경상
2018082600100325,2018년 8월 26일 16시,일요일,광주광역시 서구 쌍촌동,경상사고,0,0,1,0,차량단독 - 기타,기타,건조,맑음,단일로 - 기타,승합,남,61세,상해없음,,,,
2018082600100387,2018년 8월 26일 18시,일요일,광주광역시 서구 동천동,경상사고,0,0,1,0,차대차 - 측면충돌,안전운전불이행,젖음/습기,비,교차로 - 교차로부근,승용,여,42세,상해없음,승용,남,33세,경상
2018082600100388,2018년 8월 26일 18시,일요일,광주광역시 북구 임동,경상사고,0,0,3,0,차대차 - 측면충돌,차로위반,젖음/습기,비,단일로 - 기타,승용,남,72세,기타불명,승용,남,55세,경상
2018082600100440,2018년 8월 26일 20시,일요일,광주광역시 북구 오치동,중상사고,0,1,0,0,차대사람 - 횡단중,안전운전불이행,젖음/습기,비,단일로 - 기타,승용,남,67세,상해없음,보행자,여,77세,중상
2018082600100509,2018년 8월 26일 23시,일요일,광주광역시 북구 우산동,경상사고,0,0,1,0,차대차 - 기타,안전거리미확보,젖음/습기,흐림,교차로 - 교차로부근,승용,남,49세,상해없음,승용,남,48세,상해없음
2018082700100016,2018년 8월 27일 00시,월요일,광주광역시 서구 치평동,경상사고,0,0,2,0,차대차 - 추돌,안전거리미확보,건조,맑음,교차로 - 교차로부근,승용,남,58세,상해없음,승용,남,26세,경상
2018082700100039,2018년 8월 27일 03시,월요일,광주광역시 남구 구동,경상사고,0,0,1,0,차대차 - 측면충돌,신호위반,젖음/습기,비,교차로 - 교차로안,승용,남,18세,상해없음,승용,남,58세,경상
2018082700100080,2018년 8월 27일 06시,월요일,광주광역시 북구 운암동,경상사고,0,0,1,0,차대차 - 측면충돌,교차로운행방법위반,건조,맑음,교차로 - 교차로안,화물,남,64세,상해없음,승합,남,46세,경상
2018082700100108,2018년 8월 27일 07시,월요일,광주광역시 광산구 우산동,경상사고,0,0,1,0,차대차 - 추돌,안전거리미확보,젖음/습기,비,교차로 - 교차로횡단보도내,승용,남,49세,상해없음,승용,남,58세,경상
2018082700100160,2018년 8월 27일 08시,월요일,광주광역시 서구 유촌동,경상사고,0,0,2,0,차대차 - 측면충돌,안전운전불이행,젖음/습기,비,교차로 - 교차로부근,승용,남,70세,상해없음,승용,여,63세,경상
2018082700100243,2018년 8월 27일 10시,월요일,광주광역시 북구 망월동,경상사고,0,0,2,0,차대차 - 측면충돌,안전운전불이행,젖음/습기,비,교차로 - 교차로안,승용,남,57세,상해없음,화물,남,57세,경상
2018082700100305,2018년 8월 27일 12시,월요일,광주광역시 북구 용봉동,경상사고,0,0,2,0,차대차 - 측면충돌,신호위반,젖음/습기,비,교차로 - 교차로안,화물,남,36세,상해없음,승용,남,42세,경상
2018082700100330,2018년 8월 27일 13시,월요일,광주광역시 광산구 월계동,경상사고,0,0,1,0,차대차 - 측면충돌,차로위반,젖음/습기,비,단일로 - 기타,승용,남,69세,상해없음,원동기,남,31세,경상
2018082700100356,2018년 8월 27일 14시,월요일,광주광역시 광산구 신가동,경상사고,0,0,1,0,차대차 - 측면충돌,교차로운행방법위반,젖음/습기,비,교차로 - 교차로횡단보도내,승용,여,39세,상해없음,이륜,남,37세,경상
2018082700100428,2018년 8월 27일 16시,월요일,광주광역시 서구 화정동,경상사고,0,0,3,0,차대차 - 정면충돌,안전운전불이행,젖음/습기,비,교차로 - 교차로안,화물,남,32세,상해없음,승용,남,66세,경상
2018082700100463,2018년 8월 27일 17시,월요일,광주광역시 서구 유촌동,경상사고,0,0,3,0,차대차 - 추돌,안전운전불이행,건조,맑음,교차로 - 교차로부근,승용,남,61세,상해없음,승용,남,37세,경상
2018082700100464,2018년 8월 27일 17시,월요일,광주광역시 광산구 운남동,경상사고,0,0,1,0,차대차 - 측면충돌,안전운전불이행,젖음/습기,비,교차로 - 교차로부근,화물,남,58세,상해없음,이륜,남,36세,경상
2018082700100465,2018년 8월 27일 17시,월요일,광주광역시 광산구 월계동,경상사고,0,0,1,0,차대차 - 측면충돌,교차로운행방법위반,젖음/습기,흐림,교차로 - 교차로부근,승용,여,52세,상해없음,승용,여,39세,경상
2018082700100547,2018년 8월 27일 19시,월요일,광주광역시 서구 치평동,중상사고,0,1,0,0,차대사람 - 횡단중,신호위반,젖음/습기,맑음,단일로 - 기타,승용,여,41세,상해없음,보행자,여,30세,중상
2018082700100572,2018년 8월 27일 20시,월요일,광주광역시 동구 금남로4가,경상사고,0,0,2,0,차대차 - 추돌,안전운전불이행,건조,맑음,단일로 - 기타,승용,남,65세,상해없음,승용,남,56세,경상
2018082700100573,2018년 8월 27일 20시,월요일,광주광역시 광산구 수완동,중상사고,0,1,0,0,차대사람 - 횡단중,보행자보호의무위반,건조,맑음,교차로 - 교차로횡단보도내,승용,남,29세,상해없음,보행자,여,20세,중상
2018082700100638,2018년 8월 27일 23시,월요일,광주광역시 북구 용전동,경상사고,0,0,1,0,차대사람 - 기타,안전운전불이행,건조,맑음,단일로 - 기타,승합,남,62세,기타불명,보행자,남,16세,경상
2018082800100015,2018년 8월 28일 00시,화요일,광주광역시 광산구 신촌동,경상사고,0,0,1,0,차대차 - 기타,안전운전불이행,건조,맑음,단일로 - 기타,승용,남,47세,상해없음,승용,여,49세,경상
2018082800100056,2018년 8월 28일 05시,화요일,광주광역시 서구 유촌동,경상사고,0,0,1,0,차대차 - 측면충돌,안전운전불이행,젖음/습기,비,단일로 - 기타,승용,여,46세,상해없음,승용,남,35세,경상
2018082800100057,2018년 8월 28일 05시,화요일,광주광역시 남구 주월동,경상사고,0,0,1,0,차대차 - 추돌,안전운전불이행,젖음/습기,흐림,교차로 - 교차로부근,승용,남,59세,상해없음,승용,남,66세,경상
2018082800100120,2018년 8월 28일 08시,화요일,광주광역시 북구 운암동,경상사고,0,0,2,0,차대사람 - 횡단중,신호위반,건조,맑음,단일로 - 기타,화물,남,52세,상해없음,보행자,여,10세,경상
2018082800100121,2018년 8월 28일 08시,화요일,광주광역시 북구 풍향동,중상사고,0,1,0,0,차대차 - 측면충돌,안전운전불이행,건조,맑음,교차로 - 교차로안,승용,남,70세,상해없음,이륜,남,27세,중상
2018082800100122,2018년 8월 28일 08시,화요일,광주광역시 광산구 신가동,경상사고,0,0,1,0,차대차 - 기타,안전운전불이행,건조,맑음,교차로 - 교차로횡단보도내,기타불명,남,미분류,기타불명,자전거,남,62세,경상
2018082800100123,2018년 8월 28일 08시,화요일,광주광역시 광산구 송정동,경상사고,0,0,1,0,차량단독 - 기타,안전운전불이행,건조,맑음,단일로 - 기타,승합,남,66세,상해없음,,,,
2018082800100154,2018년 8월 28일 09시,화요일,광주광역시 광산구 신가동,경상사고,0,0,2,0,차대차 - 후진중충돌,안전운전불이행,건조,맑음,교차로 - 교차로부근,승용,남,25세,상해없음,승용,여,28세,경상
2018082800100206,2018년 8월 28일 11시,화요일,광주광역시 서구 농성동,경상사고,0,0,3,1,차대차 - 추돌,안전운전불이행,건조,맑음,단일로 - 기타,승용,남,60세,부상신고,승용,남,51세,경상
2018082800100207,2018년 8월 28일 11시,화요일,광주광역시 남구 송하동,경상사고,0,0,3,0,차대차 - 추돌,안전운전불이행,건조,맑음,단일로 - 기타,승용,남,30세,상해없음,승용,여,45세,경상
2018082800100208,2018년 8월 28일 11시,화요일,광주광역시 북구 연제동,경상사고,0,0,1,0,차량단독 - 공작물충돌,안전운전불이행,건조,맑음,단일로 - 기타,승합,남,42세,경상,,,,
2018082800100231,2018년 8월 28일 12시,화요일,광주광역시 광산구 신창동,경상사고,0,0,1,0,차대차 - 측면충돌,안전운전불이행,건조,맑음,교차로 - 교차로안,이륜,남,20세,경상,승용,남,57세,상해없음
2018082800100376,2018년 8월 28일 16시,화요일,광주광역시 남구 주월동,경상사고,0,0,1,0,차대사람 - 횡단중,보행자보호의무위반,건조,맑음,교차로 - 교차로부근,기타불명,기타불명,미분류,기타불명,보행자,남,13세,경상
2018082800100420,2018년 8월 28일 17시,화요일,광주광역시 북구 두암동,경상사고,0,0,1,0,차대사람 - 차도통행중,안전운전불이행,건조,맑음,교차로 - 교차로안,승용,여,59세,상해없음,보행자,남,47세,경상