사고번호,사고일시,요일,시군구,사고내용,사망자수,중상자수,경상자수,부상신고자수,사고유형,법규위반,노면상태,기상상태,도로형태,가해운전자 차종,가해운전자 성별,가해운전자 연령,가해운전자 상해정도,피해운전자 차종,피해운전자 성별,피해운전자 연령,피해운전자 상해정도
2018090300100439,2018년 9월 3일 17시,월요일,광주광역시 동구 충장로4가,경상사고,0,0,1,0,차대차 - 측면충돌,안전운전불이행,건조,맑음,단일로 - 기타,승용,남,58세,상해없음,승용,여,36세,경상
2018090300100440,2018년 9월 3일 17시,월요일,광주광역시 서구 벽진동,경상사고,0,0,1,0,차대차 - 측면충돌,안전운전불이행,건조,맑음,교차로 - 교차로안,승용,남,26세,상해없음,승용,여,58세,경상
2018090300100441,2018년 9월 3일 17시,월요일,광주광역시 광산구 월전동,경상사고,0,0,2,0,차대차 - 측면충돌,안전운전불이행,건조,맑음,교차로 - 교차로부근,승용,남,63세,경상,화물,남,34세,경상
2018090300100492,2018년 9월 3일 18시,월요일,광주광역시 서구 치평동,경상사고,0,0,1,0,차대차 - 측면충돌,차로위반,건조,맑음,교차로 - 교차로부근,승용,여,58세,상해없음,승용,여,36세,경상
2018090300100493,2018년 9월 3일 18시,월요일,광주광역시 서구 유촌동,부상신고사고,0,0,0,1,차대차 - 측면충돌,안전거리미확보,건조,맑음,단일로 - 기타,화물,남,58세,상해없음,승용,남,30세,부상신고
2018090300100494,2018년 9월 3일 18시,월요일,광주광역시 광산구 우산동,경상사고,0,0,1,0,차대차 - 추돌,안전거리미확보,건조,맑음,단일로 - 기타,승용,남,69세,상해없음,화물,남,42세,경상
2018090300100495,2018년 9월 3일 18시,월요일,광주광역시 광산구 산정동,경상사고,0,0,1,0,차대차 - 후진중충돌,안전운전불이행,건조,맑음,단일로 - 기타,승용,남,72세,상해없음,승용,여,43세,경상
2018090300100547,2018년 9월 3일 19시,월요일,광주광역시 북구 신안동,경상사고,0,0,1,0,차대차 - 기타,안전거리미확보,건조,맑음,단일로 - 기타,승용,여,49세,경상,기타불명,기타불명,미분류,기타불명
2018090300100548,2018년 9월 3일 19시,월요일,광주광역시 북구 두암동,경상사고,0,0,5,0,차대차 - 측면충돌,직진우회전진행방해,건조,맑음,교차로 - 교차로안,승용,남,57세,경상,승용,여,65세,경상
2018090300100581,2018년 9월 3일 20시,월요일,광주광역시 남구 백운동,경상사고,0,0,1,0,차대차 - 추돌,안전운전불이행,건조,맑음,단일로 - 기타,승용,남,23세,상해없음,승용,여,46세,경상
2018090300100604,2018년 9월 3일 21시,월요일,광주광역시 광산구 월곡동,경상사고,0,0,1,0,차대차 - 추돌,신호위반,젖음/습기,비,단일로 - 기타,원동기,남,47세,경상,승용,남,30세,상해없음
2018090300100643,2018년 9월 3일 22시,월요일,광주광역시 북구 동림동,경상사고,0,0,1,0,차대차 - 추돌,안전운전불이행,젖음/습기,비,단일로 - 교량,승용,남,36세,상해없음,승용,남,34세,경상
2018090300100644,2018년 9월 3일 22시,월요일,광주광역시 광산구 송정동,경상사고,0,0,1,0,차대차 - 측면충돌,안전운전불이행,젖음/습기,흐림,교차로 - 교차로안,이륜,남,24세,경상,승용,여,48세,상해없음
2018090300100674,2018년 9월 3일 23시,월요일,광주광역시 서구 동천동,경상사고,0,0,1,0,차대차 - 추돌,안전운전불이행,젖음/습기,비,교차로 - 교차로부근,화물,남,35세,상해없음,승용,남,55세,경상
2018090300100675,2018년 9월 3일 23시,월요일,광주광역시 서구 유촌동,중상사고,0,1,0,0,차대차 - 기타,안전운전불이행,젖음/습기,비,단일로 - 고가도로위,승용,남,54세,상해없음,승용,남,67세,중상
2018090300100676,2018년 9월 3일 23시,월요일,광주광역시 광산구 송정동,경상사고,0,0,4,0,차대사람 - 기타,안전운전불이행,젖음/습기,비,기타 - 기타,화물,여,50세,상해없음,보행자,남,50세,경상
2018090400100022,2018년 9월 4일 00시,화요일,광주광역시 서구 풍암동,경상사고,0,0,1,0,차대차 - 추돌,안전운전불이행,젖음/습기,비,교차로 - 교차로부근,승용,남,47세,상해없음,승용,여,31세,경상
2018090400100023,2018년 9월 4일 00시,화요일,광주광역시 남구 진월동,경상사고,0,0,4,0,차대차 - 추돌,안전운전불이행,젖음/습기,비,교차로 - 교차로부근,승용,여,25세,상해없음,승용,여,27세,경상
2018090400100024,2018년 9월 4일 00시,화요일,광주광역시 북구 신용동,경상사고,0,0,1,0,차대차 - 추돌,안전거리미확보,젖음/습기,비,단일로 - 기타,승용,남,41세,상해없음,승용,남,56세,경상
2018090400100051,2018년 9월 4일 03시,화요일,광주광역시 북구 운암동,경상사고,0,0,1,0,차대차 - 측면충돌,교차로운행방법위반,젖음/습기,흐림,교차로 - 교차로안,승용,남,15세,상해없음,승용,남,31세,경상
2018090400100086,2018년 9월 4일 07시,화요일,광주광역시 광산구 비아동,중상사고,0,2,0,0,차대차 - 측면충돌,안전운전불이행,건조,맑음,교차로 - 교차로안,승용,남,39세,중상,승용,남,29세,중상
2018090400100126,2018년 9월 4일 08시,화요일,광주광역시 서구 덕흥동,경상사고,0,0,1,0,차대차 - 측면충돌,안전거리미확보,건조,맑음,단일로 - 기타,화물,남,57세,상해없음,승용,남,32세,경상
2018090400100252,2018년 9월 4일 12시,화요일,광주광역시 광산구 월계동,경상사고,0,0,1,0,차대차 - 기타,직진우회전진행방해,건조,맑음,교차로 - 교차로안,승용,남,31세,상해없음,자전거,남,17세,경상
2018090400100306,2018년 9월 4일 14시,화요일,광주광역시 광산구 흑석동,경상사고,0,0,1,0,차대차 - 추돌,안전거리미확보,건조,맑음,교차로 - 교차로안,승용,남,43세,상해없음,승용,여,45세,경상
2018090400100427,2018년 9월 4일 17시,화요일,광주광역시 동구 용산동,경상사고,0,0,2,0,차대차 - 추돌,안전거리미확보,건조,맑음,단일로 - 고가도로위,승용,여,56세,상해없음,승용,남,35세,경상
2018090400100428,2018년 9월 4일 17시,화요일,광주광역시 서구 유촌동,경상사고,0,0,1,0,차대사람 - 횡단중,보행자보호의무위반,건조,맑음,단일로 - 기타,승용,여,56세,상해없음,보행자,여,17세,경상
2018090400100429,2018년 9월 4일 17시,화요일,광주광역시 북구 연제동,경상사고,0,0,1,0,차대차 - 추돌,안전운전불이행,건조,맑음,단일로 - 기타,승용,남,31세,상해없음,승용,여,30세,경상
2018090400100430,2018년 9월 4일 17시,화요일,광주광역시 광산구 우산동,중상사고,0,1,0,0,차대사람 - 기타,안전운전불이행,건조,맑음,단일로 - 기타,화물,남,45세,상해없음,보행자,여,61세,중상
2018090400100431,2018년 9월 4일 17시,화요일,광주광역시 광산구 장덕동,경상사고,0,0,2,0,차대차 - 측면충돌,안전운전불이행,건조,맑음,교차로 - 교차로부근,승용,남,52세,경상,승용,남,21세,경상
2018090400100432,2018년 9월 4일 17시,화요일,광주광역시 광산구 우산동,경상사고,0,0,1,0,차대차 - 측면충돌,안전운전불이행,건조,맑음,교차로 - 교차로부근,화물,남,34세,상해없음,승용,남,31세,경상
2018090400100433,2018년 9월 4일 17시,화요일,광주광역시 광산구 장덕동,경상사고,0,0,1,0,차대차 - 측면충돌,안전운전불이행,건조,맑음,교차로 - 교차로안,승용,남,26세,상해없음,승용,여,28세,경상
2018090400100476,2018년 9월 4일 18시,화요일,광주광역시 서구 치평동,경상사고,0,0,2,0,차대차 - 측면충돌,안전운전불이행,건조,맑음,단일로 - 기타,이륜,남,28세,경상,승용,여,34세,경상
2018090400100477,2018년 9월 4일 18시,화요일,광주광역시 광산구 우산동,경상사고,0,0,3,0,차대차 - 추돌,안전운전불이행,건조,맑음,단일로 - 기타,승용,남,34세,상해없음,승용,남,56세,경상
2018090400100519,2018년 9월 4일 19시,화요일,광주광역시 서구 농성동,중상사고,0,1,0,0,차대사람 - 기타,안전운전불이행,건조,맑음,단일로 - 기타,승합,남,55세,상해없음,보행자,남,46세,중상
2018090400100545,2018년 9월 4일 20시,화요일,광주광역시 서구 풍암동,경상사고,0,0,2,0,차대차 - 측면충돌,불법유턴,건조,맑음,교차로 - 교차로부근,승용,여,34세,상해없음,승용,남,63세,경상
2018090400100569,2018년 9월 4일 21시,화요일,광주광역시 서구 화정동,경상사고,0,0,1,0,차대차 - 측면충돌,차로위반,건조,맑음,단일로 - 기타,승용,남,57세,상해없음,이륜,남,18세,경상
2018090400100570,2018년 9월 4일 21시,화요일,광주광역시 북구 문흥동,부상신고사고,0,0,0,1,차대사람 - 기타,안전운전불이행,건조,맑음,단일로 - 기타,승용,여,49세,상해없음,보행자,남,32세,부상신고
2018090400100589,2018년 9월 4일 22시,화요일,광주광역시 동구 소태동,경상사고,0,0,1,0,차대차 - 기타,신호위반,건조,맑음,단일로 - 기타,승용,여,62세,상해없음,자전거,남,23세,경상
2018090400100590,2018년 9월 4일 22시,화요일,광주광역시 서구 금호동,경상사고,0,0,1,0,차대차 - 기타,기타,건조,맑음,단일로 - 기타,화물,남,48세,상해없음,승용,남,65세,상해없음
2018090500100037,2018년 9월 5일 02시,수요일,광주광역시 서구 화정동,경상사고,0,0,1,0,차대차 - 후진중충돌,안전운전불이행,건조,맑음,교차로 - 교차로안,승용,남,22세,상해없음,이륜,남,22세,경상
2018090500100041,2018년 9월 5일 03시,수요일,광주광역시 북구 운암동,중상사고,0,1,0,0,차대차 - 추돌,안전운전불이행,건조,맑음,단일로 - 기타,승용,남,18세,상해없음,이륜,남,18세,상해없음
2018090500100049,2018년 9월 5일 04시,수요일,광주광역시 북구 중흥동,경상사고,0,0,1,0,차대차 - 측면충돌,안전운전불이행,건조,맑음,단일로 - 기타,이륜,남,18세,경상,승합,남,38세,상해없음
2018090500100059,2018년 9월 5일 05시,수요일,광주광역시 서구 광천동,경상사고,0,0,1,0,차량단독 - 기타,안전운전불이행,건조,맑음,단일로 - 기타,승용,남,29세,상해없음,,,,
2018090500100191,2018년 9월 5일 09시,수요일,광주광역시 서구 치평동,경상사고,0,0,1,0,차대차 - 측면충돌,교차로운행방법위반,건조,맑음,교차로 - 교차로안,승용,남,39세,상해없음,화물,남,57세,경상
2018090500100228,2018년 9월 5일 10시,수요일,광주광역시 서구 치평동,경상사고,0,0,1,0,차대차 - 측면충돌,차로위반,건조,맑음,단일로 - 기타,승용,여,46세,상해없음,승용,여,29세,경상
2018090500100229,2018년 9월 5일 10시,수요일,광주광역시 광산구 운남동,부상신고사고,0,0,0,1,차대차 - 측면충돌,교차로운행방법위반,건조,맑음,교차로 - 교차로안,이륜,남,77세,부상신고,승용,여,38세,상해없음
2018090500100306,2018년 9월 5일 13시,수요일,광주광역시 서구 치평동,중상사고,0,1,0,0,차대차 - 측면충돌,안전운전불이행,건조,맑음,단일로 - 기타,승용,여,53세,상해없음,이륜,남,48세,중상
2018090500100307,2018년 9월 5일 13시,수요일,광주광역시 광산구 소촌동,부상신고사고,0,0,0,1,차대차 - 측면충돌,안전거리미확보,건조,맑음,단일로 - 기타,이륜,남,36세,부상신고,승용,남,60세,상해없음
2018090500100340,2018년 9월 5일 14시,수요일,광주광역시 서구 광천동,경상사고,0,0,1,0,차대차 - 측면충돌,안전거리미확보,건조,맑음,단일로 - 기타,승용,남,64세,상해없음,승용,남,30세,경상
2018090500100382,2018년 9월 5일 15시,수요일,광주광역시 서구 광천동,경상사고,0,0,1,0,차대차 - 측면충돌,교차로운행방법위반,건조,맑음,교차로 - 교차로안,승용,남,51세,상해없음,승용,여,28세,경상
2018090500100383,2018년 9월 5일 15시,수요일,광주광역시 광산구 선암동,경상사고,0,0,1,0,차대차 - 측면충돌,안전거리미확보,건조,맑음,단일로 - 기타,화물,남,34세,상해없음,승용,여,51세,경상
2018090500100474,2018년 9월 5일 17시,수요일,광주광역시 북구 오치동,경상사고,0,0,2,0,차대차 - 추돌,안전운전불이행,건조,맑음,단일로 - 기타,화물,남,52세,상해없음,승용,남,57세,경상
2018090500100534,2018년 9월 5일 18시,수요일,광주광역시 서구 화정동,경상사고,0,0,1,0,차대사람 - 차도통행중,안전운전불이행,건조,맑음,단일로 - 기타,승용,여,40세,상해없음,보행자,남,56세,경상
2018090500100535,2018년 9월 5일 18시,수요일,광주광역시 북구 오룡동,경상사고,0,0,1,0,차대차 - 기타,안전운전불이행,건조,맑음,단일로 - 기타,승합,남,52세,상해없음,승용,여,38세,경상
2018090500100569,2018년 9월 5일 19시,수요일,광주광역시 동구 서석동,중상사고,0,1,0,0,차대차 - 기타,중앙선침범,건조,맑음,단일로 - 기타,승용,남,23세,상해없음,이륜,남,65세,중상
2018090500100570,2018년 9월 5일 19시,수요일,광주광역시 광산구 신촌동,경상사고,0,0,1,0,차대사람 - 횡단중,안전운전불이행,건조,맑음,단일로 - 기타,승용,남,39세,상해없음,보행자,여,56세,경상
2018090500100637,2018년 9월 5일 21시,수요일,광주광역시 남구 백운동,경상사고,0,0,1,0,차대차 - 기타,중앙선침범,건조,맑음,단일로 - 기타,이륜,남,48세,상해없음,이륜,남,24세,경상
2018090500100638,2018년 9월 5일 21시,수요일,광주광역시 북구 우산동,경상사고,0,0,1,0,차대차 - 추돌,안전거리미확보,건조,맑음,단일로 - 기타,승용,남,27세,상해없음,승용,남,60세,경상
2018090500100639,2018년 9월 5일 21시,수요일,광주광역시 광산구 우산동,경상사고,0,0,2,0,차대차 - 추돌,안전운전불이행,건조,맑음,교차로 - 교차로안,승용,남,63세,상해없음,승용,남,43세,경상
2018090500100688,2018년 9월 5일 23시,수요일,광주광역시 북구 중흥동,경상사고,0,0,2,0,차대차 - 추돌,안전운전불이행,건조,맑음,단일로 - 기타,승용,남,27세,상해없음,승용,남,51세,경상
2018090600100010,2018년 9월 6일 00시,목요일,광주광역시 동구 계림동,중상사고,0,1,0,0,차대차 - 측면충돌,안전운전불이행,건조,맑음,단일로 - 기타,승용,남,28세,상해없음,승용,남,35세,중상
2018090600100086,2018년 9월 6일 07시,목요일,광주광역시 동구 산수동,중상사고,0,1,0,0,차대차 - 추돌,안전운전불이행,건조,맑음,단일로 - 기타,이륜,남,37세,중상,승용,남,63세,상해없음
2018090600100087,2018년 9월 6일 07시,목요일,광주광역시 서구 유촌동,경상사고,0,0,1,0,차대차 - 측면충돌,안전거리미확보,건조,맑음,단일로 - 기타,화물,남,32세,상해없음,승용,남,35세,경상
2018090600100111,2018년 9월 6일 08시,목요일,광주광역시 서구 농성동,경상사고,0,0,3,0,차대차 - 기타,중앙선침범,건조,맑음,교차로 - 교차로부근,승용,남,27세,상해없음,승용,남,45세,경상
2018090600100112,2018년 9월 6일 08시,목요일,광주광역시 서구 풍암동,경상사고,0,0,1,0,차대차 - 측면충돌,안전운전불이행,건조,맑음,단일로 - 기타,승용,남,46세,상해없음,승용,남,43세,경상
2018090600100142,2018년 9월 6일 09시,목요일,광주광역시 북구 오치동,경상사고,0,0,1,0,차대차 - 추돌,안전운전불이행,건조,맑음,단일로 - 기타,승용,남,57세,상해없음,승용,여,53세,상해없음
2018090600100168,2018년 9월 6일 10시,목요일,광주광역시 동구 동명동,경상사고,0,0,1,0,차대차 - 추돌,안전거리미확보,건조,맑음,단일로 - 기타,승용,여,23세,상해없음,화물,남,54세,경상
2018090600100283,2018년 9월 6일 14시,목요일,광주광역시 서구 매월동,중상사고,0,1,1,0,차대차 - 측면충돌,직진우회전진행방해,건조,맑음,교차로 - 교차로안,화물,여,64세,중상,승용,남,38세,경상
2018090600100337,2018년 9월 6일 16시,목요일,광주광역시 북구 연제동,경상사고,0,0,1,0,차대차 - 추돌,안전운전불이행,건조,맑음,단일로 - 기타,특수,남,39세,상해없음,승용,여,37세,경상
2018090600100338,2018년 9월 6일 16시,목요일,광주광역시 광산구 월계동,경상사고,0,0,1,0,차대차 - 측면충돌,안전운전불이행,건조,맑음,교차로 - 교차로안,이륜,남,29세,경상,승용,남,61세,상해없음
2018090600100381,2018년 9월 6일 17시,목요일,광주광역시 광산구 송정동,경상사고,0,0,1,0,차대차 - 측면충돌,안전운전불이행,건조,맑음,교차로 - 교차로안,화물,남,63세,상해없음,승용,남,81세,경상
2018090600100425,2018년 9월 6일 18시,목요일,광주광역시 북구 오룡동,중상사고,0,1,0,0,차대차 - 기타,신호위반,건조,맑음,교차로 - 교차로안,승용,남,57세,상해없음,화물,남,52세,상해없음
2018090600100465,2018년 9월 6일 19시,목요일,광주광역시 남구 노대동,경상사고,0,0,1,0,차대차 - 기타,교차로운행방법위반,건조,맑음,교차로 - 교차로안,승용,여,52세,상해없음,승용,남,60세,경상
2018090600100466,2018년 9월 6일 19시,목요일,광주광역시 북구 운암동,경상사고,0,0,1,0,차대사람 - 기타,안전운전불이행,젖음/습기,비,기타 - 기타,기타불명,기타불명,미분류,기타불명,보행자,여,28세,경상
2018090600100498,2018년 9월 6일 20시,목요일,광주광역시 동구 금남로5가,경상사고,0,0,1,0,차대사람 - 횡단중,안전운전불이행,건조,맑음,교차로 - 교차로안,승용,여,58세,상해없음,보행자,남,50세,경상
2018090600100560,2018년 9월 6일 22시,목요일,광주광역시 남구 진월동,경상사고,0,0,1,0,차대사람 - 기타,안전운전불이행,건조,맑음,단일로 - 기타,승용,남,33세,상해없음,보행자,여,7세,경상
2018090600100578,2018년 9월 6일 23시,목요일,광주광역시 북구 운암동,경상사고,0,0,1,0,차대사람 - 기타,안전운전불이행,젖음/습기,비,교차로 - 교차로부근,승용,남,38세,상해없음,보행자,남,27세,경상
2018090600100579,2018년 9월 6일 23시,목요일,광주광역시 북구 운암동,경상사고,0,0,2,0,차대차 - 기타,신호위반,젖음/습기,비,교차로 - 교차로안,승용,남,31세,상해없음,승용,남,64세,경상
2018090700100027,2018년 9월 7일 01시,금요일,광주광역시 광산구 우산동,경상사고,0,0,1,0,차대사람 - 차도통행중,안전운전불이행,젖음/습기,비,단일로 - 기타,승용,남,20세,상해없음,보행자,남,39세,경상
2018090700100028,2018년 9월 7일 01시,금요일,광주광역시 광산구 신창동,경상사고,0,0,3,0,차대차 - 추돌,안전운전불이행,건조,맑음,단일로 - 기타,승용,남,40세,상해없음,승용,남,25세,경상
2018090700100037,2018년 9월 7일 02시,금요일,광주광역시 북구 두암동,경상사고,0,0,1,0,차대차 - 후진중충돌,안전운전불이행,젖음/습기,비,단일로 - 기타,승용,남,61세,상해없음,승용,남,27세,경상
2018090700100046,2018년 9월 7일 03시,금요일,광주광역시 서구 치평동,경상사고,0,0,1,0,차대차 - 측면충돌,차로위반,건조,맑음,교차로 - 교차로부근,승용,남,74세,상해없음,승용,남,24세,상해없음
2018090700100089,2018년 9월 7일 06시,금요일,광주광역시 남구 월산동,부상신고사고,0,0,0,1,차대차 - 측면충돌,기타,건조,맑음,교차로 - 교차로안,화물,남,68세,상해없음,승용,여,45세,부상신고
2018090700100123,2018년 9월 7일 07시,금요일,광주광역시 동구 소태동,경상사고,0,0,1,0,차대차 - 기타,신호위반,건조,맑음,교차로 - 교차로안,승용,남,78세,상해없음,화물,남,55세,경상
2018090700100166,2018년 9월 7일 08시,금요일,광주광역시 동구 계림동,중상사고,0,1,0,0,차대차 - 정면충돌,직진우회전진행방해,건조,맑음,교차로 - 교차로안,승합,남,67세,상해없음,자전거,남,78세,중상
2018090700100203,2018년 9월 7일 09시,금요일,광주광역시 서구 치평동,경상사고,0,0,1,0,차대차 - 측면충돌,안전운전불이행,건조,맑음,단일로 - 기타,승용,남,20세,상해없음,승용,남,39세,경상
2018090700100204,2018년 9월 7일 09시,금요일,광주광역시 북구 용봉동,경상사고,0,0,4,0,차대차 - 측면충돌,안전거리미확보,건조,맑음,단일로 - 기타,승용,남,67세,상해없음,승용,남,21세,경상
2018090700100242,2018년 9월 7일 10시,금요일,광주광역시 북구 임동,경상사고,0,0,3,0,차대차 - 정면충돌,중앙선침범,건조,맑음,단일로 - 기타,승용,남,44세,경상,승용,남,57세,경상
2018090700100243,2018년 9월 7일 10시,금요일,광주광역시 북구 오치동,경상사고,0,0,1,0,차대차 - 측면충돌,교차로운행방법위반,건조,맑음,교차로 - 교차로안,원동기,남,18세,경상,승용,여,46세,기타불명
2018090700100244,2018년 9월 7일 10시,금요일,광주광역시 광산구 산월동,경상사고,0,0,2,0,차대차 - 측면충돌,직진우회전진행방해,건조,맑음,교차로 - 교차로안,승용,여,31세,경상,승용,남,44세,경상
2018090700100276,2018년 9월 7일 11시,금요일,광주광역시 동구 산수동,중상사고,0,1,0,0,차대사람 - 횡단중,안전운전불이행,건조,맑음,단일로 - 기타,승용,남,49세,상해없음,보행자,여,64세,중상
2018090700100277,2018년 9월 7일 11시,금요일,광주광역시 서구 화정동,경상사고,0,0,1,0,차대사람 - 기타,안전운전불이행,건조,맑음,단일로 - 기타,화물,남,32세,상해없음,보행자,여,76세,경상
2018090700100337,2018년 9월 7일 13시,금요일,광주광역시 북구 북동,경상사고,0,0,1,0,차대차 - 후진중충돌,안전운전불이행,건조,맑음,단일로 - 기타,승용,남,61세,상해없음,승용,남,64세,경상
2018090700100381,2018년 9월 7일 14시,금요일,광주광역시 남구 주월동,경상사고,0,0,3,0,차대차 - 추돌,안전거리미확보,건조,맑음,단일로 - 고가도로위,승용,남,42세,상해없음,승용,남,60세,상해없음
2018090700100415,2018년 9월 7일 15시,금요일,광주광역시 서구 내방동,경상사고,0,0,1,0,차대차 - 기타,차로위반,기타,기타,단일로 - 기타,승용,여,52세,상해없음,승용,남,66세,경상
2018090700100456,2018년 9월 7일 16시,금요일,광주광역시 동구 서석동,경상사고,0,0,2,0,차대차 - 측면충돌,안전운전불이행,건조,맑음,단일로 - 기타,승용,남,24세,상해없음,이륜,남,74세,경상
2018090700100457,2018년 9월 7일 16시,금요일,광주광역시 북구 연제동,경상사고,0,0,1,0,차대차 - 추돌,안전운전불이행,건조,맑음,단일로 - 기타,승용,남,29세,상해없음,승용,남,33세,경상
2018090700100497,2018년 9월 7일 17시,금요일,광주광역시 광산구 하남동,중상사고,0,1,1,0,차대차 - 측면충돌,신호위반,건조,맑음,교차로 - 교차로안,이륜,남,37세,중상,승용,남,29세,경상
2018090700100548,2018년 9월 7일 18시,금요일,광주광역시 서구 쌍촌동,중상사고,0,1,1,0,차대차 - 측면충돌,안전거리미확보,건조,맑음,단일로 - 기타,승용,남,75세,경상,승용,남,37세,중상
2018090700100549,2018년 9월 7일 18시,금요일,광주광역시 서구 치평동,경상사고,0,0,1,0,차대차 - 측면충돌,안전거리미확보,건조,맑음,단일로 - 기타,승용,남,58세,상해없음,승용,여,67세,경상
2018090700100550,2018년 9월 7일 18시,금요일,광주광역시 남구 이장동,경상사고,0,0,2,0,차대차 - 측면충돌,기타,건조,맑음,교차로 - 교차로안,승용,여,44세,경상,승용,여,55세,경상
2018090700100595,2018년 9월 7일 19시,금요일,광주광역시 서구 치평동,경상사고,0,0,1,0,차대차 - 측면충돌,안전운전불이행,건조,맑음,교차로 - 교차로부근,승용,여,55세,상해없음,화물,남,60세,경상
2018090700100624,2018년 9월 7일 20시,금요일,광주광역시 동구 금동,경상사고,0,0,1,0,차대사람 - 기타,안전운전불이행,건조,맑음,단일로 - 기타,승용,남,26세,상해없음,보행자,남,69세,경상
2018090700100625,2018년 9월 7일 20시,금요일,광주광역시 남구 봉선동,경상사고,0,0,1,0,차대차 - 측면충돌,중앙선침범,건조,맑음,단일로 - 기타,승용,남,63세,상해없음,화물,남,52세,경상
2018090700100626,2018년 9월 7일 20시,금요일,광주광역시 북구 신용동,경상사고,0,0,4,0,차대차 - 측면충돌,교차로운행방법위반,건조,맑음,교차로 - 교차로안,승용,여,38세,상해없음,승용,여,26세,경상
2018090700100655,2018년 9월 7일 21시,금요일,광주광역시 남구 봉선동,중상사고,0,1,0,0,차대사람 - 기타,안전운전불이행,건조,맑음,단일로 - 기타,승용,남,68세,상해없음,보행자,남,44세,중상
2018090700100656,2018년 9월 7일 21시,금요일,광주광역시 북구 운암동,경상사고,0,0,1,0,차대차 - 기타,안전운전불이행,건조,맑음,기타 - 기타,승용,남,39세,상해없음,승용,남,38세,경상
2018090700100657,2018년 9월 7일 21시,금요일,광주광역시 북구 동림동,중상사고,0,1,0,0,차량단독 - 기타,안전운전불이행,건조,맑음,단일로 - 기타,이륜,남,18세,중상,,,,
2018090700100675,2018년 9월 7일 22시,금요일,광주광역시 서구 농성동,경상사고,0,0,1,0,차대차 - 측면충돌,안전거리미확보,건조,맑음,단일로 - 기타,승용,남,53세,상해없음,승용,여,48세,경상
2018090800100021,2018년 9월 8일 00시,토요일,광주광역시 광산구 신창동,경상사고,0,0,1,0,차대차 - 추돌,안전거리미확보,건조,맑음,교차로 - 교차로부근,승용,남,26세,상해없음,승용,남,53세,경상
2018090800100045,2018년 9월 8일 01시,토요일,광주광역시 북구 우산동,부상신고사고,0,0,0,1,차대차 - 기타,안전운전불이행,건조,맑음,교차로 - 교차로안,기타불명,기타불명,미분류,기타불명,자전거,남,52세,부상신고
2018090800100132,2018년 9월 8일 07시,토요일,광주광역시 남구 행암동,중상사고,0,1,0,0,차대사람 - 기타,안전운전불이행,건조,맑음,단일로 - 기타,건설기계,남,48세,상해없음,보행자,여,55세,중상
2018090800100133,2018년 9월 8일 07시,토요일,광주광역시 북구 운암동,중상사고,0,1,0,0,차대사람 - 횡단중,신호위반,건조,맑음,단일로 - 기타,승용,남,61세,상해없음,보행자,남,64세,중상
2018090800100156,2018년 9월 8일 08시,토요일,광주광역시 광산구 연산동,경상사고,0,0,3,0,차대차 - 측면충돌,신호위반,건조,맑음,교차로 - 교차로안,화물,남,56세,경상,화물,남,27세,경상
2018090800100216,2018년 9월 8일 10시,토요일,광주광역시 서구 마륵동,경상사고,0,0,3,0,차대차 - 추돌,안전거리미확보,건조,맑음,단일로 - 기타,승용,남,68세,상해없음,승용,남,40세,경상
2018090800100257,2018년 9월 8일 11시,토요일,광주광역시 서구 양동,경상사고,0,0,1,0,차대사람 - 기타,기타,건조,맑음,교차로 - 교차로부근,화물,남,34세,상해없음,보행자,여,64세,경상
2018090800100258,2018년 9월 8일 11시,토요일,광주광역시 서구 양동,중상사고,0,1,0,0,차대사람 - 횡단중,신호위반,건조,맑음,교차로 - 교차로횡단보도내,승용,남,81세,상해없음,보행자,여,85세,중상
2018090800100342,2018년 9월 8일 13시,토요일,광주광역시 북구 풍향동,경상사고,0,0,1,0,차대차 - 측면충돌,교차로운행방법위반,건조,맑음,교차로 - 교차로안,승용,남,75세,기타불명,화물,남,70세,경상
2018090800100380,2018년 9월 8일 14시,토요일,광주광역시 북구 두암동,경상사고,0,0,2,0,차대차 - 측면충돌,교차로운행방법위반,건조,맑음,교차로 - 교차로부근,승용,남,86세,상해없음,승용,여,30세,경상
2018090800100452,2018년 9월 8일 16시,토요일,광주광역시 북구 중흥동,중상사고,0,1,0,0,차대사람 - 기타,안전운전불이행,건조,맑음,단일로 - 기타,승용,남,26세,상해없음,보행자,남,12세,중상
2018090800100492,2018년 9월 8일 17시,토요일,광주광역시 서구 양동,경상사고,0,0,1,0,차대차 - 추돌,안전운전불이행,건조,맑음,단일로 - 기타,기타불명,기타불명,미분류,기타불명,자전거,남,71세,경상
2018090800100493,2018년 9월 8일 17시,토요일,광주광역시 남구 진월동,경상사고,0,0,2,0,차대차 - 기타,교차로운행방법위반,건조,맑음,교차로 - 교차로부근,원동기,남,37세,상해없음,승용,남,43세,경상
2018090800100494,2018년 9월 8일 17시,토요일,광주광역시 북구 동림동,경상사고,0,0,1,0,차대차 - 추돌,안전운전불이행,건조,맑음,단일로 - 기타,승용,남,51세,상해없음,승용,남,27세,경상
2018090800100527,2018년 9월 8일 18시,토요일,광주광역시 서구 쌍촌동,경상사고,0,0,3,0,차대차 - 추돌,안전운전불이행,건조,맑음,단일로 - 기타,승용,남,24세,상해없음,승용,남,63세,경상
2018090800100528,2018년 9월 8일 18시,토요일,광주광역시 서구 풍암동,경상사고,0,0,1,0,차대차 - 측면충돌,안전거리미확보,건조,맑음,단일로 - 기타,화물,남,45세,상해없음,승용,남,24세,경상
2018090800100529,2018년 9월 8일 18시,토요일,광주광역시 북구 임동,경상사고,0,0,1,0,차대차 - 추돌,안전운전불이행,건조,맑음,교차로 - 교차로부근,승용,남,42세,상해없음,승용,남,67세,경상