사고번호,사고일시,요일,시군구,사고내용,사망자수,중상자수,경상자수,부상신고자수,사고유형,법규위반,노면상태,기상상태,도로형태,가해운전자 차종,가해운전자 성별,가해운전자 연령,가해운전자 상해정도,피해운전자 차종,피해운전자 성별,피해운전자 연령,피해운전자 상해정도
2018100100100498,2018년 10월 1일 18시,월요일,광주광역시 서구 쌍촌동,경상사고,0,0,2,0,차대차 - 측면충돌,안전거리미확보,건조,맑음,단일로 - 기타,승용,남,67세,상해없음,화물,남,56세,경상
2018100100100499,2018년 10월 1일 18시,월요일,광주광역시 서구 쌍촌동,경상사고,0,0,1,0,차대차 - 추돌,안전운전불이행,건조,맑음,교차로 - 교차로부근,승용,여,30세,상해없음,승용,여,45세,경상
2018100100100500,2018년 10월 1일 18시,월요일,광주광역시 서구 광천동,경상사고,0,0,1,0,차대차 - 측면충돌,안전운전불이행,건조,맑음,교차로 - 교차로안,승용,남,44세,상해없음,승용,남,38세,경상
2018100100100501,2018년 10월 1일 18시,월요일,광주광역시 북구 동림동,경상사고,0,0,1,0,차대사람 - 기타,안전운전불이행,건조,맑음,단일로 - 기타,승합,남,60세,상해없음,보행자,여,76세,경상
2018100100100502,2018년 10월 1일 18시,월요일,광주광역시 북구 유동,경상사고,0,0,1,0,차대차 - 측면충돌,차로위반,젖음/습기,비,단일로 - 기타,승용,남,51세,상해없음,승용,남,26세,경상
2018100100100503,2018년 10월 1일 18시,월요일,광주광역시 광산구 우산동,경상사고,0,0,2,0,차대차 - 측면충돌,안전운전불이행,건조,맑음,단일로 - 기타,승용,남,35세,경상,승용,여,24세,경상
2018100100100538,2018년 10월 1일 19시,월요일,광주광역시 북구 우산동,경상사고,0,0,1,0,차대차 - 측면충돌,중앙선침범,건조,맑음,단일로 - 기타,승용,남,33세,상해없음,이륜,남,51세,경상
2018100100100539,2018년 10월 1일 19시,월요일,광주광역시 광산구 월계동,경상사고,0,0,2,0,차대차 - 측면충돌,교차로운행방법위반,젖음/습기,흐림,교차로 - 교차로안,승용,남,38세,경상,승용,남,32세,경상
2018100100100564,2018년 10월 1일 20시,월요일,광주광역시 광산구 산월동,경상사고,0,0,1,0,차대차 - 측면충돌,신호위반,젖음/습기,비,교차로 - 교차로안,승용,여,29세,상해없음,원동기,남,21세,경상
2018100100100565,2018년 10월 1일 20시,월요일,광주광역시 광산구 장덕동,경상사고,0,0,3,0,차대차 - 측면충돌,안전운전불이행,건조,맑음,단일로 - 기타,화물,남,44세,상해없음,승용,남,19세,경상
2018100100100604,2018년 10월 1일 22시,월요일,광주광역시 광산구 신가동,경상사고,0,0,1,0,차대차 - 측면충돌,신호위반,건조,맑음,교차로 - 교차로안,승합,남,39세,상해없음,승용,남,39세,경상
2018100200100035,2018년 10월 2일 04시,화요일,광주광역시 서구 쌍촌동,경상사고,0,0,5,0,차대차 - 측면충돌,안전운전불이행,건조,맑음,교차로 - 교차로안,승용,남,20세,경상,승용,남,60세,상해없음
2018100200100062,2018년 10월 2일 06시,화요일,광주광역시 북구 본촌동,중상사고,0,1,0,0,차대사람 - 차도통행중,안전운전불이행,건조,맑음,교차로 - 교차로부근,승용,남,65세,상해없음,보행자,여,86세,중상
2018100200100063,2018년 10월 2일 06시,화요일,광주광역시 북구 문흥동,부상신고사고,0,0,0,1,차대사람 - 기타,안전운전불이행,건조,맑음,단일로 - 기타,승합,남,60세,상해없음,보행자,남,30세,부상신고
2018100200100085,2018년 10월 2일 07시,화요일,광주광역시 서구 풍암동,경상사고,0,0,1,0,차대차 - 측면충돌,안전거리미확보,건조,맑음,단일로 - 기타,승용,남,26세,상해없음,승용,여,54세,경상
2018100200100135,2018년 10월 2일 08시,화요일,광주광역시 남구 월산동,경상사고,0,0,1,0,차대차 - 기타,안전운전불이행,건조,맑음,교차로 - 교차로안,승용,여,55세,상해없음,자전거,남,17세,경상
2018100200100209,2018년 10월 2일 10시,화요일,광주광역시 서구 유촌동,경상사고,0,0,1,0,차대차 - 기타,교차로운행방법위반,건조,맑음,교차로 - 교차로안,승용,남,57세,상해없음,승합,남,49세,상해없음
2018100200100210,2018년 10월 2일 10시,화요일,광주광역시 광산구 우산동,경상사고,0,0,1,0,차대차 - 측면충돌,안전운전불이행,건조,맑음,교차로 - 교차로안,승용,남,33세,상해없음,승용,여,38세,경상
2018100200100280,2018년 10월 2일 12시,화요일,광주광역시 동구 지산동,경상사고,0,0,2,0,차대차 - 추돌,안전거리미확보,건조,맑음,교차로 - 교차로부근,승용,남,58세,상해없음,승용,남,43세,경상
2018100200100281,2018년 10월 2일 12시,화요일,광주광역시 남구 서동,중상사고,0,1,0,0,차대사람 - 횡단중,안전운전불이행,건조,맑음,교차로 - 교차로부근,승용,남,62세,상해없음,보행자,여,53세,중상
2018100200100310,2018년 10월 2일 13시,화요일,광주광역시 서구 농성동,경상사고,0,0,2,0,차대차 - 측면충돌,안전운전불이행,건조,맑음,단일로 - 기타,승용,여,34세,경상,승용,남,58세,경상
2018100200100311,2018년 10월 2일 13시,화요일,광주광역시 서구 유촌동,경상사고,0,0,1,0,차대사람 - 기타,안전운전불이행,건조,맑음,교차로 - 교차로안,기타불명,남,미분류,기타불명,보행자,남,74세,경상
2018100200100312,2018년 10월 2일 13시,화요일,광주광역시 남구 백운동,중상사고,0,1,0,0,차대사람 - 횡단중,안전운전불이행,건조,맑음,교차로 - 교차로횡단보도내,승용,여,69세,상해없음,보행자,남,31세,중상
2018100200100348,2018년 10월 2일 14시,화요일,광주광역시 북구 두암동,중상사고,0,1,0,0,차대사람 - 차도통행중,안전운전불이행,건조,맑음,교차로 - 교차로안,승용,여,52세,상해없음,보행자,여,65세,중상
2018100200100349,2018년 10월 2일 14시,화요일,광주광역시 광산구 송정동,경상사고,0,0,4,0,차대차 - 측면충돌,안전거리미확보,건조,맑음,단일로 - 기타,승용,남,46세,경상,특수,남,28세,경상
2018100200100377,2018년 10월 2일 15시,화요일,광주광역시 서구 유촌동,중상사고,0,1,0,0,차대차 - 기타,안전운전불이행,건조,맑음,교차로 - 교차로안,승용,남,32세,상해없음,이륜,남,41세,중상
2018100200100418,2018년 10월 2일 16시,화요일,광주광역시 남구 봉선동,경상사고,0,0,3,0,차대차 - 기타,안전거리미확보,건조,맑음,단일로 - 기타,승용,남,57세,상해없음,승용,남,21세,경상
2018100200100454,2018년 10월 2일 17시,화요일,광주광역시 북구 우산동,경상사고,0,0,1,0,차대차 - 정면충돌,중앙선침범,건조,맑음,단일로 - 기타,승용,여,42세,상해없음,이륜,남,18세,경상
2018100200100455,2018년 10월 2일 17시,화요일,광주광역시 광산구 송정동,중상사고,0,1,0,0,차대차 - 기타,안전거리미확보,건조,맑음,단일로 - 기타,승용,남,73세,상해없음,승합,남,63세,상해없음
2018100200100513,2018년 10월 2일 18시,화요일,광주광역시 서구 화정동,중상사고,0,1,0,0,차대사람 - 횡단중,안전운전불이행,건조,맑음,단일로 - 기타,이륜,남,56세,상해없음,보행자,여,54세,중상
2018100200100514,2018년 10월 2일 18시,화요일,광주광역시 남구 송하동,경상사고,0,0,3,0,차대차 - 추돌,안전거리미확보,건조,맑음,단일로 - 기타,승용,남,36세,상해없음,승용,여,48세,경상
2018100200100515,2018년 10월 2일 18시,화요일,광주광역시 북구 신안동,경상사고,0,0,1,0,차대사람 - 횡단중,안전운전불이행,건조,맑음,단일로 - 기타,승용,여,34세,상해없음,보행자,남,84세,경상
2018100200100602,2018년 10월 2일 20시,화요일,광주광역시 서구 금호동,경상사고,0,0,2,0,차대차 - 추돌,안전운전불이행,건조,맑음,교차로 - 교차로부근,승용,남,41세,상해없음,승용,남,44세,경상
2018100200100660,2018년 10월 2일 22시,화요일,광주광역시 남구 월산동,경상사고,0,0,1,0,차대차 - 측면충돌,안전운전불이행,건조,맑음,교차로 - 교차로안,이륜,남,40세,경상,승용,남,26세,상해없음
2018100200100688,2018년 10월 2일 23시,화요일,광주광역시 광산구 운남동,경상사고,0,0,1,0,차대차 - 측면충돌,교차로운행방법위반,건조,맑음,교차로 - 교차로안,화물,남,44세,상해없음,승용,남,50세,경상
2018100300100035,2018년 10월 3일 01시,수요일,광주광역시 남구 진월동,경상사고,0,0,1,0,차대차 - 추돌,안전거리미확보,건조,맑음,단일로 - 기타,이륜,남,17세,경상,이륜,남,19세,상해없음
2018100300100056,2018년 10월 3일 02시,수요일,광주광역시 북구 신용동,경상사고,0,0,2,0,차대차 - 측면충돌,교차로운행방법위반,건조,맑음,교차로 - 교차로안,승용,남,18세,경상,승용,남,50세,경상
2018100300100072,2018년 10월 3일 03시,수요일,광주광역시 서구 쌍촌동,중상사고,0,1,0,0,차대차 - 측면충돌,안전운전불이행,건조,맑음,교차로 - 교차로안,승용,남,59세,상해없음,이륜,남,19세,중상
2018100300100110,2018년 10월 3일 06시,수요일,광주광역시 서구 화정동,중상사고,0,1,0,0,차대차 - 측면충돌,신호위반,건조,맑음,교차로 - 교차로안,승용,여,60세,상해없음,승용,남,48세,중상
2018100300100111,2018년 10월 3일 06시,수요일,광주광역시 북구 중흥동,경상사고,0,0,2,0,차대차 - 측면충돌,중앙선침범,건조,맑음,단일로 - 기타,승용,남,32세,상해없음,승용,남,67세,경상
2018100300100124,2018년 10월 3일 07시,수요일,광주광역시 북구 용두동,경상사고,0,0,2,0,차대차 - 측면충돌,차로위반,건조,맑음,단일로 - 지하차도(도로)내,승용,여,40세,상해없음,승용,남,57세,경상
2018100300100125,2018년 10월 3일 07시,수요일,광주광역시 광산구 송정동,경상사고,0,0,1,0,차대차 - 측면충돌,신호위반,건조,맑음,교차로 - 교차로안,승용,남,67세,상해없음,승용,여,65세,경상
2018100300100164,2018년 10월 3일 09시,수요일,광주광역시 광산구 운남동,경상사고,0,0,2,0,차대차 - 추돌,안전운전불이행,건조,맑음,단일로 - 기타,승용,남,31세,상해없음,사륜오토바이(ATV),남,54세,경상
2018100300100165,2018년 10월 3일 09시,수요일,광주광역시 광산구 월계동,경상사고,0,0,2,0,차대차 - 기타,안전거리미확보,건조,맑음,교차로 - 교차로부근,승용,여,54세,상해없음,승용,남,69세,경상
2018100300100194,2018년 10월 3일 10시,수요일,광주광역시 서구 동천동,중상사고,0,1,5,0,차대차 - 추돌,안전운전불이행,건조,맑음,단일로 - 기타,승용,여,46세,상해없음,승용,남,57세,중상
2018100300100239,2018년 10월 3일 12시,수요일,광주광역시 북구 용봉동,경상사고,0,0,1,0,차대사람 - 차도통행중,안전운전불이행,건조,맑음,단일로 - 기타,승용,여,32세,상해없음,보행자,남,78세,경상
2018100300100240,2018년 10월 3일 12시,수요일,광주광역시 북구 중흥동,경상사고,0,0,1,0,차대사람 - 기타,신호위반,건조,맑음,단일로 - 기타,승용,남,44세,상해없음,보행자,여,68세,경상
2018100300100382,2018년 10월 3일 16시,수요일,광주광역시 서구 화정동,경상사고,0,0,1,0,차대차 - 기타,안전거리미확보,건조,맑음,교차로 - 교차로부근,승합,남,59세,상해없음,승용,남,53세,경상
2018100300100473,2018년 10월 3일 18시,수요일,광주광역시 서구 화정동,경상사고,0,0,1,0,차대차 - 추돌,안전운전불이행,건조,맑음,교차로 - 교차로부근,승용,여,65세,상해없음,승용,남,33세,경상
2018100300100474,2018년 10월 3일 18시,수요일,광주광역시 북구 충효동,경상사고,0,0,1,0,차대사람 - 기타,안전운전불이행,건조,맑음,기타 - 기타,화물,남,61세,상해없음,보행자,여,50세,경상
2018100300100509,2018년 10월 3일 19시,수요일,광주광역시 북구 각화동,부상신고사고,0,0,0,1,차량단독 - 기타,기타,건조,맑음,단일로 - 기타,승합,남,58세,상해없음,,,,
2018100300100562,2018년 10월 3일 22시,수요일,광주광역시 북구 운암동,경상사고,0,0,2,0,차대차 - 측면충돌,신호위반,건조,맑음,교차로 - 교차로안,승용,남,36세,상해없음,승용,남,49세,경상
2018100400100021,2018년 10월 4일 01시,목요일,광주광역시 동구 충장로1가,부상신고사고,0,0,0,1,차대차 - 추돌,안전운전불이행,건조,맑음,단일로 - 기타,승용,남,24세,상해없음,승용,남,62세,상해없음
2018100400100022,2018년 10월 4일 01시,목요일,광주광역시 북구 신안동,경상사고,0,0,1,0,차대차 - 측면충돌,차로위반,건조,맑음,단일로 - 기타,특수,남,47세,상해없음,승용,남,47세,경상
2018100400100040,2018년 10월 4일 04시,목요일,광주광역시 서구 풍암동,부상신고사고,0,0,0,1,차량단독 - 공작물충돌,안전운전불이행,건조,기타,단일로 - 기타,승용,남,19세,부상신고,,,,
2018100400100146,2018년 10월 4일 08시,목요일,광주광역시 서구 매월동,경상사고,0,0,1,0,차대차 - 추돌,안전운전불이행,건조,맑음,단일로 - 기타,승용,남,23세,상해없음,승용,남,50세,경상
2018100400100147,2018년 10월 4일 08시,목요일,광주광역시 북구 유동,경상사고,0,0,1,0,차대차 - 측면충돌,직진우회전진행방해,건조,맑음,교차로 - 교차로안,승용,남,38세,상해없음,승용,남,45세,경상
2018100400100148,2018년 10월 4일 08시,목요일,광주광역시 광산구 신가동,중상사고,0,1,0,0,차대사람 - 기타,안전운전불이행,건조,맑음,단일로 - 기타,승용,남,52세,상해없음,보행자,여,28세,중상
2018100400100183,2018년 10월 4일 09시,목요일,광주광역시 북구 용봉동,경상사고,0,0,1,0,차대차 - 추돌,안전운전불이행,건조,맑음,단일로 - 기타,승용,여,33세,상해없음,승용,여,46세,경상
2018100400100192,2018년 10월 4일 09시,목요일,광주광역시 북구 양산동,경상사고,0,0,4,0,차대차 - 측면충돌,안전운전불이행,건조,맑음,단일로 - 기타,승용,여,28세,상해없음,승용,남,30세,경상
2018100400100234,2018년 10월 4일 10시,목요일,광주광역시 남구 주월동,경상사고,0,0,1,0,차대차 - 기타,안전거리미확보,건조,맑음,기타 - 기타,승용,남,60세,상해없음,승용,남,34세,경상
2018100400100374,2018년 10월 4일 14시,목요일,광주광역시 남구 월산동,경상사고,0,0,2,0,차대차 - 기타,안전운전불이행,건조,맑음,기타 - 기타,승합,남,58세,기타불명,승용,남,70세,경상
2018100400100404,2018년 10월 4일 15시,목요일,광주광역시 서구 쌍촌동,경상사고,0,0,1,0,차대차 - 측면충돌,안전거리미확보,건조,맑음,교차로 - 교차로부근,승용,남,57세,기타불명,승용,남,54세,경상
2018100400100405,2018년 10월 4일 15시,목요일,광주광역시 북구 두암동,경상사고,0,0,1,0,차대차 - 추돌,안전운전불이행,건조,맑음,교차로 - 교차로부근,승용,남,24세,상해없음,승용,여,64세,경상
2018100400100475,2018년 10월 4일 17시,목요일,광주광역시 서구 금호동,경상사고,0,0,2,0,차대차 - 측면충돌,안전운전불이행,건조,맑음,교차로 - 교차로부근,승용,여,40세,상해없음,승용,남,53세,경상
2018100400100476,2018년 10월 4일 17시,목요일,광주광역시 서구 내방동,경상사고,0,0,1,0,차대차 - 측면충돌,안전운전불이행,건조,맑음,단일로 - 기타,승용,남,60세,상해없음,승용,여,39세,경상
2018100400100477,2018년 10월 4일 17시,목요일,광주광역시 북구 동림동,경상사고,0,0,3,0,차대차 - 추돌,안전운전불이행,건조,맑음,단일로 - 기타,화물,남,59세,상해없음,승용,남,58세,경상
2018100400100478,2018년 10월 4일 17시,목요일,광주광역시 북구 중흥동,경상사고,0,0,2,0,차대차 - 측면충돌,안전운전불이행,건조,맑음,단일로 - 기타,건설기계,남,66세,상해없음,승용,남,59세,경상
2018100400100479,2018년 10월 4일 17시,목요일,광주광역시 광산구 신창동,부상신고사고,0,0,0,1,차대사람 - 길가장자리구역통행중,안전운전불이행,건조,맑음,단일로 - 기타,이륜,남,16세,상해없음,보행자,남,14세,부상신고
2018100400100480,2018년 10월 4일 17시,목요일,광주광역시 광산구 신가동,경상사고,0,0,1,0,차대차 - 측면충돌,안전운전불이행,건조,맑음,기타 - 기타,승용,남,45세,상해없음,자전거,남,25세,경상
2018100400100481,2018년 10월 4일 17시,목요일,광주광역시 광산구 신창동,경상사고,0,0,1,0,차대차 - 기타,안전운전불이행,건조,맑음,기타 - 기타,승용,남,29세,상해없음,자전거,남,7세,경상
2018100400100537,2018년 10월 4일 18시,목요일,광주광역시 북구 운암동,중상사고,0,1,0,0,차대사람 - 기타,기타,건조,맑음,단일로 - 기타,승합,남,64세,상해없음,보행자,여,21세,중상
2018100400100538,2018년 10월 4일 18시,목요일,광주광역시 광산구 신창동,중상사고,0,1,1,0,차대차 - 추돌,안전운전불이행,건조,맑음,교차로 - 교차로부근,승용,남,25세,상해없음,승용,남,71세,중상
2018100400100589,2018년 10월 4일 19시,목요일,광주광역시 서구 풍암동,중상사고,0,1,9,0,차대차 - 기타,안전운전불이행,건조,맑음,교차로 - 교차로안,승용,남,45세,상해없음,승합,남,53세,상해없음
2018100400100590,2018년 10월 4일 19시,목요일,광주광역시 남구 주월동,경상사고,0,0,3,0,차대차 - 기타,기타,건조,맑음,단일로 - 고가도로위,승용,남,67세,상해없음,승용,남,67세,경상
2018100400100628,2018년 10월 4일 20시,목요일,광주광역시 서구 동천동,중상사고,0,1,0,0,차대사람 - 횡단중,보행자보호의무위반,젖음/습기,비,교차로 - 교차로부근,승용,남,39세,상해없음,보행자,남,14세,중상
2018100400100700,2018년 10월 4일 22시,목요일,광주광역시 북구 양산동,중상사고,0,1,0,0,차대사람 - 기타,안전운전불이행,젖음/습기,비,단일로 - 기타,승용,남,40세,상해없음,보행자,남,55세,중상
2018100400100701,2018년 10월 4일 22시,목요일,광주광역시 광산구 수완동,중상사고,0,1,0,0,차대사람 - 횡단중,안전운전불이행,젖음/습기,비,단일로 - 기타,승용,여,34세,상해없음,보행자,남,72세,중상
2018100500100084,2018년 10월 5일 06시,금요일,광주광역시 서구 화정동,경상사고,0,0,2,0,차대사람 - 횡단중,안전운전불이행,건조,맑음,교차로 - 교차로안,승용,남,21세,상해없음,보행자,남,36세,경상
2018100500100111,2018년 10월 5일 07시,금요일,광주광역시 북구 풍향동,경상사고,0,0,4,0,차대차 - 측면충돌,신호위반,젖음/습기,비,교차로 - 교차로안,화물,남,59세,상해없음,화물,남,22세,경상
2018100500100154,2018년 10월 5일 08시,금요일,광주광역시 동구 학동,경상사고,0,0,1,0,차대사람 - 기타,안전운전불이행,건조,맑음,단일로 - 기타,승합,남,49세,상해없음,보행자,여,58세,경상
2018100500100155,2018년 10월 5일 08시,금요일,광주광역시 서구 풍암동,경상사고,0,0,2,0,차대차 - 기타,교차로운행방법위반,젖음/습기,비,교차로 - 교차로안,승용,남,49세,상해없음,승용,여,46세,경상
2018100500100156,2018년 10월 5일 08시,금요일,광주광역시 광산구 월곡동,경상사고,0,0,2,0,차대차 - 추돌,교차로운행방법위반,젖음/습기,비,교차로 - 교차로안,승용,남,67세,상해없음,승용,남,23세,경상
2018100500100197,2018년 10월 5일 09시,금요일,광주광역시 서구 금호동,경상사고,0,0,1,0,차대차 - 추돌,안전운전불이행,젖음/습기,비,단일로 - 기타,승용,여,49세,상해없음,승용,남,62세,경상
2018100500100225,2018년 10월 5일 10시,금요일,광주광역시 북구 용봉동,경상사고,0,0,1,0,차대차 - 측면충돌,직진우회전진행방해,건조,맑음,교차로 - 교차로안,승용,남,68세,상해없음,승용,남,63세,경상
2018100500100263,2018년 10월 5일 11시,금요일,광주광역시 남구 방림동,중상사고,0,1,0,0,차대사람 - 횡단중,안전운전불이행,젖음/습기,비,교차로 - 교차로안,화물,남,49세,상해없음,보행자,여,78세,중상
2018100500100297,2018년 10월 5일 12시,금요일,광주광역시 북구 망월동,경상사고,0,0,1,0,차대차 - 기타,안전운전불이행,젖음/습기,비,단일로 - 기타,화물,남,68세,상해없음,이륜,남,59세,경상
2018100500100379,2018년 10월 5일 14시,금요일,광주광역시 서구 쌍촌동,경상사고,0,0,1,0,차대차 - 기타,신호위반,젖음/습기,비,교차로 - 교차로안,승용,남,32세,상해없음,원동기,남,35세,경상
2018100500100380,2018년 10월 5일 14시,금요일,광주광역시 북구 매곡동,중상사고,0,1,0,0,차대사람 - 기타,안전운전불이행,젖음/습기,비,단일로 - 기타,승용,남,67세,상해없음,보행자,여,7세,중상
2018100500100381,2018년 10월 5일 14시,금요일,광주광역시 북구 신안동,경상사고,0,0,2,0,차대차 - 측면충돌,교차로운행방법위반,건조,맑음,교차로 - 교차로안,승용,남,71세,경상,승용,여,22세,경상
2018100500100382,2018년 10월 5일 14시,금요일,광주광역시 북구 운암동,부상신고사고,0,0,0,1,차량단독 - 기타,기타,젖음/습기,비,단일로 - 기타,기타불명,기타불명,미분류,기타불명,,,,
2018100500100433,2018년 10월 5일 15시,금요일,광주광역시 서구 쌍촌동,경상사고,0,0,1,0,차대차 - 측면충돌,교차로운행방법위반,젖음/습기,비,교차로 - 교차로안,이륜,남,40세,경상,기타불명,기타불명,미분류,기타불명
2018100500100434,2018년 10월 5일 15시,금요일,광주광역시 북구 두암동,경상사고,0,0,1,0,차대사람 - 기타,안전운전불이행,젖음/습기,비,단일로 - 기타,승용,여,43세,상해없음,보행자,여,60세,경상
2018100500100523,2018년 10월 5일 17시,금요일,광주광역시 서구 농성동,경상사고,0,0,1,0,차대차 - 추돌,안전거리미확보,건조,맑음,단일로 - 기타,승용,남,36세,상해없음,승용,남,61세,경상
2018100500100524,2018년 10월 5일 17시,금요일,광주광역시 서구 광천동,경상사고,0,0,1,0,차대차 - 측면충돌,안전거리미확보,젖음/습기,비,교차로 - 교차로부근,화물,남,71세,상해없음,승용,남,51세,경상
2018100500100606,2018년 10월 5일 18시,금요일,광주광역시 서구 광천동,경상사고,0,0,1,0,차대차 - 기타,안전운전불이행,젖음/습기,비,단일로 - 기타,승용,남,28세,상해없음,승용,남,55세,경상
2018100500100607,2018년 10월 5일 18시,금요일,광주광역시 광산구 월곡동,경상사고,0,0,3,0,차대차 - 기타,안전거리미확보,젖음/습기,비,단일로 - 기타,승용,남,30세,상해없음,승용,남,39세,경상
2018100500100686,2018년 10월 5일 19시,금요일,광주광역시 서구 화정동,경상사고,0,0,2,0,차대차 - 추돌,안전거리미확보,건조,맑음,교차로 - 교차로부근,승용,여,62세,상해없음,승용,여,23세,경상
2018100500100739,2018년 10월 5일 20시,금요일,광주광역시 동구 산수동,사망사고,1,0,0,0,차대사람 - 횡단중,안전운전불이행,젖음/습기,비,단일로 - 기타,승용,남,48세,상해없음,보행자,남,51세,사망
2018100500100740,2018년 10월 5일 20시,금요일,광주광역시 광산구 송정동,경상사고,0,0,1,0,차대차 - 정면충돌,교차로운행방법위반,건조,맑음,교차로 - 교차로안,화물,남,53세,상해없음,이륜,남,55세,경상
2018100500100741,2018년 10월 5일 20시,금요일,광주광역시 광산구 월계동,경상사고,0,0,3,0,차대차 - 측면충돌,교차로운행방법위반,젖음/습기,비,교차로 - 교차로안,승용,여,31세,경상,승용,여,21세,경상
2018100500100780,2018년 10월 5일 21시,금요일,광주광역시 남구 월산동,경상사고,0,0,2,0,차대차 - 기타,안전거리미확보,젖음/습기,비,단일로 - 기타,화물,남,58세,상해없음,승용,남,26세,경상
2018100500100781,2018년 10월 5일 21시,금요일,광주광역시 광산구 월계동,경상사고,0,0,3,0,차대차 - 측면충돌,직진우회전진행방해,젖음/습기,비,교차로 - 교차로안,승용,남,51세,상해없음,승용,여,30세,경상
2018100500100830,2018년 10월 5일 22시,금요일,광주광역시 북구 운암동,경상사고,0,0,1,0,차대차 - 추돌,안전운전불이행,젖음/습기,비,단일로 - 기타,승용,남,41세,기타불명,승용,남,24세,경상
2018100500100871,2018년 10월 5일 23시,금요일,광주광역시 북구 운암동,경상사고,0,0,2,0,차량단독 - 기타,안전운전불이행,건조,맑음,교차로 - 교차로부근,승용,남,71세,경상,,,,
2018100600100021,2018년 10월 6일 00시,토요일,광주광역시 동구 계림동,중상사고,0,1,0,0,차대차 - 추돌,안전운전불이행,젖음/습기,비,교차로 - 교차로안,승용,남,24세,중상,승용,남,56세,상해없음
2018100600100022,2018년 10월 6일 00시,토요일,광주광역시 서구 금호동,경상사고,0,0,1,0,차대사람 - 횡단중,안전운전불이행,젖음/습기,비,단일로 - 기타,승용,여,59세,상해없음,보행자,여,15세,경상
2018100600100023,2018년 10월 6일 00시,토요일,광주광역시 광산구 신창동,경상사고,0,0,1,0,차대차 - 추돌,안전운전불이행,젖음/습기,비,교차로 - 교차로부근,승용,남,51세,상해없음,승용,남,29세,경상
2018100600100065,2018년 10월 6일 01시,토요일,광주광역시 서구 마륵동,경상사고,0,0,1,0,차대차 - 측면충돌,신호위반,젖음/습기,비,교차로 - 교차로안,승용,남,28세,상해없음,승용,남,59세,경상
2018100600100100,2018년 10월 6일 02시,토요일,광주광역시 서구 화정동,경상사고,0,0,2,0,차량단독 - 기타,안전운전불이행,건조,맑음,교차로 - 교차로부근,승용,남,43세,상해없음,,,,
2018100600100130,2018년 10월 6일 03시,토요일,광주광역시 광산구 장덕동,경상사고,0,0,1,0,차대차 - 측면충돌,안전운전불이행,젖음/습기,비,교차로 - 교차로부근,승용,남,51세,상해없음,승용,남,35세,경상
2018100600100131,2018년 10월 6일 03시,토요일,광주광역시 광산구 쌍암동,경상사고,0,0,2,0,차대차 - 측면충돌,신호위반,젖음/습기,맑음,교차로 - 교차로안,승용,남,24세,상해없음,승용,남,51세,경상
2018100600100155,2018년 10월 6일 04시,토요일,광주광역시 서구 덕흥동,경상사고,0,0,4,0,차량단독 - 공작물충돌,안전운전불이행,젖음/습기,비,단일로 - 기타,승용,남,27세,상해없음,,,,
2018100600100183,2018년 10월 6일 06시,토요일,광주광역시 남구 진월동,경상사고,0,0,2,0,차대차 - 측면충돌,신호위반,젖음/습기,맑음,교차로 - 교차로안,화물,남,65세,기타불명,승용,여,38세,경상
2018100600100240,2018년 10월 6일 09시,토요일,광주광역시 동구 지산동,중상사고,0,1,0,0,차대사람 - 횡단중,보행자보호의무위반,젖음/습기,비,교차로 - 교차로횡단보도내,승용,여,43세,상해없음,보행자,여,69세,중상
2018100600100241,2018년 10월 6일 09시,토요일,광주광역시 남구 주월동,경상사고,0,0,1,0,차대차 - 추돌,안전거리미확보,젖음/습기,비,단일로 - 기타,승용,남,37세,상해없음,승용,남,47세,상해없음
2018100600100242,2018년 10월 6일 09시,토요일,광주광역시 북구 두암동,경상사고,0,0,1,0,차대차 - 추돌,안전운전불이행,건조,맑음,단일로 - 기타,승합,남,55세,상해없음,이륜,남,45세,상해없음
2018100600100338,2018년 10월 6일 12시,토요일,광주광역시 동구 불로동,경상사고,0,0,2,1,차대차 - 추돌,안전거리미확보,건조,맑음,단일로 - 기타,승용,남,57세,상해없음,승용,남,62세,상해없음
2018100600100366,2018년 10월 6일 13시,토요일,광주광역시 남구 봉선동,경상사고,0,0,1,0,차대차 - 추돌,안전운전불이행,건조,맑음,교차로 - 교차로안,승용,남,23세,상해없음,승용,여,48세,경상
2018100600100431,2018년 10월 6일 15시,토요일,광주광역시 광산구 신창동,경상사고,0,0,1,0,차대차 - 추돌,안전운전불이행,건조,맑음,교차로 - 교차로안,승용,남,59세,상해없음,승용,남,63세,경상
2018100600100460,2018년 10월 6일 16시,토요일,광주광역시 북구 매곡동,경상사고,0,0,1,0,차대차 - 기타,안전운전불이행,건조,맑음,단일로 - 기타,자전거,남,63세,경상,승용,남,59세,상해없음
2018100600100461,2018년 10월 6일 16시,토요일,광주광역시 북구 각화동,경상사고,0,0,3,0,차대차 - 추돌,안전운전불이행,건조,맑음,단일로 - 기타,화물,남,60세,상해없음,승용,여,39세,경상
2018100600100462,2018년 10월 6일 16시,토요일,광주광역시 광산구 소촌동,경상사고,0,0,1,0,차대차 - 측면충돌,신호위반,건조,맑음,교차로 - 교차로안,승용,남,27세,상해없음,승용,여,26세,경상
2018100600100526,2018년 10월 6일 18시,토요일,광주광역시 광산구 신가동,중상사고,0,1,0,0,차대차 - 측면충돌,신호위반,건조,맑음,교차로 - 교차로안,승용,남,58세,상해없음,이륜,남,18세,중상