사고번호,사고일시,요일,시군구,사고내용,사망자수,중상자수,경상자수,부상신고자수,사고유형,법규위반,노면상태,기상상태,도로형태,가해운전자 차종,가해운전자 성별,가해운전자 연령,가해운전자 상해정도,피해운전자 차종,피해운전자 성별,피해운전자 연령,피해운전자 상해정도
2018101900100019,2018년 10월 19일 00시,금요일,광주광역시 광산구 흑석동,경상사고,0,0,1,0,차대차 - 추돌,안전운전불이행,건조,맑음,단일로 - 기타,승용,여,43세,상해없음,승용,남,35세,경상
2018101900100039,2018년 10월 19일 02시,금요일,광주광역시 서구 치평동,경상사고,0,0,1,0,차대차 - 측면충돌,신호위반,건조,맑음,교차로 - 교차로안,승용,여,54세,상해없음,승용,남,27세,경상
2018101900100051,2018년 10월 19일 04시,금요일,광주광역시 광산구 장덕동,경상사고,0,0,3,0,차대차 - 정면충돌,안전운전불이행,건조,맑음,단일로 - 기타,승용,남,65세,경상,승용,남,53세,경상
2018101900100140,2018년 10월 19일 08시,금요일,광주광역시 서구 치평동,경상사고,0,0,1,0,차대차 - 추돌,안전운전불이행,건조,맑음,교차로 - 교차로부근,승용,남,36세,상해없음,승용,남,53세,경상
2018101900100141,2018년 10월 19일 08시,금요일,광주광역시 광산구 우산동,경상사고,0,0,1,0,차대차 - 측면충돌,안전거리미확보,건조,흐림,단일로 - 기타,승용,남,58세,상해없음,승용,남,29세,경상
2018101900100211,2018년 10월 19일 10시,금요일,광주광역시 북구 매곡동,경상사고,0,0,2,0,차대차 - 기타,안전운전불이행,건조,맑음,기타 - 기타,승용,남,24세,상해없음,특수,남,46세,경상
2018101900100224,2018년 10월 19일 10시,금요일,광주광역시 서구 치평동,경상사고,0,0,2,0,차대차 - 측면충돌,안전운전불이행,건조,맑음,교차로 - 교차로안,승용,여,54세,상해없음,승용,남,51세,경상
2018101900100270,2018년 10월 19일 11시,금요일,광주광역시 남구 월산동,경상사고,0,0,3,0,차대차 - 측면충돌,신호위반,건조,맑음,교차로 - 교차로부근,승용,남,58세,상해없음,이륜,남,19세,경상
2018101900100271,2018년 10월 19일 11시,금요일,광주광역시 남구 백운동,경상사고,0,0,3,1,차대차 - 후진중충돌,안전운전불이행,건조,맑음,교차로 - 교차로안,승용,남,25세,상해없음,승용,남,42세,경상
2018101900100272,2018년 10월 19일 11시,금요일,광주광역시 북구 운암동,경상사고,0,0,3,0,차대차 - 측면충돌,안전운전불이행,건조,맑음,단일로 - 기타,승용,남,67세,상해없음,승합,남,63세,상해없음
2018101900100273,2018년 10월 19일 11시,금요일,광주광역시 광산구 송정동,경상사고,0,0,1,0,차대차 - 측면충돌,교차로운행방법위반,건조,맑음,교차로 - 교차로안,승용,남,54세,상해없음,원동기,남,19세,경상
2018101900100395,2018년 10월 19일 14시,금요일,광주광역시 광산구 쌍암동,경상사고,0,0,1,0,차대차 - 기타,안전거리미확보,건조,맑음,단일로 - 기타,이륜,남,63세,상해없음,승용,남,55세,경상
2018101900100442,2018년 10월 19일 15시,금요일,광주광역시 동구 계림동,경상사고,0,0,1,0,차대사람 - 횡단중,안전운전불이행,건조,맑음,단일로 - 기타,승용,여,60세,상해없음,보행자,남,61세,경상
2018101900100488,2018년 10월 19일 16시,금요일,광주광역시 북구 중흥동,중상사고,0,1,0,0,차대사람 - 보도통행중,안전운전불이행,건조,맑음,단일로 - 기타,자전거,남,22세,상해없음,보행자,여,83세,중상
2018101900100543,2018년 10월 19일 17시,금요일,광주광역시 서구 화정동,경상사고,0,0,1,0,차대사람 - 횡단중,안전운전불이행,건조,맑음,단일로 - 기타,승용,남,56세,상해없음,보행자,남,17세,경상
2018101900100544,2018년 10월 19일 17시,금요일,광주광역시 남구 주월동,경상사고,0,0,1,0,차대차 - 측면충돌,안전거리미확보,건조,맑음,단일로 - 기타,승용,남,61세,상해없음,승합,남,50세,경상
2018101900100545,2018년 10월 19일 17시,금요일,광주광역시 광산구 비아동,경상사고,0,0,1,0,차대차 - 측면충돌,안전거리미확보,건조,맑음,교차로 - 교차로부근,승용,여,33세,경상,승용,남,35세,상해없음
2018101900100630,2018년 10월 19일 18시,금요일,광주광역시 북구 유동,경상사고,0,0,2,0,차대차 - 기타,신호위반,건조,맑음,교차로 - 교차로안,화물,여,55세,경상,승용,남,65세,경상
2018101900100631,2018년 10월 19일 18시,금요일,광주광역시 북구 두암동,중상사고,0,1,0,0,차대사람 - 횡단중,안전운전불이행,건조,맑음,교차로 - 교차로횡단보도내,승용,남,24세,상해없음,보행자,남,73세,중상
2018101900100632,2018년 10월 19일 18시,금요일,광주광역시 광산구 산정동,경상사고,0,0,1,0,차대차 - 측면충돌,안전운전불이행,건조,맑음,단일로 - 기타,승합,남,70세,상해없음,승용,남,39세,경상
2018101900100752,2018년 10월 19일 21시,금요일,광주광역시 북구 풍향동,부상신고사고,0,0,0,1,차대차 - 기타,안전운전불이행,건조,맑음,교차로 - 교차로부근,기타불명,기타불명,미분류,기타불명,이륜,남,26세,부상신고
2018101900100803,2018년 10월 19일 23시,금요일,광주광역시 북구 매곡동,경상사고,0,0,2,0,차대차 - 측면충돌,안전거리미확보,건조,맑음,교차로 - 교차로부근,승용,여,32세,상해없음,승용,여,45세,경상
2018102000100028,2018년 10월 20일 01시,토요일,광주광역시 광산구 선암동,경상사고,0,0,1,0,차대차 - 측면충돌,교차로운행방법위반,건조,맑음,교차로 - 교차로안,승용,남,42세,상해없음,승용,남,64세,경상
2018102000100068,2018년 10월 20일 04시,토요일,광주광역시 서구 치평동,경상사고,0,0,2,0,차대차 - 추돌,안전운전불이행,건조,흐림,단일로 - 기타,승용,남,21세,상해없음,승용,남,27세,경상
2018102000100069,2018년 10월 20일 04시,토요일,광주광역시 광산구 신창동,경상사고,0,0,1,0,차대차 - 추돌,신호위반,건조,맑음,교차로 - 교차로안,승용,남,16세,상해없음,승용,여,26세,경상
2018102000100113,2018년 10월 20일 06시,토요일,광주광역시 광산구 월계동,중상사고,0,1,0,0,차대차 - 기타,신호위반,건조,맑음,교차로 - 교차로횡단보도내,승용,남,46세,상해없음,자전거,남,71세,중상
2018102000100130,2018년 10월 20일 07시,토요일,광주광역시 광산구 월전동,중상사고,0,1,1,0,차대차 - 기타,신호위반,건조,맑음,교차로 - 교차로안,승합,남,72세,상해없음,승용,남,27세,중상
2018102000100267,2018년 10월 20일 11시,토요일,광주광역시 북구 유동,경상사고,0,0,1,0,차대차 - 기타,안전운전불이행,건조,맑음,교차로 - 교차로부근,이륜,남,36세,상해없음,이륜,남,63세,경상
2018102000100268,2018년 10월 20일 11시,토요일,광주광역시 광산구 운남동,경상사고,0,0,5,0,차대차 - 기타,직진우회전진행방해,건조,맑음,교차로 - 교차로안,승용,남,57세,상해없음,승용,남,33세,경상
2018102000100312,2018년 10월 20일 12시,토요일,광주광역시 동구 학동,경상사고,0,0,1,0,차대차 - 기타,신호위반,건조,맑음,교차로 - 교차로부근,자전거,기타불명,미분류,기타불명,승용,남,56세,상해없음
2018102000100313,2018년 10월 20일 12시,토요일,광주광역시 서구 내방동,경상사고,0,0,1,0,차대차 - 기타,안전운전불이행,건조,맑음,단일로 - 기타,이륜,남,55세,상해없음,이륜,남,50세,경상
2018102000100361,2018년 10월 20일 13시,토요일,광주광역시 북구 용봉동,경상사고,0,0,1,0,차대차 - 측면충돌,차로위반,건조,맑음,단일로 - 기타,승합,남,34세,상해없음,원동기,남,32세,경상
2018102000100493,2018년 10월 20일 16시,토요일,광주광역시 광산구 소촌동,중상사고,0,6,4,0,차대차 - 추돌,안전운전불이행,건조,맑음,단일로 - 기타,화물,여,48세,중상,승용,남,66세,경상
2018102000100604,2018년 10월 20일 18시,토요일,광주광역시 서구 풍암동,중상사고,0,1,0,0,차대차 - 측면충돌,교차로운행방법위반,건조,맑음,교차로 - 교차로안,승용,남,52세,상해없음,승용,여,38세,중상
2018102000100605,2018년 10월 20일 18시,토요일,광주광역시 북구 용두동,경상사고,0,0,1,0,차대차 - 측면충돌,교차로운행방법위반,건조,맑음,교차로 - 교차로안,승용,남,56세,상해없음,승용,남,39세,경상
2018102000100606,2018년 10월 20일 18시,토요일,광주광역시 북구 연제동,부상신고사고,0,0,0,2,차대차 - 추돌,안전거리미확보,건조,맑음,단일로 - 기타,승용,남,60세,상해없음,승용,남,28세,부상신고
2018102000100607,2018년 10월 20일 18시,토요일,광주광역시 광산구 송정동,중상사고,0,1,0,0,차대차 - 기타,신호위반,건조,맑음,교차로 - 교차로안,이륜,남,16세,중상,승용,남,66세,상해없음
2018102000100665,2018년 10월 20일 19시,토요일,광주광역시 북구 연제동,경상사고,0,0,1,0,차대차 - 측면충돌,차로위반,건조,맑음,단일로 - 기타,화물,남,49세,상해없음,승용,남,42세,경상
2018102000100666,2018년 10월 20일 19시,토요일,광주광역시 북구 두암동,경상사고,0,0,1,0,차대차 - 측면충돌,교차로운행방법위반,건조,맑음,교차로 - 교차로안,승용,남,46세,상해없음,이륜,남,49세,경상
2018102000100695,2018년 10월 20일 20시,토요일,광주광역시 서구 쌍촌동,중상사고,0,1,0,0,차대차 - 기타,중앙선침범,건조,맑음,단일로 - 기타,승용,여,58세,상해없음,이륜,남,40세,중상
2018102100100028,2018년 10월 21일 01시,일요일,광주광역시 광산구 산정동,경상사고,0,0,1,0,차대차 - 기타,안전운전불이행,건조,맑음,단일로 - 기타,이륜,남,22세,경상,화물,남,38세,기타불명
2018102100100029,2018년 10월 21일 01시,일요일,광주광역시 광산구 신창동,중상사고,0,1,2,0,차대차 - 후진중충돌,안전운전불이행,건조,맑음,단일로 - 기타,승용,남,63세,상해없음,승용,남,54세,중상
2018102100100050,2018년 10월 21일 03시,일요일,광주광역시 북구 두암동,부상신고사고,0,0,0,1,차대사람 - 기타,안전운전불이행,건조,맑음,교차로 - 교차로안,기타불명,기타불명,미분류,기타불명,보행자,남,68세,부상신고
2018102100100058,2018년 10월 21일 04시,일요일,광주광역시 북구 운암동,중상사고,0,1,0,0,차대차 - 추돌,안전운전불이행,건조,맑음,단일로 - 기타,승용,남,24세,상해없음,승합,남,42세,기타불명
2018102100100102,2018년 10월 21일 08시,일요일,광주광역시 북구 두암동,경상사고,0,0,1,0,차대사람 - 차도통행중,안전운전불이행,건조,맑음,단일로 - 기타,승용,남,60세,상해없음,보행자,남,14세,경상
2018102100100146,2018년 10월 21일 10시,일요일,광주광역시 북구 두암동,중상사고,0,1,0,0,차대사람 - 기타,안전운전불이행,건조,맑음,교차로 - 교차로부근,승용,남,46세,상해없음,보행자,여,84세,중상
2018102100100147,2018년 10월 21일 10시,일요일,광주광역시 북구 양산동,경상사고,0,0,1,0,차대차 - 측면충돌,안전운전불이행,건조,맑음,단일로 - 기타,승용,여,50세,기타불명,화물,남,47세,경상
2018102100100172,2018년 10월 21일 11시,일요일,광주광역시 서구 풍암동,중상사고,0,1,2,0,차대차 - 측면충돌,안전운전불이행,건조,맑음,교차로 - 교차로안,승용,여,37세,상해없음,승용,남,38세,중상
2018102100100173,2018년 10월 21일 11시,일요일,광주광역시 남구 주월동,중상사고,0,1,0,0,차대차 - 측면충돌,교차로운행방법위반,건조,맑음,교차로 - 교차로안,화물,남,59세,상해없음,원동기,남,78세,중상
2018102100100244,2018년 10월 21일 13시,일요일,광주광역시 광산구 소촌동,경상사고,0,0,3,0,차대차 - 측면충돌,교차로운행방법위반,건조,맑음,교차로 - 교차로안,승용,남,70세,상해없음,승용,남,30세,경상
2018102100100245,2018년 10월 21일 13시,일요일,광주광역시 광산구 비아동,경상사고,0,0,1,0,차대사람 - 횡단중,보행자보호의무위반,건조,맑음,교차로 - 교차로횡단보도내,승용,남,68세,상해없음,보행자,여,55세,경상
2018102100100435,2018년 10월 21일 18시,일요일,광주광역시 동구 대인동,경상사고,0,0,3,0,차대차 - 기타,중앙선침범,건조,맑음,교차로 - 교차로부근,승용,남,58세,상해없음,승용,남,47세,경상
2018102100100470,2018년 10월 21일 19시,일요일,광주광역시 광산구 장록동,사망사고,1,0,0,0,차대사람 - 차도통행중,안전운전불이행,건조,맑음,단일로 - 기타,승용,남,34세,상해없음,보행자,남,70세,사망
2018102100100471,2018년 10월 21일 19시,일요일,광주광역시 광산구 비아동,경상사고,0,0,1,0,차대차 - 측면충돌,안전운전불이행,건조,맑음,교차로 - 교차로부근,승용,남,63세,상해없음,승용,남,37세,경상
2018102100100504,2018년 10월 21일 20시,일요일,광주광역시 북구 문흥동,경상사고,0,0,1,0,차대차 - 추돌,안전운전불이행,건조,맑음,단일로 - 기타,화물,남,64세,상해없음,승용,남,53세,경상
2018102100100565,2018년 10월 21일 23시,일요일,광주광역시 광산구 우산동,중상사고,0,1,0,0,차대사람 - 횡단중,신호위반,건조,맑음,교차로 - 교차로안,승용,남,58세,상해없음,보행자,여,26세,중상
2018102200100026,2018년 10월 22일 04시,월요일,광주광역시 동구 학동,경상사고,0,0,1,0,차대차 - 측면충돌,신호위반,건조,맑음,교차로 - 교차로안,승용,남,76세,상해없음,승용,남,21세,경상
2018102200100069,2018년 10월 22일 07시,월요일,광주광역시 북구 문흥동,중상사고,0,1,2,0,차대차 - 정면충돌,직진우회전진행방해,건조,맑음,교차로 - 교차로안,승용,여,47세,경상,승용,남,33세,중상
2018102200100104,2018년 10월 22일 08시,월요일,광주광역시 서구 풍암동,중상사고,0,1,2,0,차대차 - 측면충돌,차로위반,건조,맑음,단일로 - 기타,화물,남,71세,상해없음,승합,남,58세,상해없음
2018102200100136,2018년 10월 22일 09시,월요일,광주광역시 서구 농성동,경상사고,0,0,1,0,차대차 - 측면충돌,안전운전불이행,건조,맑음,교차로 - 교차로안,승용,남,46세,상해없음,이륜,남,36세,경상
2018102200100289,2018년 10월 22일 14시,월요일,광주광역시 북구 양산동,경상사고,0,0,1,0,차대사람 - 횡단중,안전운전불이행,건조,맑음,교차로 - 교차로부근,승용,남,69세,상해없음,보행자,남,70세,경상
2018102200100290,2018년 10월 22일 14시,월요일,광주광역시 광산구 쌍암동,경상사고,0,0,2,0,차대차 - 기타,중앙선침범,건조,맑음,단일로 - 기타,승용,여,55세,상해없음,승용,여,22세,경상
2018102200100326,2018년 10월 22일 15시,월요일,광주광역시 광산구 장덕동,경상사고,0,0,2,0,차대차 - 측면충돌,안전거리미확보,건조,맑음,교차로 - 교차로부근,승용,남,37세,경상,건설기계,남,52세,경상
2018102200100353,2018년 10월 22일 16시,월요일,광주광역시 동구 지산동,중상사고,0,1,0,0,차량단독 - 기타,기타,건조,맑음,단일로 - 기타,승합,남,50세,상해없음,,,,
2018102200100354,2018년 10월 22일 16시,월요일,광주광역시 서구 쌍촌동,경상사고,0,0,1,0,차대차 - 기타,안전운전불이행,건조,맑음,교차로 - 교차로부근,승용,여,60세,상해없음,이륜,남,21세,경상
2018102200100355,2018년 10월 22일 16시,월요일,광주광역시 서구 치평동,중상사고,0,1,0,0,차대사람 - 보도통행중,보행자보호의무위반,건조,맑음,교차로 - 교차로횡단보도내,승용,남,53세,상해없음,보행자,여,48세,중상
2018102200100356,2018년 10월 22일 16시,월요일,광주광역시 북구 동림동,경상사고,0,0,2,0,차대차 - 측면충돌,교차로운행방법위반,건조,맑음,교차로 - 교차로안,승용,여,50세,경상,승용,여,29세,경상
2018102200100400,2018년 10월 22일 17시,월요일,광주광역시 북구 신안동,경상사고,0,0,1,0,차대사람 - 기타,안전운전불이행,건조,맑음,단일로 - 기타,화물,남,38세,상해없음,보행자,여,68세,경상
2018102200100401,2018년 10월 22일 17시,월요일,광주광역시 북구 용봉동,중상사고,0,1,3,0,차대차 - 측면충돌,교차로운행방법위반,건조,맑음,교차로 - 교차로안,승합,남,69세,상해없음,승용,여,25세,경상
2018102200100468,2018년 10월 22일 18시,월요일,광주광역시 서구 광천동,경상사고,0,0,1,0,차량단독 - 기타,안전운전불이행,건조,맑음,단일로 - 기타,승합,남,61세,상해없음,,,,
2018102200100469,2018년 10월 22일 18시,월요일,광주광역시 서구 쌍촌동,부상신고사고,0,0,0,1,차량단독 - 공작물충돌,안전운전불이행,건조,맑음,단일로 - 기타,승용,남,48세,부상신고,,,,
2018102200100470,2018년 10월 22일 18시,월요일,광주광역시 북구 신안동,경상사고,0,0,2,0,차대차 - 측면충돌,안전운전불이행,건조,맑음,교차로 - 교차로안,승용,남,78세,상해없음,승용,남,56세,경상
2018102200100471,2018년 10월 22일 18시,월요일,광주광역시 광산구 월곡동,경상사고,0,0,1,0,차대차 - 측면충돌,안전운전불이행,건조,맑음,교차로 - 교차로안,승용,여,55세,상해없음,이륜,남,36세,경상
2018102200100472,2018년 10월 22일 18시,월요일,광주광역시 광산구 월곡동,경상사고,0,0,2,0,차대차 - 측면충돌,안전운전불이행,건조,맑음,교차로 - 교차로부근,화물,남,53세,경상,승용,남,47세,경상
2018102200100473,2018년 10월 22일 18시,월요일,광주광역시 광산구 비아동,경상사고,0,0,2,0,차대차 - 측면충돌,안전운전불이행,건조,맑음,교차로 - 교차로안,승용,남,55세,경상,승용,남,45세,경상
2018102200100516,2018년 10월 22일 19시,월요일,광주광역시 북구 연제동,경상사고,0,0,2,0,차대차 - 기타,안전운전불이행,건조,맑음,교차로 - 교차로안,승용,남,59세,상해없음,승용,여,41세,경상
2018102200100517,2018년 10월 22일 19시,월요일,광주광역시 광산구 장덕동,중상사고,0,1,0,0,차대차 - 측면충돌,신호위반,건조,맑음,교차로 - 교차로안,이륜,남,23세,중상,승용,남,31세,상해없음
2018102200100518,2018년 10월 22일 19시,월요일,광주광역시 광산구 운남동,경상사고,0,0,3,0,차대차 - 측면충돌,교차로운행방법위반,건조,맑음,교차로 - 교차로안,승용,남,56세,경상,승용,남,55세,경상
2018102200100537,2018년 10월 22일 20시,월요일,광주광역시 서구 쌍촌동,경상사고,0,0,1,0,차대차 - 기타,중앙선침범,건조,맑음,교차로 - 교차로부근,승용,남,56세,상해없음,승용,남,42세,경상
2018102200100538,2018년 10월 22일 20시,월요일,광주광역시 남구 월산동,중상사고,0,1,0,0,차대사람 - 횡단중,안전운전불이행,건조,맑음,교차로 - 교차로부근,승용,남,63세,상해없음,보행자,남,13세,중상
2018102200100580,2018년 10월 22일 22시,월요일,광주광역시 광산구 송정동,경상사고,0,0,1,0,차대차 - 기타,안전운전불이행,건조,맑음,교차로 - 교차로안,승용,남,18세,상해없음,이륜,남,16세,경상
2018102300100008,2018년 10월 23일 00시,화요일,광주광역시 광산구 신촌동,경상사고,0,0,1,0,차대차 - 추돌,안전운전불이행,건조,맑음,교차로 - 교차로부근,승용,남,28세,상해없음,승용,여,54세,경상
2018102300100018,2018년 10월 23일 01시,화요일,광주광역시 북구 양산동,경상사고,0,0,1,0,차량단독 - 공작물충돌,안전운전불이행,건조,맑음,교차로 - 교차로안,승용,남,59세,상해없음,,,,
2018102300100031,2018년 10월 23일 03시,화요일,광주광역시 서구 풍암동,중상사고,0,1,0,0,차량단독 - 기타,안전운전불이행,건조,맑음,교차로 - 교차로안,이륜,남,19세,상해없음,,,,
2018102300100032,2018년 10월 23일 03시,화요일,광주광역시 북구 일곡동,중상사고,0,1,0,0,차대사람 - 차도통행중,안전운전불이행,건조,맑음,단일로 - 기타,승용,여,24세,상해없음,보행자,남,58세,중상
2018102300100083,2018년 10월 23일 07시,화요일,광주광역시 서구 쌍촌동,중상사고,0,1,1,0,차대사람 - 기타,안전거리미확보,건조,맑음,교차로 - 교차로안,건설기계,남,57세,중상,보행자,여,27세,경상
2018102300100084,2018년 10월 23일 07시,화요일,광주광역시 북구 운암동,경상사고,0,0,3,0,차대차 - 기타,직진우회전진행방해,건조,맑음,교차로 - 교차로안,승합,남,25세,상해없음,승용,여,46세,경상
2018102300100125,2018년 10월 23일 08시,화요일,광주광역시 서구 풍암동,경상사고,0,0,1,0,차대차 - 측면충돌,안전운전불이행,건조,맑음,교차로 - 교차로안,승합,남,71세,기타불명,승용,남,26세,경상
2018102300100126,2018년 10월 23일 08시,화요일,광주광역시 서구 내방동,경상사고,0,0,3,0,차대차 - 기타,안전운전불이행,건조,맑음,단일로 - 기타,승용,여,45세,경상,승용,남,30세,경상
2018102300100127,2018년 10월 23일 08시,화요일,광주광역시 북구 운암동,경상사고,0,0,1,0,차대차 - 기타,안전운전불이행,건조,맑음,교차로 - 교차로안,기타불명,기타불명,미분류,기타불명,승합,남,47세,상해없음
2018102300100128,2018년 10월 23일 08시,화요일,광주광역시 북구 각화동,경상사고,0,0,1,0,차대차 - 측면충돌,안전거리미확보,건조,맑음,교차로 - 교차로부근,화물,남,73세,상해없음,승합,남,35세,경상
2018102300100129,2018년 10월 23일 08시,화요일,광주광역시 북구 운암동,경상사고,0,0,3,0,차대차 - 기타,안전거리미확보,건조,맑음,교차로 - 교차로안,승용,남,33세,경상,승용,남,31세,경상
2018102300100130,2018년 10월 23일 08시,화요일,광주광역시 광산구 장덕동,경상사고,0,0,1,0,차대차 - 측면충돌,신호위반,건조,맑음,교차로 - 교차로안,화물,남,57세,상해없음,화물,남,33세,경상
2018102300100168,2018년 10월 23일 09시,화요일,광주광역시 서구 풍암동,중상사고,0,1,0,0,차대사람 - 횡단중,보행자보호의무위반,젖음/습기,비,교차로 - 교차로안,승용,여,46세,기타불명,보행자,남,83세,중상
2018102300100169,2018년 10월 23일 09시,화요일,광주광역시 남구 월산동,경상사고,0,0,1,0,차대차 - 측면충돌,안전운전불이행,건조,맑음,단일로 - 기타,승용,여,27세,상해없음,자전거,남,64세,경상
2018102300100203,2018년 10월 23일 10시,화요일,광주광역시 서구 유촌동,경상사고,0,0,2,0,차대차 - 추돌,안전거리미확보,젖음/습기,비,단일로 - 기타,승용,남,53세,상해없음,승용,여,39세,경상
2018102300100281,2018년 10월 23일 13시,화요일,광주광역시 서구 금호동,경상사고,0,0,2,0,차대차 - 추돌,안전운전불이행,건조,맑음,교차로 - 교차로부근,승용,여,39세,상해없음,승용,여,55세,경상
2018102300100310,2018년 10월 23일 14시,화요일,광주광역시 동구 대의동,경상사고,0,0,1,0,차대사람 - 기타,안전운전불이행,건조,맑음,단일로 - 기타,승용,남,70세,상해없음,보행자,남,61세,경상
2018102300100311,2018년 10월 23일 14시,화요일,광주광역시 서구 화정동,경상사고,0,0,1,0,차대사람 - 기타,불법유턴,건조,맑음,단일로 - 기타,승용,남,57세,상해없음,보행자,여,60세,경상
2018102300100312,2018년 10월 23일 14시,화요일,광주광역시 북구 중흥동,경상사고,0,0,1,0,차대차 - 기타,교차로운행방법위반,건조,맑음,교차로 - 교차로부근,승용,남,48세,상해없음,승용,남,66세,경상
2018102300100339,2018년 10월 23일 15시,화요일,광주광역시 서구 벽진동,경상사고,0,0,1,0,차대차 - 추돌,안전운전불이행,건조,맑음,단일로 - 기타,화물,남,35세,상해없음,승용,여,47세,경상
2018102300100340,2018년 10월 23일 15시,화요일,광주광역시 북구 두암동,경상사고,0,0,3,0,차대차 - 측면충돌,안전운전불이행,건조,맑음,단일로 - 기타,승용,남,73세,상해없음,승용,여,50세,경상
2018102300100485,2018년 10월 23일 18시,화요일,광주광역시 북구 풍향동,경상사고,0,0,1,0,차대차 - 후진중충돌,안전운전불이행,건조,맑음,교차로 - 교차로부근,승용,남,55세,상해없음,승용,남,43세,경상
2018102300100486,2018년 10월 23일 18시,화요일,광주광역시 광산구 수완동,경상사고,0,0,3,0,차대차 - 측면충돌,교차로운행방법위반,건조,맑음,교차로 - 교차로안,승용,남,38세,경상,원동기,남,59세,경상
2018102300100527,2018년 10월 23일 19시,화요일,광주광역시 북구 두암동,경상사고,0,0,1,0,차대사람 - 횡단중,신호위반,건조,맑음,단일로 - 기타,승용,남,60세,상해없음,보행자,남,16세,경상
2018102300100582,2018년 10월 23일 21시,화요일,광주광역시 서구 농성동,중상사고,0,1,0,0,차대차 - 추돌,안전운전불이행,건조,맑음,단일로 - 기타,승용,남,56세,상해없음,승용,남,48세,중상
2018102300100583,2018년 10월 23일 21시,화요일,광주광역시 북구 양산동,경상사고,0,0,1,0,차대차 - 추돌,안전운전불이행,건조,맑음,교차로 - 교차로부근,승용,남,56세,상해없음,승용,남,25세,경상
2018102400100017,2018년 10월 24일 01시,수요일,광주광역시 광산구 신창동,경상사고,0,0,1,0,차대차 - 측면충돌,중앙선침범,건조,맑음,단일로 - 기타,승용,남,29세,상해없음,승용,남,58세,경상
2018102400100029,2018년 10월 24일 04시,수요일,광주광역시 남구 구동,중상사고,0,1,1,0,차대차 - 측면충돌,신호위반,건조,맑음,교차로 - 교차로안,화물,여,49세,상해없음,승용,남,22세,경상
2018102400100141,2018년 10월 24일 08시,수요일,광주광역시 남구 서동,경상사고,0,0,1,0,차대차 - 기타,교차로운행방법위반,건조,맑음,교차로 - 교차로안,승용,남,60세,상해없음,승용,여,35세,경상
2018102400100142,2018년 10월 24일 08시,수요일,광주광역시 북구 운암동,중상사고,0,1,0,0,차대사람 - 횡단중,안전운전불이행,건조,맑음,단일로 - 기타,화물,남,43세,상해없음,보행자,남,71세,중상
2018102400100191,2018년 10월 24일 09시,수요일,광주광역시 북구 두암동,경상사고,0,0,1,0,차대사람 - 기타,안전운전불이행,건조,맑음,단일로 - 기타,승합,남,55세,상해없음,보행자,여,66세,경상
2018102400100274,2018년 10월 24일 12시,수요일,광주광역시 서구 광천동,경상사고,0,0,1,0,차대차 - 추돌,안전운전불이행,건조,맑음,교차로 - 교차로부근,승용,남,62세,상해없음,승용,여,56세,경상
2018102400100325,2018년 10월 24일 13시,수요일,광주광역시 광산구 산월동,사망사고,1,0,0,0,차대사람 - 횡단중,안전운전불이행,건조,맑음,단일로 - 기타,화물,남,38세,상해없음,보행자,남,75세,사망
2018102400100326,2018년 10월 24일 13시,수요일,광주광역시 광산구 신가동,경상사고,0,0,1,0,차대차 - 측면충돌,안전운전불이행,건조,맑음,교차로 - 교차로안,승용,남,53세,상해없음,승용,남,32세,경상
2018102400100457,2018년 10월 24일 16시,수요일,광주광역시 서구 화정동,경상사고,0,0,1,0,차대차 - 추돌,안전거리미확보,건조,맑음,단일로 - 기타,승용,남,51세,상해없음,승용,남,32세,경상
2018102400100458,2018년 10월 24일 16시,수요일,광주광역시 북구 두암동,경상사고,0,0,1,0,차대차 - 측면충돌,교차로운행방법위반,건조,맑음,교차로 - 교차로안,승용,여,45세,상해없음,자전거,남,35세,경상
2018102400100501,2018년 10월 24일 17시,수요일,광주광역시 서구 양동,경상사고,0,0,3,0,차대차 - 후진중충돌,안전운전불이행,건조,맑음,단일로 - 기타,승용,여,36세,상해없음,승용,남,32세,경상
2018102400100502,2018년 10월 24일 17시,수요일,광주광역시 남구 주월동,경상사고,0,0,2,0,차대차 - 추돌,안전거리미확보,건조,맑음,단일로 - 기타,승용,남,64세,상해없음,승용,남,60세,경상
2018102400100503,2018년 10월 24일 17시,수요일,광주광역시 광산구 산정동,경상사고,0,0,2,0,차대차 - 측면충돌,신호위반,건조,맑음,교차로 - 교차로안,승용,여,25세,상해없음,승용,남,28세,경상
2018102400100577,2018년 10월 24일 18시,수요일,광주광역시 광산구 월곡동,경상사고,0,0,1,0,차대사람 - 횡단중,보행자보호의무위반,건조,맑음,교차로 - 교차로횡단보도내,승합,남,49세,상해없음,보행자,남,28세,경상
2018102400100578,2018년 10월 24일 18시,수요일,광주광역시 광산구 도천동,경상사고,0,0,1,0,차대차 - 측면충돌,안전운전불이행,건조,맑음,교차로 - 교차로안,승용,남,35세,상해없음,승용,여,44세,경상
2018102400100625,2018년 10월 24일 19시,수요일,광주광역시 남구 진월동,경상사고,0,0,4,1,차대차 - 추돌,안전거리미확보,건조,맑음,단일로 - 기타,승용,여,24세,상해없음,승용,남,26세,경상