사고번호,사고일시,요일,시군구,사고내용,사망자수,중상자수,경상자수,부상신고자수,사고유형,법규위반,노면상태,기상상태,도로형태,가해운전자 차종,가해운전자 성별,가해운전자 연령,가해운전자 상해정도,피해운전자 차종,피해운전자 성별,피해운전자 연령,피해운전자 상해정도
2018102400100626,2018년 10월 24일 19시,수요일,광주광역시 북구 우산동,경상사고,0,0,1,0,차대사람 - 기타,기타,건조,맑음,단일로 - 기타,승합,남,57세,상해없음,보행자,여,77세,경상
2018102400100627,2018년 10월 24일 19시,수요일,광주광역시 광산구 비아동,경상사고,0,0,1,0,차대차 - 추돌,안전운전불이행,건조,맑음,단일로 - 기타,화물,남,46세,상해없음,승용,여,47세,경상
2018102400100628,2018년 10월 24일 19시,수요일,광주광역시 광산구 신촌동,중상사고,0,1,1,0,차대차 - 추돌,중앙선침범,건조,맑음,단일로 - 기타,승용,남,35세,상해없음,승용,남,40세,경상
2018102500100017,2018년 10월 25일 01시,목요일,광주광역시 광산구 월계동,경상사고,0,0,2,0,차대차 - 기타,중앙선침범,건조,맑음,단일로 - 기타,승용,남,31세,상해없음,승용,남,35세,경상
2018102500100150,2018년 10월 25일 08시,목요일,광주광역시 동구 서석동,경상사고,0,0,1,0,차대차 - 추돌,안전거리미확보,건조,맑음,단일로 - 기타,승용,남,60세,상해없음,승용,남,31세,경상
2018102500100226,2018년 10월 25일 10시,목요일,광주광역시 서구 마륵동,중상사고,0,1,0,0,차대차 - 측면충돌,안전운전불이행,건조,맑음,단일로 - 기타,화물,남,43세,상해없음,자전거,남,88세,중상
2018102500100329,2018년 10월 25일 13시,목요일,광주광역시 북구 중흥동,중상사고,0,1,0,0,차대사람 - 기타,안전운전불이행,건조,맑음,교차로 - 교차로부근,승용,남,27세,상해없음,보행자,여,46세,중상
2018102500100366,2018년 10월 25일 14시,목요일,광주광역시 서구 화정동,경상사고,0,0,1,0,차대사람 - 기타,안전운전불이행,건조,맑음,교차로 - 교차로안,승용,여,49세,상해없음,보행자,여,68세,경상
2018102500100413,2018년 10월 25일 15시,목요일,광주광역시 남구 월산동,사망사고,1,0,0,0,차대사람 - 횡단중,보행자보호의무위반,건조,맑음,교차로 - 교차로안,화물,남,26세,상해없음,보행자,여,72세,사망
2018102500100454,2018년 10월 25일 16시,목요일,광주광역시 서구 유촌동,중상사고,0,1,0,0,차대차 - 측면충돌,안전운전불이행,건조,맑음,교차로 - 교차로안,승용,남,30세,상해없음,이륜,남,71세,중상
2018102500100455,2018년 10월 25일 16시,목요일,광주광역시 광산구 운수동,중상사고,0,1,0,0,차대차 - 추돌,안전운전불이행,건조,맑음,교차로 - 교차로안,화물,남,37세,상해없음,이륜,남,75세,중상
2018102500100501,2018년 10월 25일 17시,목요일,광주광역시 광산구 수완동,경상사고,0,0,1,0,차대차 - 기타,안전운전불이행,건조,맑음,단일로 - 기타,화물,남,53세,상해없음,승용,여,36세,기타불명
2018102500100569,2018년 10월 25일 18시,목요일,광주광역시 광산구 신가동,경상사고,0,0,2,0,차대차 - 측면충돌,안전운전불이행,건조,맑음,단일로 - 기타,승용,남,61세,상해없음,승용,여,33세,상해없음
2018102500100646,2018년 10월 25일 20시,목요일,광주광역시 북구 양산동,경상사고,0,0,1,0,차대차 - 측면충돌,중앙선침범,건조,맑음,단일로 - 기타,승용,남,44세,상해없음,이륜,남,20세,경상
2018102500100647,2018년 10월 25일 20시,목요일,광주광역시 북구 오치동,경상사고,0,0,2,0,차대차 - 측면충돌,안전운전불이행,건조,맑음,단일로 - 기타,승용,남,41세,상해없음,화물,여,61세,경상
2018102500100670,2018년 10월 25일 21시,목요일,광주광역시 서구 동천동,경상사고,0,0,2,0,차대차 - 기타,직진우회전진행방해,건조,맑음,교차로 - 교차로안,승용,여,52세,경상,승용,남,60세,경상
2018102500100671,2018년 10월 25일 21시,목요일,광주광역시 남구 주월동,경상사고,0,0,1,0,차대차 - 측면충돌,안전거리미확보,건조,맑음,단일로 - 기타,승용,남,54세,상해없음,이륜,남,25세,경상
2018102500100707,2018년 10월 25일 23시,목요일,광주광역시 서구 쌍촌동,경상사고,0,0,3,0,차대차 - 기타,신호위반,건조,맑음,교차로 - 교차로안,승용,남,31세,상해없음,승용,남,30세,경상
2018102600100029,2018년 10월 26일 02시,금요일,광주광역시 서구 농성동,중상사고,0,1,1,0,차대차 - 측면충돌,신호위반,건조,맑음,교차로 - 교차로안,승용,남,26세,상해없음,승용,남,45세,경상
2018102600100100,2018년 10월 26일 07시,금요일,광주광역시 서구 농성동,경상사고,0,0,1,0,차량단독 - 기타,기타,건조,맑음,단일로 - 기타,승합,남,72세,상해없음,,,,
2018102600100101,2018년 10월 26일 07시,금요일,광주광역시 광산구 우산동,경상사고,0,0,2,0,차대차 - 추돌,안전거리미확보,건조,맑음,단일로 - 터널,승용,남,59세,경상,승용,남,30세,경상
2018102600100135,2018년 10월 26일 08시,금요일,광주광역시 북구 풍향동,경상사고,0,0,1,1,차대차 - 기타,교차로운행방법위반,건조,맑음,단일로 - 기타,승용,남,56세,상해없음,승합,남,52세,부상신고
2018102600100164,2018년 10월 26일 09시,금요일,광주광역시 서구 금호동,중상사고,0,1,0,0,차대사람 - 횡단중,신호위반,건조,맑음,교차로 - 교차로횡단보도내,승용,여,57세,상해없음,보행자,여,90세 이상,중상
2018102600100165,2018년 10월 26일 09시,금요일,광주광역시 서구 쌍촌동,경상사고,0,0,1,0,차대사람 - 횡단중,안전운전불이행,건조,맑음,교차로 - 교차로안,승용,남,26세,상해없음,보행자,여,68세,경상
2018102600100247,2018년 10월 26일 12시,금요일,광주광역시 남구 주월동,중상사고,0,1,0,0,차대사람 - 횡단중,신호위반,젖음/습기,비,교차로 - 교차로횡단보도내,승용,여,40세,상해없음,보행자,남,14세,중상
2018102600100279,2018년 10월 26일 13시,금요일,광주광역시 남구 진월동,경상사고,0,0,2,0,차대차 - 측면충돌,신호위반,젖음/습기,흐림,교차로 - 교차로안,이륜,남,51세,상해없음,승용,여,65세,경상
2018102600100317,2018년 10월 26일 14시,금요일,광주광역시 동구 불로동,경상사고,0,0,1,0,차대차 - 측면충돌,신호위반,건조,맑음,교차로 - 교차로안,승용,여,55세,상해없음,승용,남,58세,경상
2018102600100318,2018년 10월 26일 14시,금요일,광주광역시 서구 매월동,경상사고,0,0,1,0,차대차 - 측면충돌,안전운전불이행,건조,맑음,교차로 - 교차로안,승용,여,68세,상해없음,승용,남,54세,경상
2018102600100319,2018년 10월 26일 14시,금요일,광주광역시 서구 치평동,경상사고,0,0,2,0,차대차 - 측면충돌,직진우회전진행방해,젖음/습기,비,교차로 - 교차로안,승용,남,40세,경상,승용,여,48세,경상
2018102600100355,2018년 10월 26일 15시,금요일,광주광역시 서구 치평동,경상사고,0,0,1,0,차대차 - 측면충돌,안전운전불이행,건조,맑음,주차장 - 주차장,승용,남,37세,기타불명,승용,여,51세,경상
2018102600100356,2018년 10월 26일 15시,금요일,광주광역시 광산구 운수동,경상사고,0,0,1,0,차대차 - 측면충돌,중앙선침범,건조,맑음,교차로 - 교차로부근,승용,여,57세,상해없음,승용,남,42세,경상
2018102600100394,2018년 10월 26일 16시,금요일,광주광역시 서구 세하동,경상사고,0,0,1,0,차대차 - 추돌,안전거리미확보,건조,맑음,단일로 - 기타,화물,남,57세,상해없음,승용,남,70세,경상
2018102600100395,2018년 10월 26일 16시,금요일,광주광역시 북구 각화동,경상사고,0,0,2,0,차대차 - 측면충돌,신호위반,젖음/습기,비,교차로 - 교차로안,승용,여,56세,상해없음,승용,여,53세,경상
2018102600100434,2018년 10월 26일 17시,금요일,광주광역시 남구 주월동,경상사고,0,0,2,0,차량단독 - 공작물충돌,안전운전불이행,건조,맑음,단일로 - 고가도로위,승용,남,55세,상해없음,,,,
2018102600100507,2018년 10월 26일 18시,금요일,광주광역시 동구 학동,경상사고,0,0,1,0,차대차 - 측면충돌,안전운전불이행,건조,맑음,단일로 - 기타,승용,여,55세,기타불명,승용,남,28세,경상
2018102600100508,2018년 10월 26일 18시,금요일,광주광역시 서구 쌍촌동,경상사고,0,0,1,0,차량단독 - 기타,기타,건조,맑음,교차로 - 교차로안,승용,남,61세,상해없음,,,,
2018102600100509,2018년 10월 26일 18시,금요일,광주광역시 북구 신안동,경상사고,0,0,1,0,차대차 - 기타,교차로운행방법위반,건조,맑음,교차로 - 교차로부근,화물,남,56세,상해없음,승용,남,61세,경상
2018102600100510,2018년 10월 26일 18시,금요일,광주광역시 북구 두암동,경상사고,0,0,1,0,차대사람 - 차도통행중,보행자보호의무위반,건조,맑음,교차로 - 교차로안,기타불명,기타불명,미분류,기타불명,보행자,여,11세,경상
2018102600100511,2018년 10월 26일 18시,금요일,광주광역시 북구 신안동,경상사고,0,0,1,0,차대차 - 추돌,안전운전불이행,건조,맑음,단일로 - 기타,승용,남,55세,상해없음,승용,여,42세,경상
2018102600100579,2018년 10월 26일 19시,금요일,광주광역시 동구 학동,경상사고,0,0,1,0,차대사람 - 횡단중,보행자보호의무위반,건조,맑음,교차로 - 교차로횡단보도내,승용,여,69세,상해없음,보행자,여,36세,경상
2018102600100580,2018년 10월 26일 19시,금요일,광주광역시 북구 용봉동,경상사고,0,0,1,0,차대차 - 정면충돌,안전운전불이행,건조,맑음,단일로 - 기타,이륜,남,49세,경상,승용,남,60세,상해없음
2018102600100613,2018년 10월 26일 20시,금요일,광주광역시 북구 풍향동,경상사고,0,0,6,0,차대차 - 추돌,안전운전불이행,젖음/습기,흐림,단일로 - 기타,승용,남,42세,경상,승용,남,41세,경상
2018102600100614,2018년 10월 26일 20시,금요일,광주광역시 광산구 선암동,경상사고,0,0,3,0,차대차 - 추돌,과속,건조,맑음,교차로 - 교차로부근,승용,남,50세,상해없음,승용,남,45세,경상
2018102600100683,2018년 10월 26일 22시,금요일,광주광역시 서구 화정동,경상사고,0,0,1,0,차대사람 - 기타,안전운전불이행,젖음/습기,비,교차로 - 교차로안,승용,남,38세,상해없음,보행자,남,43세,경상
2018102600100684,2018년 10월 26일 22시,금요일,광주광역시 북구 운암동,경상사고,0,0,2,0,차대차 - 추돌,안전운전불이행,젖음/습기,흐림,단일로 - 기타,승용,남,26세,상해없음,승용,남,36세,경상
2018102600100704,2018년 10월 26일 23시,금요일,광주광역시 광산구 송정동,경상사고,0,0,1,0,차대차 - 기타,안전운전불이행,건조,맑음,단일로 - 기타,승용,남,40세,상해없음,자전거,남,62세,경상
2018102700100016,2018년 10월 27일 00시,토요일,광주광역시 북구 운암동,중상사고,0,1,0,0,차대사람 - 기타,안전운전불이행,젖음/습기,흐림,교차로 - 교차로안,승용,남,46세,상해없음,보행자,여,21세,중상
2018102700100035,2018년 10월 27일 01시,토요일,광주광역시 북구 양산동,경상사고,0,0,1,0,차대차 - 추돌,안전운전불이행,건조,맑음,단일로 - 기타,승용,남,21세,상해없음,승용,남,27세,경상
2018102700100067,2018년 10월 27일 03시,토요일,광주광역시 서구 치평동,경상사고,0,0,1,0,차대차 - 측면충돌,안전거리미확보,건조,맑음,단일로 - 기타,승용,남,45세,상해없음,승용,남,52세,경상
2018102700100091,2018년 10월 27일 05시,토요일,광주광역시 북구 매곡동,경상사고,0,0,1,0,차대차 - 측면충돌,교차로운행방법위반,건조,맑음,교차로 - 교차로안,승용,남,23세,상해없음,승용,여,23세,경상
2018102700100104,2018년 10월 27일 06시,토요일,광주광역시 서구 쌍촌동,경상사고,0,0,2,0,차대차 - 추돌,안전운전불이행,건조,맑음,교차로 - 교차로부근,승용,남,30세,상해없음,승용,여,50세,경상
2018102700100105,2018년 10월 27일 06시,토요일,광주광역시 북구 동림동,경상사고,0,0,7,1,차대차 - 추돌,안전운전불이행,건조,맑음,단일로 - 기타,승용,남,39세,상해없음,승용,남,32세,경상
2018102700100255,2018년 10월 27일 11시,토요일,광주광역시 남구 월산동,경상사고,0,0,1,0,차대차 - 측면충돌,안전거리미확보,건조,맑음,단일로 - 기타,승용,남,45세,상해없음,이륜,남,64세,경상
2018102700100256,2018년 10월 27일 11시,토요일,광주광역시 광산구 도산동,경상사고,0,0,1,0,차대사람 - 기타,안전운전불이행,건조,맑음,단일로 - 기타,승용,여,23세,상해없음,보행자,남,65세,경상
2018102700100293,2018년 10월 27일 12시,토요일,광주광역시 서구 광천동,경상사고,0,0,1,0,차대차 - 기타,안전거리미확보,건조,맑음,단일로 - 기타,승용,남,63세,상해없음,승용,여,32세,상해없음
2018102700100294,2018년 10월 27일 12시,토요일,광주광역시 북구 두암동,경상사고,0,0,1,0,차대차 - 측면충돌,안전운전불이행,건조,맑음,단일로 - 기타,승용,남,59세,상해없음,승용,남,39세,경상
2018102700100321,2018년 10월 27일 13시,토요일,광주광역시 서구 광천동,경상사고,0,0,1,0,차대차 - 측면충돌,안전운전불이행,젖음/습기,비,단일로 - 기타,승용,남,46세,상해없음,승용,남,44세,경상
2018102700100322,2018년 10월 27일 13시,토요일,광주광역시 북구 본촌동,중상사고,0,1,0,0,차대차 - 측면충돌,직진우회전진행방해,건조,맑음,교차로 - 교차로안,승용,남,46세,상해없음,자전거,남,14세,중상
2018102700100375,2018년 10월 27일 14시,토요일,광주광역시 북구 중흥동,경상사고,0,0,2,0,차대차 - 측면충돌,신호위반,젖음/습기,흐림,교차로 - 교차로안,승용,남,59세,상해없음,승용,여,44세,경상
2018102700100419,2018년 10월 27일 15시,토요일,광주광역시 북구 중흥동,경상사고,0,0,2,0,차대차 - 측면충돌,교차로운행방법위반,건조,맑음,교차로 - 교차로안,승용,남,57세,기타불명,승용,여,28세,경상
2018102700100458,2018년 10월 27일 16시,토요일,광주광역시 서구 매월동,경상사고,0,0,1,0,차대차 - 측면충돌,신호위반,건조,맑음,교차로 - 교차로안,승용,남,34세,상해없음,승용,남,40세,경상
2018102700100459,2018년 10월 27일 16시,토요일,광주광역시 서구 풍암동,중상사고,0,1,0,0,차대사람 - 횡단중,중앙선침범,건조,맑음,단일로 - 기타,승용,남,53세,기타불명,보행자,여,12세,중상
2018102700100494,2018년 10월 27일 17시,토요일,광주광역시 광산구 월곡동,부상신고사고,0,0,0,1,차량단독 - 기타,안전운전불이행,젖음/습기,흐림,교차로 - 교차로부근,승용,여,59세,부상신고,,,,
2018102700100602,2018년 10월 27일 19시,토요일,광주광역시 서구 매월동,경상사고,0,0,1,0,차대차 - 기타,신호위반,건조,맑음,교차로 - 교차로안,승용,남,39세,상해없음,승용,남,70세,경상
2018102700100603,2018년 10월 27일 19시,토요일,광주광역시 남구 주월동,경상사고,0,0,2,0,차대차 - 측면충돌,신호위반,건조,맑음,교차로 - 교차로안,승용,남,72세,상해없음,승용,여,47세,경상
2018102700100634,2018년 10월 27일 20시,토요일,광주광역시 북구 중흥동,경상사고,0,0,3,0,차대차 - 추돌,기타,건조,흐림,단일로 - 기타,기타불명,기타불명,미분류,기타불명,기타불명,기타불명,미분류,기타불명
2018102700100694,2018년 10월 27일 22시,토요일,광주광역시 북구 용봉동,경상사고,0,0,1,0,차대차 - 추돌,안전운전불이행,건조,맑음,단일로 - 기타,승용,여,42세,상해없음,승용,남,42세,경상
2018102700100695,2018년 10월 27일 22시,토요일,광주광역시 광산구 월곡동,경상사고,0,0,2,0,차대사람 - 길가장자리구역통행중,안전운전불이행,건조,맑음,교차로 - 교차로부근,승용,남,31세,상해없음,보행자,여,18세,경상
2018102800100015,2018년 10월 28일 00시,일요일,광주광역시 북구 용봉동,경상사고,0,0,1,0,차대차 - 측면충돌,안전운전불이행,건조,맑음,교차로 - 교차로부근,기타불명,기타불명,미분류,기타불명,승용,남,26세,경상
2018102800100067,2018년 10월 28일 04시,일요일,광주광역시 광산구 쌍암동,경상사고,0,0,3,0,차대차 - 추돌,안전운전불이행,건조,맑음,교차로 - 교차로부근,승용,남,35세,상해없음,승용,남,41세,경상
2018102800100106,2018년 10월 28일 07시,일요일,광주광역시 북구 연제동,경상사고,0,0,3,0,차대차 - 추돌,안전운전불이행,건조,맑음,교차로 - 교차로부근,승용,남,26세,상해없음,승용,남,54세,경상
2018102800100125,2018년 10월 28일 08시,일요일,광주광역시 광산구 하산동,경상사고,0,0,1,0,차대차 - 추돌,안전운전불이행,건조,맑음,교차로 - 교차로안,승용,남,67세,상해없음,승용,남,70세,상해없음
2018102800100149,2018년 10월 28일 09시,일요일,광주광역시 서구 풍암동,중상사고,0,1,0,0,차대차 - 측면충돌,중앙선침범,건조,맑음,단일로 - 기타,승용,남,59세,상해없음,승용,여,34세,중상
2018102800100224,2018년 10월 28일 12시,일요일,광주광역시 광산구 신창동,경상사고,0,0,3,0,차대차 - 측면충돌,안전거리미확보,건조,맑음,단일로 - 기타,승용,여,50세,상해없음,승용,남,69세,경상
2018102800100252,2018년 10월 28일 13시,일요일,광주광역시 남구 봉선동,중상사고,0,1,0,0,차대차 - 측면충돌,교차로운행방법위반,건조,맑음,교차로 - 교차로안,승용,여,37세,상해없음,이륜,남,26세,중상
2018102800100253,2018년 10월 28일 13시,일요일,광주광역시 북구 용두동,경상사고,0,0,1,0,차대사람 - 횡단중,보행자보호의무위반,건조,맑음,교차로 - 교차로횡단보도내,승용,여,65세,상해없음,보행자,여,57세,경상
2018102800100286,2018년 10월 28일 14시,일요일,광주광역시 광산구 신창동,경상사고,0,0,1,0,차대차 - 추돌,안전운전불이행,건조,맑음,교차로 - 교차로부근,승용,여,44세,상해없음,승용,남,37세,경상
2018102800100340,2018년 10월 28일 16시,일요일,광주광역시 남구 주월동,경상사고,0,0,1,0,차대차 - 추돌,안전운전불이행,건조,맑음,단일로 - 기타,승용,남,69세,상해없음,승용,여,32세,경상
2018102800100425,2018년 10월 28일 18시,일요일,광주광역시 서구 치평동,중상사고,0,1,3,0,차대차 - 측면충돌,신호위반,건조,맑음,교차로 - 교차로안,승용,남,36세,상해없음,승용,남,53세,경상
2018102800100449,2018년 10월 28일 19시,일요일,광주광역시 광산구 월계동,경상사고,0,0,3,0,차대차 - 추돌,안전운전불이행,젖음/습기,비,단일로 - 기타,승합,남,66세,상해없음,승용,남,56세,경상
2018102800100457,2018년 10월 28일 19시,일요일,광주광역시 서구 광천동,경상사고,0,0,1,0,차대차 - 측면충돌,불법유턴,젖음/습기,비,단일로 - 기타,승합,남,67세,상해없음,승용,여,33세,경상
2018102800100458,2018년 10월 28일 19시,일요일,광주광역시 광산구 월계동,경상사고,0,0,1,0,차대사람 - 횡단중,보행자보호의무위반,젖음/습기,비,교차로 - 교차로안,승용,여,42세,상해없음,보행자,여,52세,경상
2018102800100488,2018년 10월 28일 20시,일요일,광주광역시 동구 계림동,경상사고,0,0,1,0,차대사람 - 횡단중,중앙선침범,건조,기타,기타 - 기타,승용,여,28세,상해없음,보행자,여,23세,경상
2018102800100489,2018년 10월 28일 20시,일요일,광주광역시 북구 각화동,경상사고,0,0,3,0,차대차 - 추돌,안전운전불이행,건조,맑음,단일로 - 기타,승용,여,63세,상해없음,승용,남,37세,경상
2018102800100510,2018년 10월 28일 21시,일요일,광주광역시 서구 치평동,경상사고,0,0,4,0,차대차 - 측면충돌,안전운전불이행,건조,맑음,단일로 - 기타,승용,남,23세,경상,승용,남,38세,경상
2018102800100524,2018년 10월 28일 22시,일요일,광주광역시 서구 치평동,경상사고,0,0,3,0,차대차 - 측면충돌,안전거리미확보,건조,맑음,단일로 - 기타,승용,남,53세,경상,승용,남,25세,경상
2018102800100525,2018년 10월 28일 22시,일요일,광주광역시 광산구 수완동,경상사고,0,0,2,0,차대차 - 측면충돌,직진우회전진행방해,건조,맑음,교차로 - 교차로안,승용,여,23세,경상,이륜,남,18세,경상
2018102800100526,2018년 10월 28일 22시,일요일,광주광역시 광산구 흑석동,경상사고,0,0,1,0,차대차 - 기타,안전운전불이행,건조,맑음,교차로 - 교차로안,승용,남,62세,상해없음,승용,남,24세,경상
2018102900100008,2018년 10월 29일 00시,월요일,광주광역시 북구 유동,중상사고,0,1,1,0,차대차 - 측면충돌,신호위반,건조,맑음,교차로 - 교차로안,승용,남,46세,상해없음,승용,남,34세,경상
2018102900100009,2018년 10월 29일 00시,월요일,광주광역시 광산구 월곡동,경상사고,0,0,1,0,차대사람 - 횡단중,안전운전불이행,젖음/습기,비,교차로 - 교차로안,승용,남,19세,상해없음,보행자,남,52세,경상
2018102900100024,2018년 10월 29일 03시,월요일,광주광역시 북구 양산동,중상사고,0,2,0,0,차대사람 - 기타,안전운전불이행,건조,맑음,단일로 - 기타,승용,남,41세,기타불명,보행자,남,42세,중상
2018102900100061,2018년 10월 29일 06시,월요일,광주광역시 북구 신용동,경상사고,0,0,1,0,차대차 - 기타,신호위반,건조,맑음,교차로 - 교차로안,승용,남,70세,상해없음,승용,여,70세,경상
2018102900100090,2018년 10월 29일 07시,월요일,광주광역시 광산구 하남동,경상사고,0,0,1,0,차대차 - 측면충돌,안전운전불이행,젖음/습기,맑음,단일로 - 기타,승용,남,60세,상해없음,이륜,남,28세,경상
2018102900100184,2018년 10월 29일 09시,월요일,광주광역시 광산구 월계동,중상사고,0,1,1,0,차대사람 - 기타,안전운전불이행,건조,맑음,단일로 - 기타,승용,남,31세,경상,보행자,여,77세,중상
2018102900100213,2018년 10월 29일 10시,월요일,광주광역시 남구 백운동,부상신고사고,0,0,0,1,차대차 - 기타,안전거리미확보,건조,맑음,단일로 - 기타,승용,남,75세,상해없음,승합,남,55세,상해없음
2018102900100244,2018년 10월 29일 11시,월요일,광주광역시 남구 임암동,중상사고,0,1,1,0,차대차 - 추돌,안전운전불이행,건조,맑음,교차로 - 교차로부근,승용,남,61세,상해없음,승용,남,31세,경상
2018102900100245,2018년 10월 29일 11시,월요일,광주광역시 북구 임동,중상사고,0,1,0,0,차대차 - 측면충돌,안전거리미확보,건조,맑음,단일로 - 기타,승합,남,54세,상해없음,원동기,남,39세,중상
2018102900100277,2018년 10월 29일 12시,월요일,광주광역시 서구 마륵동,경상사고,0,0,2,0,차대차 - 측면충돌,교차로운행방법위반,건조,맑음,교차로 - 교차로안,승용,남,61세,상해없음,승용,남,66세,경상
2018102900100345,2018년 10월 29일 14시,월요일,광주광역시 광산구 수완동,중상사고,0,1,0,0,차대차 - 기타,안전운전불이행,건조,맑음,교차로 - 교차로부근,승용,남,60세,상해없음,자전거,남,36세,중상
2018102900100393,2018년 10월 29일 15시,월요일,광주광역시 동구 계림동,경상사고,0,0,2,0,차대차 - 정면충돌,신호위반,건조,맑음,교차로 - 교차로안,이륜,남,45세,경상,승용,여,39세,경상
2018102900100444,2018년 10월 29일 16시,월요일,광주광역시 광산구 장덕동,경상사고,0,0,1,0,차대차 - 기타,안전운전불이행,건조,맑음,단일로 - 기타,승용,남,30세,상해없음,이륜,남,47세,경상
2018102900100445,2018년 10월 29일 16시,월요일,광주광역시 광산구 선암동,경상사고,0,0,1,0,차대차 - 추돌,안전운전불이행,건조,맑음,교차로 - 교차로안,승용,남,37세,상해없음,승용,여,39세,경상
2018102900100480,2018년 10월 29일 17시,월요일,광주광역시 서구 매월동,경상사고,0,0,2,0,차대차 - 추돌,안전운전불이행,건조,맑음,단일로 - 기타,화물,남,31세,상해없음,화물,남,38세,경상
2018102900100548,2018년 10월 29일 18시,월요일,광주광역시 동구 동명동,중상사고,0,1,0,0,차대차 - 측면충돌,신호위반,건조,맑음,교차로 - 교차로안,이륜,남,22세,상해없음,이륜,남,30세,중상
2018102900100549,2018년 10월 29일 18시,월요일,광주광역시 북구 두암동,경상사고,0,0,2,0,차대차 - 측면충돌,안전운전불이행,건조,맑음,단일로 - 기타,화물,남,46세,상해없음,원동기,남,82세,경상
2018102900100550,2018년 10월 29일 18시,월요일,광주광역시 광산구 장덕동,부상신고사고,0,0,0,1,차대차 - 추돌,안전운전불이행,건조,맑음,단일로 - 기타,승용,남,18세,상해없음,자전거,남,8세,부상신고
2018102900100551,2018년 10월 29일 18시,월요일,광주광역시 광산구 수완동,경상사고,0,0,2,0,차대차 - 기타,신호위반,건조,맑음,교차로 - 교차로횡단보도내,승합,남,71세,상해없음,승용,여,32세,경상
2018102900100595,2018년 10월 29일 19시,월요일,광주광역시 북구 우산동,경상사고,0,0,1,0,차대사람 - 횡단중,안전운전불이행,건조,맑음,교차로 - 교차로부근,화물,남,47세,상해없음,보행자,남,68세,경상
2018102900100596,2018년 10월 29일 19시,월요일,광주광역시 광산구 우산동,경상사고,0,0,1,0,차대차 - 기타,안전거리미확보,건조,맑음,단일로 - 교량,화물,남,31세,상해없음,승용,남,27세,경상
2018102900100597,2018년 10월 29일 19시,월요일,광주광역시 광산구 신가동,경상사고,0,0,1,0,차대차 - 기타,안전거리미확보,건조,맑음,단일로 - 기타,화물,남,68세,상해없음,승용,여,45세,경상
2018102900100626,2018년 10월 29일 20시,월요일,광주광역시 광산구 월계동,경상사고,0,0,2,0,차대차 - 추돌,안전거리미확보,건조,맑음,단일로 - 기타,승용,남,42세,상해없음,승용,남,40세,상해없음
2018102900100663,2018년 10월 29일 22시,월요일,광주광역시 북구 일곡동,중상사고,0,1,1,0,차대차 - 측면충돌,안전운전불이행,건조,맑음,교차로 - 교차로부근,승용,남,34세,중상,승합,여,55세,상해없음
2018102900100664,2018년 10월 29일 22시,월요일,광주광역시 광산구 수완동,경상사고,0,0,1,0,차대차 - 추돌,안전운전불이행,건조,맑음,교차로 - 교차로안,승용,남,38세,상해없음,승용,여,45세,경상
2018102900100686,2018년 10월 29일 23시,월요일,광주광역시 북구 용봉동,경상사고,0,0,1,0,차대차 - 정면충돌,신호위반,건조,맑음,교차로 - 교차로안,승용,남,63세,상해없음,이륜,남,19세,경상
2018102900100687,2018년 10월 29일 23시,월요일,광주광역시 광산구 우산동,경상사고,0,0,1,0,차대사람 - 기타,안전운전불이행,건조,맑음,단일로 - 기타,승용,남,51세,상해없음,보행자,여,29세,경상
2018103000100012,2018년 10월 30일 00시,화요일,광주광역시 남구 주월동,경상사고,0,0,1,0,차대차 - 추돌,안전운전불이행,건조,맑음,교차로 - 교차로부근,승용,남,54세,상해없음,승용,남,51세,경상
2018103000100013,2018년 10월 30일 00시,화요일,광주광역시 광산구 쌍암동,경상사고,0,0,2,0,차대차 - 추돌,신호위반,건조,맑음,교차로 - 교차로안,화물,남,30세,경상,승용,남,52세,경상
2018103000100094,2018년 10월 30일 07시,화요일,광주광역시 동구 계림동,경상사고,0,0,1,0,차대차 - 측면충돌,신호위반,건조,맑음,교차로 - 교차로안,승용,여,68세,상해없음,원동기,남,71세,경상
2018103000100146,2018년 10월 30일 08시,화요일,광주광역시 서구 금호동,경상사고,0,0,1,0,차대차 - 정면충돌,중앙선침범,건조,맑음,단일로 - 기타,자전거,남,13세,경상,화물,남,43세,상해없음
2018103000100147,2018년 10월 30일 08시,화요일,광주광역시 광산구 월곡동,경상사고,0,0,1,0,차대차 - 기타,안전운전불이행,건조,맑음,단일로 - 기타,승합,남,57세,상해없음,기타불명,기타불명,미분류,기타불명
2018103000100220,2018년 10월 30일 10시,화요일,광주광역시 동구 내남동,중상사고,0,2,1,0,차대차 - 추돌,안전거리미확보,건조,맑음,단일로 - 기타,승용,남,30세,중상,승용,남,27세,중상
2018103000100221,2018년 10월 30일 10시,화요일,광주광역시 서구 유촌동,경상사고,0,0,1,0,차대차 - 추돌,안전거리미확보,건조,맑음,단일로 - 기타,승용,남,47세,기타불명,화물,남,47세,경상
2018103000100356,2018년 10월 30일 14시,화요일,광주광역시 북구 각화동,경상사고,0,0,1,1,차대차 - 추돌,안전운전불이행,건조,맑음,교차로 - 교차로안,승용,여,22세,상해없음,승용,남,62세,부상신고
2018103000100357,2018년 10월 30일 14시,화요일,광주광역시 북구 운암동,중상사고,0,1,1,0,차대차 - 측면충돌,안전운전불이행,건조,맑음,단일로 - 기타,이륜,남,19세,경상,화물,남,43세,상해없음