사고번호,사고일시,요일,시군구,사고내용,사망자수,중상자수,경상자수,부상신고자수,사고유형,법규위반,노면상태,기상상태,도로형태,가해운전자 차종,가해운전자 성별,가해운전자 연령,가해운전자 상해정도,피해운전자 차종,피해운전자 성별,피해운전자 연령,피해운전자 상해정도
2018103000100399,2018년 10월 30일 15시,화요일,광주광역시 서구 치평동,중상사고,0,1,0,0,차대차 - 기타,안전운전불이행,건조,맑음,교차로 - 교차로안,승용,여,31세,상해없음,이륜,남,35세,중상
2018103000100438,2018년 10월 30일 16시,화요일,광주광역시 서구 광천동,경상사고,0,0,1,0,차대차 - 기타,안전거리미확보,건조,맑음,단일로 - 기타,승용,남,69세,상해없음,승용,여,32세,경상
2018103000100485,2018년 10월 30일 17시,화요일,광주광역시 광산구 운남동,경상사고,0,0,1,0,차대차 - 기타,안전거리미확보,건조,맑음,기타 - 기타,승용,여,23세,상해없음,승합,남,69세,상해없음
2018103000100547,2018년 10월 30일 18시,화요일,광주광역시 광산구 소촌동,경상사고,0,0,1,0,차대차 - 측면충돌,안전운전불이행,건조,맑음,단일로 - 기타,승용,남,66세,상해없음,승용,남,44세,기타불명
2018103000100591,2018년 10월 30일 19시,화요일,광주광역시 광산구 장덕동,경상사고,0,0,1,0,차대차 - 측면충돌,안전운전불이행,건조,맑음,단일로 - 기타,승용,남,47세,상해없음,승용,여,59세,경상
2018103000100634,2018년 10월 30일 20시,화요일,광주광역시 서구 내방동,중상사고,0,1,0,0,차대사람 - 횡단중,보행자보호의무위반,건조,맑음,교차로 - 교차로부근,승용,남,38세,상해없음,보행자,남,42세,중상
2018103000100664,2018년 10월 30일 21시,화요일,광주광역시 서구 농성동,경상사고,0,0,4,0,차대차 - 추돌,안전운전불이행,건조,맑음,단일로 - 기타,승용,남,21세,상해없음,승용,남,33세,경상
2018103000100665,2018년 10월 30일 21시,화요일,광주광역시 북구 오치동,경상사고,0,0,1,0,차대사람 - 횡단중,보행자보호의무위반,건조,맑음,교차로 - 교차로횡단보도내,승용,남,57세,상해없음,보행자,남,24세,경상
2018103000100684,2018년 10월 30일 22시,화요일,광주광역시 광산구 신촌동,경상사고,0,0,2,0,차대차 - 측면충돌,신호위반,건조,맑음,교차로 - 교차로안,승용,여,41세,기타불명,승용,여,26세,경상
2018103100100041,2018년 10월 31일 03시,수요일,광주광역시 광산구 소촌동,경상사고,0,0,1,0,차대차 - 측면충돌,중앙선침범,건조,맑음,단일로 - 기타,승용,남,27세,상해없음,승용,남,47세,경상
2018103100100136,2018년 10월 31일 08시,수요일,광주광역시 북구 오치동,경상사고,0,0,1,0,차대차 - 측면충돌,교차로운행방법위반,건조,맑음,교차로 - 교차로부근,화물,남,44세,상해없음,자전거,남,21세,경상
2018103100100171,2018년 10월 31일 09시,수요일,광주광역시 북구 누문동,경상사고,0,0,2,0,차대차 - 기타,안전거리미확보,건조,맑음,교차로 - 교차로안,승용,남,36세,상해없음,승용,남,74세,경상
2018103100100172,2018년 10월 31일 09시,수요일,광주광역시 서구 광천동,경상사고,0,0,1,0,차대차 - 측면충돌,안전운전불이행,건조,맑음,단일로 - 기타,승용,남,66세,상해없음,자전거,여,73세,경상
2018103100100207,2018년 10월 31일 10시,수요일,광주광역시 서구 쌍촌동,경상사고,0,0,1,0,차대차 - 추돌,불법유턴,건조,맑음,교차로 - 교차로안,승용,남,60세,상해없음,승용,여,40세,경상
2018103100100208,2018년 10월 31일 10시,수요일,광주광역시 서구 마륵동,경상사고,0,0,2,0,차대차 - 추돌,안전거리미확보,건조,맑음,교차로 - 교차로안,승용,남,70세,상해없음,승용,여,34세,경상
2018103100100240,2018년 10월 31일 11시,수요일,광주광역시 서구 유촌동,경상사고,0,0,1,0,차대차 - 측면충돌,안전운전불이행,건조,맑음,교차로 - 교차로안,승용,남,37세,경상,화물,남,62세,상해없음
2018103100100241,2018년 10월 31일 11시,수요일,광주광역시 광산구 도천동,경상사고,0,0,1,0,차대차 - 기타,안전운전불이행,건조,맑음,단일로 - 기타,화물,남,56세,상해없음,승용,남,71세,경상
2018103100100272,2018년 10월 31일 12시,수요일,광주광역시 동구 학동,경상사고,0,0,1,0,차대차 - 기타,안전거리미확보,건조,맑음,단일로 - 기타,화물,남,60세,상해없음,승합,남,57세,상해없음
2018103100100273,2018년 10월 31일 12시,수요일,광주광역시 동구 계림동,경상사고,0,0,1,0,차대차 - 측면충돌,안전운전불이행,건조,맑음,교차로 - 교차로안,이륜,남,50세,상해없음,승용,여,50세,경상
2018103100100274,2018년 10월 31일 12시,수요일,광주광역시 북구 임동,경상사고,0,0,1,0,차대사람 - 횡단중,안전운전불이행,건조,맑음,교차로 - 교차로부근,승용,남,58세,상해없음,보행자,남,66세,경상
2018103100100308,2018년 10월 31일 13시,수요일,광주광역시 동구 금동,중상사고,0,1,0,0,차대사람 - 기타,안전운전불이행,건조,맑음,단일로 - 기타,화물,남,59세,상해없음,보행자,남,84세,중상
2018103100100309,2018년 10월 31일 13시,수요일,광주광역시 남구 봉선동,경상사고,0,0,1,0,차대사람 - 횡단중,안전운전불이행,건조,맑음,단일로 - 기타,승용,남,33세,상해없음,보행자,여,61세,경상
2018103100100366,2018년 10월 31일 15시,수요일,광주광역시 서구 치평동,중상사고,0,1,1,0,차대차 - 측면충돌,교차로운행방법위반,건조,맑음,교차로 - 교차로안,승용,여,26세,상해없음,승용,남,60세,경상
2018103100100418,2018년 10월 31일 16시,수요일,광주광역시 광산구 송정동,중상사고,0,1,3,0,차대차 - 측면충돌,교차로운행방법위반,건조,맑음,교차로 - 교차로안,승용,남,18세,경상,승용,남,56세,중상
2018103100100459,2018년 10월 31일 17시,수요일,광주광역시 동구 금동,경상사고,0,0,2,0,차대차 - 측면충돌,신호위반,건조,맑음,교차로 - 교차로안,승용,남,71세,상해없음,승용,여,40세,경상
2018103100100526,2018년 10월 31일 18시,수요일,광주광역시 광산구 고룡동,중상사고,0,1,0,0,차대차 - 기타,직진우회전진행방해,건조,맑음,교차로 - 교차로안,승용,여,45세,상해없음,개인형이동수단(PM),남,42세,중상
2018103100100584,2018년 10월 31일 19시,수요일,광주광역시 서구 동천동,경상사고,0,0,1,0,차대차 - 측면충돌,안전운전불이행,건조,흐림,단일로 - 기타,승용,남,47세,상해없음,승용,남,58세,경상
2018103100100585,2018년 10월 31일 19시,수요일,광주광역시 북구 문흥동,경상사고,0,0,2,0,차대차 - 기타,교차로운행방법위반,건조,맑음,교차로 - 교차로안,승합,남,42세,경상,승용,여,49세,경상
2018103100100586,2018년 10월 31일 19시,수요일,광주광역시 북구 풍향동,경상사고,0,0,1,0,차대차 - 측면충돌,안전거리미확보,건조,맑음,교차로 - 교차로안,승용,남,44세,상해없음,승용,남,28세,경상
2018103100100634,2018년 10월 31일 21시,수요일,광주광역시 북구 연제동,중상사고,0,1,0,0,차대사람 - 횡단중,보행자보호의무위반,건조,맑음,단일로 - 기타,승용,남,54세,상해없음,보행자,남,63세,중상
2018103100100635,2018년 10월 31일 21시,수요일,광주광역시 광산구 월곡동,경상사고,0,0,1,0,차대차 - 추돌,안전거리미확보,건조,맑음,단일로 - 기타,원동기,남,18세,경상,승용,남,30세,상해없음
2018103100100668,2018년 10월 31일 22시,수요일,광주광역시 서구 쌍촌동,경상사고,0,0,1,0,차대차 - 측면충돌,안전운전불이행,건조,흐림,단일로 - 기타,이륜,남,29세,경상,승용,남,27세,상해없음
2018103100100689,2018년 10월 31일 23시,수요일,광주광역시 북구 운암동,경상사고,0,0,1,0,차대차 - 기타,안전운전불이행,건조,맑음,단일로 - 기타,승용,남,35세,경상,승합,남,64세,상해없음
2018110100100015,2018년 11월 1일 01시,목요일,광주광역시 동구 금남로5가,경상사고,0,0,2,0,차대차 - 측면충돌,신호위반,건조,맑음,교차로 - 교차로안,승용,남,22세,상해없음,승용,남,50세,경상
2018110100100139,2018년 11월 1일 08시,목요일,광주광역시 남구 월산동,경상사고,0,0,3,0,차대차 - 기타,안전운전불이행,건조,맑음,교차로 - 교차로부근,승용,남,63세,상해없음,승용,남,53세,경상
2018110100100140,2018년 11월 1일 08시,목요일,광주광역시 북구 각화동,경상사고,0,0,1,0,차대차 - 기타,안전거리미확보,건조,맑음,단일로 - 기타,승용,남,24세,상해없음,승용,여,25세,경상
2018110100100141,2018년 11월 1일 08시,목요일,광주광역시 북구 운암동,중상사고,0,1,7,0,차대차 - 기타,안전운전불이행,건조,맑음,단일로 - 기타,승용,여,50세,상해없음,승합,남,35세,상해없음
2018110100100142,2018년 11월 1일 08시,목요일,광주광역시 북구 삼각동,경상사고,0,0,1,0,차대차 - 측면충돌,교차로운행방법위반,건조,맑음,교차로 - 교차로안,승용,남,60세,상해없음,승용,여,33세,경상
2018110100100182,2018년 11월 1일 09시,목요일,광주광역시 북구 양산동,사망사고,1,0,0,0,차대차 - 측면충돌,교차로운행방법위반,건조,맑음,교차로 - 교차로안,이륜,남,79세,사망,승용,남,56세,상해없음
2018110100100218,2018년 11월 1일 10시,목요일,광주광역시 동구 장동,경상사고,0,0,1,0,차대차 - 기타,교차로운행방법위반,건조,맑음,교차로 - 교차로안,승용,남,65세,상해없음,승용,남,35세,경상
2018110100100343,2018년 11월 1일 14시,목요일,광주광역시 북구 운암동,경상사고,0,0,1,0,차대사람 - 횡단중,보행자보호의무위반,건조,맑음,교차로 - 교차로횡단보도내,승용,남,70세,상해없음,보행자,여,66세,경상
2018110100100435,2018년 11월 1일 16시,목요일,광주광역시 서구 농성동,경상사고,0,0,3,0,차대차 - 측면충돌,안전거리미확보,건조,맑음,교차로 - 교차로부근,승용,남,45세,상해없음,승용,여,53세,경상
2018110100100436,2018년 11월 1일 16시,목요일,광주광역시 북구 신안동,경상사고,0,0,3,0,차대차 - 측면충돌,안전운전불이행,건조,맑음,교차로 - 교차로안,승용,남,59세,상해없음,승용,남,41세,경상
2018110100100437,2018년 11월 1일 16시,목요일,광주광역시 광산구 신창동,경상사고,0,0,3,0,차대차 - 측면충돌,교차로운행방법위반,건조,맑음,교차로 - 교차로안,승용,남,26세,경상,승용,남,24세,경상
2018110100100438,2018년 11월 1일 16시,목요일,광주광역시 광산구 우산동,경상사고,0,0,1,0,차대차 - 측면충돌,교차로운행방법위반,건조,맑음,교차로 - 교차로안,승용,남,58세,상해없음,승용,남,41세,경상
2018110100100480,2018년 11월 1일 17시,목요일,광주광역시 북구 운암동,경상사고,0,0,1,0,차량단독 - 기타,안전운전불이행,건조,맑음,단일로 - 기타,승합,남,59세,상해없음,,,,
2018110100100539,2018년 11월 1일 18시,목요일,광주광역시 광산구 송촌동,경상사고,0,0,1,1,차대차 - 측면충돌,신호위반,건조,맑음,교차로 - 교차로안,승용,남,48세,부상신고,화물,남,60세,경상
2018110100100540,2018년 11월 1일 18시,목요일,광주광역시 광산구 도천동,경상사고,0,0,1,0,차대차 - 기타,안전거리미확보,건조,맑음,단일로 - 기타,승용,남,33세,상해없음,승용,남,24세,경상
2018110100100611,2018년 11월 1일 20시,목요일,광주광역시 광산구 송정동,중상사고,0,2,0,0,차대차 - 측면충돌,안전운전불이행,건조,맑음,교차로 - 교차로안,승용,남,53세,상해없음,승용,남,40세,중상
2018110100100646,2018년 11월 1일 21시,목요일,광주광역시 서구 화정동,경상사고,0,0,5,0,차대차 - 측면충돌,차로위반,건조,맑음,단일로 - 기타,승용,남,58세,상해없음,승용,남,18세,경상
2018110100100672,2018년 11월 1일 22시,목요일,광주광역시 동구 산수동,중상사고,0,2,1,0,차대차 - 정면충돌,중앙선침범,건조,맑음,단일로 - 기타,승용,남,23세,경상,승용,남,43세,중상
2018110100100673,2018년 11월 1일 22시,목요일,광주광역시 광산구 신가동,경상사고,0,0,1,0,차대사람 - 횡단중,안전운전불이행,건조,맑음,단일로 - 기타,승용,남,63세,상해없음,보행자,여,49세,경상
2018110200100100,2018년 11월 2일 07시,금요일,광주광역시 광산구 운남동,경상사고,0,0,1,0,차대차 - 측면충돌,안전운전불이행,건조,맑음,교차로 - 교차로안,원동기,남,65세,경상,승용,여,65세,상해없음
2018110200100154,2018년 11월 2일 08시,금요일,광주광역시 서구 화정동,경상사고,0,0,3,1,차대차 - 추돌,안전운전불이행,건조,맑음,단일로 - 기타,승용,남,48세,부상신고,승용,여,50세,경상
2018110200100155,2018년 11월 2일 08시,금요일,광주광역시 서구 쌍촌동,경상사고,0,0,2,0,차대차 - 측면충돌,직진우회전진행방해,건조,맑음,교차로 - 교차로안,승용,남,61세,경상,승용,남,29세,경상
2018110200100156,2018년 11월 2일 08시,금요일,광주광역시 북구 용봉동,경상사고,0,0,5,0,차대차 - 측면충돌,직진우회전진행방해,건조,맑음,교차로 - 교차로안,승용,여,45세,경상,승용,남,49세,경상
2018110200100233,2018년 11월 2일 10시,금요일,광주광역시 남구 주월동,경상사고,0,0,1,0,차대사람 - 횡단중,안전운전불이행,건조,맑음,교차로 - 교차로부근,승용,남,41세,상해없음,보행자,남,82세,경상
2018110200100234,2018년 11월 2일 10시,금요일,광주광역시 북구 연제동,경상사고,0,0,1,0,차대차 - 기타,안전거리미확보,건조,맑음,단일로 - 기타,건설기계,남,49세,상해없음,승용,남,69세,경상
2018110200100268,2018년 11월 2일 11시,금요일,광주광역시 북구 동림동,중상사고,0,1,0,0,차대사람 - 기타,안전운전불이행,건조,맑음,단일로 - 기타,승용,여,49세,상해없음,보행자,여,70세,중상
2018110200100269,2018년 11월 2일 11시,금요일,광주광역시 북구 대촌동,중상사고,0,1,0,0,차대차 - 기타,안전운전불이행,건조,맑음,단일로 - 기타,농기계,남,72세,중상,화물,여,49세,상해없음
2018110200100356,2018년 11월 2일 13시,금요일,광주광역시 광산구 운남동,경상사고,0,0,1,0,차대차 - 측면충돌,안전운전불이행,건조,맑음,단일로 - 기타,화물,남,54세,상해없음,승용,여,37세,경상
2018110200100402,2018년 11월 2일 14시,금요일,광주광역시 서구 쌍촌동,경상사고,0,0,1,0,차대사람 - 횡단중,안전운전불이행,건조,맑음,교차로 - 교차로안,승용,남,83세,상해없음,보행자,남,90세 이상,경상
2018110200100403,2018년 11월 2일 14시,금요일,광주광역시 북구 문흥동,중상사고,0,1,1,0,차대차 - 측면충돌,안전운전불이행,건조,맑음,단일로 - 기타,원동기,남,18세,경상,승용,남,37세,상해없음
2018110200100442,2018년 11월 2일 15시,금요일,광주광역시 남구 백운동,경상사고,0,0,1,0,차대차 - 기타,안전운전불이행,건조,맑음,교차로 - 교차로안,승용,남,45세,상해없음,이륜,남,61세,경상
2018110200100443,2018년 11월 2일 15시,금요일,광주광역시 광산구 월계동,사망사고,1,0,0,0,차대차 - 기타,안전거리미확보,건조,맑음,단일로 - 기타,자전거,남,82세,사망,승용,여,30세,상해없음
2018110200100494,2018년 11월 2일 16시,금요일,광주광역시 동구 학동,중상사고,0,1,0,0,차대차 - 측면충돌,직진우회전진행방해,건조,맑음,교차로 - 교차로안,승합,남,39세,상해없음,이륜,남,19세,중상
2018110200100495,2018년 11월 2일 16시,금요일,광주광역시 서구 쌍촌동,경상사고,0,0,1,0,차대차 - 측면충돌,보행자보호의무위반,건조,맑음,교차로 - 교차로안,승용,남,44세,기타불명,이륜,남,51세,경상
2018110200100496,2018년 11월 2일 16시,금요일,광주광역시 광산구 우산동,경상사고,0,0,1,0,차대차 - 기타,안전운전불이행,건조,맑음,단일로 - 기타,승용,남,32세,상해없음,승용,여,36세,경상
2018110200100554,2018년 11월 2일 17시,금요일,광주광역시 서구 쌍촌동,경상사고,0,0,1,0,차량단독 - 기타,안전운전불이행,건조,맑음,단일로 - 기타,승용,남,54세,상해없음,,,,
2018110200100555,2018년 11월 2일 17시,금요일,광주광역시 광산구 월곡동,중상사고,0,1,0,0,차대사람 - 길가장자리구역통행중,안전운전불이행,건조,맑음,단일로 - 기타,승용,남,73세,상해없음,보행자,여,78세,중상
2018110200100643,2018년 11월 2일 18시,금요일,광주광역시 서구 치평동,중상사고,0,1,0,0,차대차 - 측면충돌,안전운전불이행,건조,맑음,단일로 - 기타,승용,남,55세,상해없음,자전거,남,70세,중상
2018110200100738,2018년 11월 2일 20시,금요일,광주광역시 남구 백운동,경상사고,0,0,1,0,차대차 - 측면충돌,기타,건조,맑음,단일로 - 기타,승용,남,48세,상해없음,원동기,남,42세,경상
2018110200100739,2018년 11월 2일 20시,금요일,광주광역시 남구 주월동,경상사고,0,0,1,0,차대차 - 측면충돌,안전거리미확보,건조,맑음,단일로 - 기타,승용,남,58세,상해없음,이륜,남,49세,경상
2018110200100740,2018년 11월 2일 20시,금요일,광주광역시 북구 연제동,경상사고,0,0,2,0,차대차 - 측면충돌,안전운전불이행,건조,맑음,교차로 - 교차로안,승용,남,55세,상해없음,승용,남,26세,경상
2018110200100741,2018년 11월 2일 20시,금요일,광주광역시 광산구 장덕동,경상사고,0,0,1,0,차대차 - 측면충돌,안전거리미확보,건조,맑음,단일로 - 기타,승용,남,33세,상해없음,이륜,남,39세,경상
2018110200100778,2018년 11월 2일 21시,금요일,광주광역시 동구 동명동,경상사고,0,0,1,0,차대차 - 측면충돌,차로위반,건조,맑음,교차로 - 교차로부근,기타불명,기타불명,미분류,기타불명,승합,남,61세,상해없음
2018110200100779,2018년 11월 2일 21시,금요일,광주광역시 광산구 도산동,경상사고,0,0,1,0,차대차 - 측면충돌,안전거리미확보,건조,맑음,단일로 - 기타,승용,남,36세,상해없음,개인형이동수단(PM),남,53세,경상
2018110200100780,2018년 11월 2일 21시,금요일,광주광역시 광산구 본덕동,경상사고,0,0,1,0,차대차 - 측면충돌,중앙선침범,건조,맑음,단일로 - 기타,승용,여,20세,상해없음,승용,여,29세,경상
2018110200100814,2018년 11월 2일 22시,금요일,광주광역시 광산구 송정동,경상사고,0,0,1,0,차량단독 - 기타,안전운전불이행,건조,맑음,단일로 - 기타,승용,남,49세,상해없음,,,,
2018110200100842,2018년 11월 2일 23시,금요일,광주광역시 서구 금호동,경상사고,0,0,1,0,차대차 - 추돌,안전거리미확보,건조,맑음,교차로 - 교차로부근,승용,남,60세,상해없음,승용,남,26세,경상
2018110200100843,2018년 11월 2일 23시,금요일,광주광역시 광산구 수완동,경상사고,0,0,1,0,차대차 - 측면충돌,안전운전불이행,건조,맑음,교차로 - 교차로부근,승용,남,23세,상해없음,승용,여,32세,경상
2018110300100014,2018년 11월 3일 00시,토요일,광주광역시 북구 임동,사망사고,1,1,0,0,차량단독 - 공작물충돌,안전운전불이행,건조,맑음,교차로 - 교차로안,화물,남,63세,중상,,,,
2018110300100032,2018년 11월 3일 01시,토요일,광주광역시 서구 쌍촌동,경상사고,0,0,3,0,차대차 - 기타,안전운전불이행,건조,맑음,교차로 - 교차로부근,이륜,남,22세,상해없음,승용,남,61세,경상
2018110300100158,2018년 11월 3일 09시,토요일,광주광역시 서구 금호동,중상사고,0,1,0,0,차대차 - 측면충돌,안전운전불이행,건조,맑음,교차로 - 교차로안,승용,남,65세,상해없음,이륜,남,75세,중상
2018110300100159,2018년 11월 3일 09시,토요일,광주광역시 광산구 신창동,경상사고,0,0,1,0,차대사람 - 기타,안전운전불이행,건조,맑음,단일로 - 기타,승합,남,61세,상해없음,보행자,남,61세,경상
2018110300100160,2018년 11월 3일 09시,토요일,광주광역시 광산구 산정동,경상사고,0,0,1,0,차대차 - 측면충돌,교차로운행방법위반,건조,맑음,교차로 - 교차로안,화물,남,45세,상해없음,승용,남,28세,경상
2018110300100285,2018년 11월 3일 12시,토요일,광주광역시 동구 대인동,중상사고,0,1,0,0,차대차 - 측면충돌,신호위반,건조,맑음,교차로 - 교차로안,승용,남,39세,기타불명,승용,남,26세,중상
2018110300100397,2018년 11월 3일 15시,토요일,광주광역시 서구 마륵동,경상사고,0,0,1,0,차대차 - 기타,교차로운행방법위반,건조,맑음,교차로 - 교차로안,승용,남,54세,상해없음,이륜,남,48세,경상
2018110300100398,2018년 11월 3일 15시,토요일,광주광역시 북구 용두동,경상사고,0,0,1,0,차대차 - 기타,신호위반,건조,맑음,교차로 - 교차로안,승용,남,51세,상해없음,이륜,남,24세,경상
2018110300100480,2018년 11월 3일 17시,토요일,광주광역시 동구 선교동,경상사고,0,0,2,0,차대차 - 추돌,안전거리미확보,건조,맑음,단일로 - 기타,승용,남,37세,상해없음,승용,여,43세,경상
2018110300100481,2018년 11월 3일 17시,토요일,광주광역시 북구 두암동,경상사고,0,0,1,0,차대차 - 기타,직진우회전진행방해,건조,맑음,교차로 - 교차로안,이륜,남,49세,경상,승용,여,41세,상해없음
2018110300100482,2018년 11월 3일 17시,토요일,광주광역시 광산구 송정동,경상사고,0,0,5,0,차대차 - 기타,교차로운행방법위반,건조,맑음,교차로 - 교차로안,승용,남,36세,상해없음,승용,남,35세,경상
2018110300100483,2018년 11월 3일 17시,토요일,광주광역시 광산구 신가동,경상사고,0,0,2,0,차대차 - 기타,안전운전불이행,건조,맑음,교차로 - 교차로부근,승용,남,28세,경상,승용,남,56세,경상
2018110300100531,2018년 11월 3일 18시,토요일,광주광역시 동구 동명동,경상사고,0,0,1,0,차대차 - 측면충돌,안전운전불이행,건조,맑음,교차로 - 교차로안,승용,여,20세,상해없음,이륜,남,28세,경상
2018110300100532,2018년 11월 3일 18시,토요일,광주광역시 북구 용봉동,경상사고,0,0,2,0,차대차 - 정면충돌,안전운전불이행,건조,맑음,단일로 - 기타,승용,남,22세,경상,승용,남,61세,경상
2018110300100569,2018년 11월 3일 19시,토요일,광주광역시 서구 치평동,경상사고,0,0,1,0,차대차 - 기타,신호위반,건조,맑음,교차로 - 교차로안,승용,남,66세,상해없음,이륜,남,21세,경상
2018110300100657,2018년 11월 3일 23시,토요일,광주광역시 서구 유촌동,경상사고,0,0,2,0,차대차 - 추돌,안전운전불이행,건조,맑음,단일로 - 기타,승용,남,47세,상해없음,승용,남,36세,경상
2018110300100658,2018년 11월 3일 23시,토요일,광주광역시 광산구 수완동,중상사고,0,1,0,0,차대차 - 기타,안전운전불이행,건조,맑음,단일로 - 기타,이륜,남,19세,중상,승용,남,57세,상해없음
2018110400100010,2018년 11월 4일 00시,일요일,광주광역시 서구 치평동,경상사고,0,0,1,0,차대차 - 정면충돌,중앙선침범,건조,맑음,단일로 - 기타,승용,남,33세,상해없음,승용,남,29세,경상
2018110400100066,2018년 11월 4일 05시,일요일,광주광역시 북구 양산동,경상사고,0,0,1,0,차대차 - 기타,신호위반,건조,맑음,교차로 - 교차로안,승용,남,35세,상해없음,승용,남,47세,경상
2018110400100147,2018년 11월 4일 10시,일요일,광주광역시 북구 용봉동,경상사고,0,0,1,0,차대차 - 기타,안전운전불이행,건조,맑음,단일로 - 기타,승용,여,57세,상해없음,승용,남,51세,경상
2018110400100148,2018년 11월 4일 10시,일요일,광주광역시 북구 용전동,경상사고,0,0,2,0,차대차 - 기타,안전운전불이행,건조,맑음,단일로 - 기타,승합,남,58세,상해없음,자전거,남,55세,경상
2018110400100179,2018년 11월 4일 11시,일요일,광주광역시 북구 용전동,경상사고,0,0,1,0,차대차 - 추돌,안전운전불이행,건조,맑음,교차로 - 교차로부근,승용,여,51세,상해없음,화물,남,49세,경상
2018110400100207,2018년 11월 4일 12시,일요일,광주광역시 북구 우산동,경상사고,0,0,1,0,차대차 - 측면충돌,안전운전불이행,건조,맑음,단일로 - 기타,자전거,남,68세,상해없음,자전거,남,15세,경상
2018110400100314,2018년 11월 4일 15시,일요일,광주광역시 광산구 지평동,경상사고,0,0,1,0,차대차 - 측면충돌,안전운전불이행,건조,맑음,교차로 - 교차로안,이륜,남,50세,상해없음,승용,남,53세,상해없음
2018110400100425,2018년 11월 4일 18시,일요일,광주광역시 북구 임동,경상사고,0,0,1,0,차대사람 - 횡단중,안전운전불이행,건조,맑음,단일로 - 기타,승용,남,65세,상해없음,보행자,남,70세,경상
2018110400100459,2018년 11월 4일 19시,일요일,광주광역시 남구 백운동,경상사고,0,0,1,0,차대사람 - 기타,안전운전불이행,건조,맑음,교차로 - 교차로안,승용,여,29세,상해없음,보행자,여,57세,경상
2018110400100486,2018년 11월 4일 20시,일요일,광주광역시 남구 양림동,경상사고,0,0,1,0,차대사람 - 기타,안전운전불이행,건조,맑음,단일로 - 기타,승용,남,27세,상해없음,보행자,여,71세,경상
2018110400100511,2018년 11월 4일 21시,일요일,광주광역시 서구 쌍촌동,중상사고,0,1,0,0,차대사람 - 횡단중,신호위반,건조,맑음,교차로 - 교차로횡단보도내,승용,남,59세,상해없음,보행자,남,64세,중상
2018110400100528,2018년 11월 4일 22시,일요일,광주광역시 서구 쌍촌동,경상사고,0,0,1,0,차대차 - 측면충돌,안전운전불이행,건조,맑음,교차로 - 교차로안,승용,남,22세,상해없음,이륜,남,29세,경상
2018110400100529,2018년 11월 4일 22시,일요일,광주광역시 광산구 선암동,경상사고,0,0,4,0,차대차 - 추돌,안전운전불이행,건조,맑음,교차로 - 교차로부근,승용,남,27세,상해없음,승용,남,30세,경상
2018110500100009,2018년 11월 5일 00시,월요일,광주광역시 서구 쌍촌동,경상사고,0,0,1,0,차대차 - 기타,안전운전불이행,건조,맑음,교차로 - 교차로안,승용,여,25세,상해없음,승용,남,55세,경상
2018110500100018,2018년 11월 5일 01시,월요일,광주광역시 북구 운암동,중상사고,0,1,0,0,차대차 - 측면충돌,안전운전불이행,건조,맑음,교차로 - 교차로부근,승용,남,66세,상해없음,자전거,남,48세,중상
2018110500100025,2018년 11월 5일 02시,월요일,광주광역시 북구 오치동,경상사고,0,0,2,0,차량단독 - 공작물충돌,안전운전불이행,건조,맑음,교차로 - 교차로안,승용,남,59세,경상,,,,
2018110500100064,2018년 11월 5일 06시,월요일,광주광역시 동구 계림동,경상사고,0,0,1,0,차대차 - 기타,안전운전불이행,건조,맑음,단일로 - 기타,화물,남,69세,상해없음,승용,남,35세,경상
2018110500100092,2018년 11월 5일 07시,월요일,광주광역시 동구 산수동,경상사고,0,0,3,0,차대차 - 측면충돌,안전거리미확보,건조,맑음,교차로 - 교차로안,승용,여,57세,경상,화물,남,41세,경상
2018110500100134,2018년 11월 5일 08시,월요일,광주광역시 남구 백운동,경상사고,0,0,1,0,차대차 - 추돌,안전운전불이행,건조,맑음,교차로 - 교차로부근,승용,여,62세,상해없음,승용,남,45세,경상
2018110500100135,2018년 11월 5일 08시,월요일,광주광역시 북구 신안동,경상사고,0,0,1,0,차대차 - 측면충돌,교차로운행방법위반,건조,맑음,교차로 - 교차로안,자전거,남,57세,경상,승용,여,50세,상해없음
2018110500100207,2018년 11월 5일 10시,월요일,광주광역시 서구 치평동,경상사고,0,0,1,0,차대차 - 측면충돌,중앙선침범,건조,맑음,교차로 - 교차로안,자전거,남,81세,경상,화물,남,26세,상해없음
2018110500100208,2018년 11월 5일 10시,월요일,광주광역시 남구 진월동,경상사고,0,0,3,0,차대차 - 측면충돌,신호위반,건조,맑음,교차로 - 교차로안,승용,여,45세,상해없음,승합,남,29세,경상
2018110500100209,2018년 11월 5일 10시,월요일,광주광역시 북구 양산동,경상사고,0,0,1,0,차대사람 - 횡단중,신호위반,건조,맑음,교차로 - 교차로횡단보도내,승용,여,45세,상해없음,보행자,여,40세,경상
2018110500100257,2018년 11월 5일 11시,월요일,광주광역시 북구 용봉동,경상사고,0,0,2,0,차대차 - 측면충돌,안전운전불이행,건조,맑음,단일로 - 기타,화물,남,44세,상해없음,승용,남,43세,경상
2018110500100258,2018년 11월 5일 11시,월요일,광주광역시 북구 풍향동,중상사고,0,1,0,0,차대사람 - 횡단중,신호위반,건조,맑음,단일로 - 기타,이륜,남,58세,상해없음,보행자,여,58세,중상
2018110500100259,2018년 11월 5일 11시,월요일,광주광역시 북구 풍향동,경상사고,0,0,1,0,차대차 - 측면충돌,신호위반,건조,맑음,교차로 - 교차로안,화물,남,72세,상해없음,승용,여,41세,경상