사고번호,사고일시,요일,시군구,사고내용,사망자수,중상자수,경상자수,부상신고자수,사고유형,법규위반,노면상태,기상상태,도로형태,가해운전자 차종,가해운전자 성별,가해운전자 연령,가해운전자 상해정도,피해운전자 차종,피해운전자 성별,피해운전자 연령,피해운전자 상해정도
2018110500100354,2018년 11월 5일 14시,월요일,광주광역시 서구 치평동,경상사고,0,0,1,0,차대차 - 측면충돌,신호위반,건조,맑음,교차로 - 교차로안,승용,여,28세,상해없음,승용,여,56세,경상
2018110500100355,2018년 11월 5일 14시,월요일,광주광역시 남구 양림동,경상사고,0,0,1,0,차대사람 - 횡단중,안전운전불이행,건조,맑음,교차로 - 교차로횡단보도내,승용,여,55세,상해없음,보행자,여,23세,경상
2018110500100440,2018년 11월 5일 16시,월요일,광주광역시 북구 신용동,경상사고,0,0,1,0,차대차 - 후진중충돌,안전운전불이행,건조,맑음,주차장 - 주차장,승용,남,53세,상해없음,승용,남,32세,경상
2018110500100441,2018년 11월 5일 16시,월요일,광주광역시 광산구 유계동,중상사고,0,1,0,0,차대차 - 측면충돌,안전운전불이행,건조,맑음,단일로 - 기타,화물,남,56세,상해없음,승용,여,64세,중상
2018110500100489,2018년 11월 5일 17시,월요일,광주광역시 남구 월산동,중상사고,0,1,0,0,차대사람 - 기타,안전운전불이행,건조,맑음,기타 - 기타,화물,남,51세,상해없음,보행자,여,68세,중상
2018110500100490,2018년 11월 5일 17시,월요일,광주광역시 광산구 쌍암동,경상사고,0,0,1,0,차대사람 - 횡단중,안전운전불이행,건조,맑음,단일로 - 기타,승용,남,32세,상해없음,보행자,여,7세,경상
2018110500100551,2018년 11월 5일 18시,월요일,광주광역시 서구 쌍촌동,경상사고,0,0,1,0,차대차 - 측면충돌,안전거리미확보,건조,맑음,교차로 - 교차로안,승용,여,62세,상해없음,승용,여,27세,경상
2018110500100552,2018년 11월 5일 18시,월요일,광주광역시 서구 매월동,경상사고,0,0,1,0,차대차 - 추돌,안전운전불이행,건조,맑음,단일로 - 기타,승용,남,30세,상해없음,승용,여,48세,경상
2018110500100598,2018년 11월 5일 19시,월요일,광주광역시 북구 신안동,경상사고,0,0,1,0,차대차 - 기타,안전운전불이행,건조,맑음,단일로 - 기타,승용,여,73세,상해없음,승용,남,29세,경상
2018110500100622,2018년 11월 5일 20시,월요일,광주광역시 북구 중흥동,경상사고,0,0,1,0,차대사람 - 기타,안전운전불이행,건조,맑음,단일로 - 기타,승용,남,32세,상해없음,보행자,여,24세,경상
2018110500100642,2018년 11월 5일 21시,월요일,광주광역시 북구 신안동,경상사고,0,0,2,0,차대차 - 측면충돌,교차로운행방법위반,건조,맑음,교차로 - 교차로안,승용,남,59세,경상,승용,여,31세,경상
2018110500100661,2018년 11월 5일 22시,월요일,광주광역시 광산구 월곡동,중상사고,0,1,0,0,차대차 - 측면충돌,교차로운행방법위반,건조,맑음,교차로 - 교차로안,이륜,남,22세,중상,승용,남,53세,상해없음
2018110600100021,2018년 11월 6일 02시,화요일,광주광역시 남구 주월동,경상사고,0,0,3,0,차대차 - 추돌,안전운전불이행,건조,맑음,교차로 - 교차로부근,승용,남,24세,상해없음,승용,남,24세,경상
2018110600100053,2018년 11월 6일 06시,화요일,광주광역시 광산구 하남동,중상사고,0,1,0,0,차대사람 - 횡단중,안전운전불이행,건조,맑음,교차로 - 교차로부근,화물,남,43세,상해없음,보행자,여,58세,중상
2018110600100071,2018년 11월 6일 07시,화요일,광주광역시 북구 문흥동,경상사고,0,0,1,0,차대차 - 기타,차로위반,건조,맑음,단일로 - 기타,승용,여,63세,기타불명,승용,남,48세,경상
2018110600100072,2018년 11월 6일 07시,화요일,광주광역시 광산구 송정동,중상사고,0,1,0,0,차대사람 - 횡단중,안전운전불이행,건조,맑음,단일로 - 기타,승합,남,41세,상해없음,보행자,남,71세,중상
2018110600100120,2018년 11월 6일 08시,화요일,광주광역시 동구 월남동,경상사고,0,0,1,0,차대차 - 정면충돌,신호위반,건조,맑음,교차로 - 교차로안,승용,남,34세,기타불명,승용,남,33세,경상
2018110600100156,2018년 11월 6일 09시,화요일,광주광역시 동구 학동,중상사고,0,1,0,0,차대사람 - 횡단중,안전운전불이행,건조,맑음,단일로 - 기타,승용,남,28세,상해없음,보행자,여,79세,중상
2018110600100187,2018년 11월 6일 10시,화요일,광주광역시 동구 학동,중상사고,0,1,0,0,차대사람 - 횡단중,안전운전불이행,건조,맑음,단일로 - 기타,승용,남,79세,상해없음,보행자,여,67세,중상
2018110600100188,2018년 11월 6일 10시,화요일,광주광역시 동구 남동,중상사고,0,1,0,0,차량단독 - 기타,안전운전불이행,건조,맑음,단일로 - 기타,승합,남,54세,상해없음,,,,
2018110600100225,2018년 11월 6일 11시,화요일,광주광역시 북구 신안동,중상사고,0,1,0,0,차대사람 - 횡단중,보행자보호의무위반,건조,맑음,교차로 - 교차로횡단보도내,승용,남,57세,상해없음,보행자,여,64세,중상
2018110600100253,2018년 11월 6일 12시,화요일,광주광역시 광산구 우산동,경상사고,0,0,2,0,차대차 - 측면충돌,안전거리미확보,건조,맑음,단일로 - 기타,승용,남,71세,경상,화물,남,37세,경상
2018110600100281,2018년 11월 6일 13시,화요일,광주광역시 서구 금호동,경상사고,0,0,1,0,차대차 - 추돌,안전운전불이행,건조,맑음,교차로 - 교차로부근,승용,여,39세,상해없음,승용,여,43세,경상
2018110600100282,2018년 11월 6일 13시,화요일,광주광역시 광산구 월곡동,경상사고,0,0,1,0,차대사람 - 보도통행중,안전운전불이행,건조,맑음,단일로 - 기타,자전거,남,24세,상해없음,보행자,여,60세,경상
2018110600100304,2018년 11월 6일 14시,화요일,광주광역시 광산구 신창동,경상사고,0,0,8,0,차대차 - 측면충돌,교차로운행방법위반,건조,맑음,교차로 - 교차로안,승용,남,44세,경상,승용,여,20세,경상
2018110600100305,2018년 11월 6일 14시,화요일,광주광역시 광산구 우산동,경상사고,0,0,1,0,차대차 - 측면충돌,안전운전불이행,건조,맑음,단일로 - 기타,이륜,남,70세,경상,승합,남,59세,상해없음
2018110600100374,2018년 11월 6일 16시,화요일,광주광역시 광산구 운남동,경상사고,0,0,1,0,차대사람 - 차도통행중,안전운전불이행,건조,맑음,교차로 - 교차로안,승용,여,35세,상해없음,보행자,여,60세,경상
2018110600100375,2018년 11월 6일 16시,화요일,광주광역시 광산구 도산동,경상사고,0,0,1,0,차대사람 - 기타,안전운전불이행,건조,맑음,단일로 - 기타,승용,여,53세,상해없음,보행자,남,19세,경상
2018110600100424,2018년 11월 6일 17시,화요일,광주광역시 북구 용봉동,경상사고,0,0,1,0,차대차 - 추돌,안전운전불이행,건조,맑음,단일로 - 기타,승용,남,47세,상해없음,승용,남,35세,경상
2018110600100425,2018년 11월 6일 17시,화요일,광주광역시 광산구 장덕동,중상사고,0,1,0,0,차대차 - 측면충돌,안전거리미확보,건조,맑음,단일로 - 기타,승용,남,27세,상해없음,이륜,남,23세,중상
2018110600100482,2018년 11월 6일 18시,화요일,광주광역시 서구 쌍촌동,경상사고,0,0,1,0,차대차 - 측면충돌,교차로운행방법위반,건조,맑음,교차로 - 교차로안,승용,남,38세,상해없음,승용,여,58세,경상
2018110600100483,2018년 11월 6일 18시,화요일,광주광역시 북구 운암동,경상사고,0,0,1,0,차대차 - 기타,안전운전불이행,건조,맑음,교차로 - 교차로안,승용,남,30세,상해없음,승용,여,53세,경상
2018110600100484,2018년 11월 6일 18시,화요일,광주광역시 광산구 도천동,경상사고,0,0,2,0,차대차 - 측면충돌,안전거리미확보,건조,맑음,기타 - 기타,승용,남,52세,경상,승용,여,54세,경상
2018110600100530,2018년 11월 6일 19시,화요일,광주광역시 서구 쌍촌동,중상사고,0,1,0,0,차대차 - 측면충돌,안전운전불이행,건조,맑음,단일로 - 기타,승용,남,35세,상해없음,자전거,여,24세,중상
2018110600100531,2018년 11월 6일 19시,화요일,광주광역시 광산구 신창동,경상사고,0,0,1,0,차대차 - 측면충돌,안전운전불이행,건조,맑음,교차로 - 교차로부근,이륜,남,23세,경상,승용,남,30세,상해없음
2018110600100532,2018년 11월 6일 19시,화요일,광주광역시 광산구 월곡동,경상사고,0,0,2,0,차대차 - 추돌,안전거리미확보,건조,맑음,단일로 - 기타,승용,남,27세,상해없음,승용,여,54세,경상
2018110600100563,2018년 11월 6일 20시,화요일,광주광역시 북구 운암동,경상사고,0,0,1,0,차대차 - 기타,안전운전불이행,건조,맑음,단일로 - 기타,승용,남,50세,상해없음,승용,여,49세,경상
2018110600100585,2018년 11월 6일 21시,화요일,광주광역시 서구 치평동,경상사고,0,0,1,0,차대사람 - 횡단중,보행자보호의무위반,건조,맑음,교차로 - 교차로횡단보도내,승용,남,39세,상해없음,보행자,남,31세,경상
2018110600100602,2018년 11월 6일 22시,화요일,광주광역시 북구 운암동,경상사고,0,0,3,0,차대차 - 측면충돌,신호위반,건조,맑음,교차로 - 교차로안,승용,여,31세,경상,승용,남,51세,경상
2018110600100603,2018년 11월 6일 22시,화요일,광주광역시 북구 오치동,경상사고,0,0,2,0,차대차 - 측면충돌,신호위반,건조,맑음,교차로 - 교차로안,승용,여,21세,상해없음,승용,여,50세,경상
2018110600100604,2018년 11월 6일 22시,화요일,광주광역시 광산구 흑석동,경상사고,0,0,2,0,차대차 - 측면충돌,중앙선침범,건조,맑음,교차로 - 교차로부근,승용,여,30세,상해없음,승용,남,28세,경상
2018110600100627,2018년 11월 6일 23시,화요일,광주광역시 광산구 수완동,경상사고,0,0,1,0,차대차 - 기타,안전거리미확보,건조,맑음,단일로 - 기타,승용,남,52세,상해없음,승용,남,31세,경상
2018110700100041,2018년 11월 7일 02시,수요일,광주광역시 북구 문흥동,중상사고,0,1,0,0,차대차 - 측면충돌,중앙선침범,건조,맑음,단일로 - 기타,승용,남,29세,상해없음,승용,여,60세,중상
2018110700100076,2018년 11월 7일 06시,수요일,광주광역시 서구 내방동,경상사고,0,0,1,0,차대차 - 측면충돌,교차로운행방법위반,건조,맑음,교차로 - 교차로안,승용,남,60세,기타불명,자전거,남,47세,경상
2018110700100077,2018년 11월 7일 06시,수요일,광주광역시 북구 망월동,중상사고,0,1,1,0,차대차 - 측면충돌,안전운전불이행,젖음/습기,흐림,교차로 - 교차로안,화물,남,79세,경상,승용,남,58세,중상
2018110700100240,2018년 11월 7일 11시,수요일,광주광역시 광산구 복룡동,중상사고,0,2,0,0,차대차 - 기타,과속,건조,맑음,단일로 - 기타,이륜,남,29세,중상,승용,남,32세,중상
2018110700100332,2018년 11월 7일 14시,수요일,광주광역시 남구 봉선동,경상사고,0,0,1,0,차대사람 - 길가장자리구역통행중,안전운전불이행,젖음/습기,흐림,교차로 - 교차로부근,화물,남,51세,상해없음,보행자,남,11세,경상
2018110700100333,2018년 11월 7일 14시,수요일,광주광역시 북구 양산동,경상사고,0,0,2,0,차대차 - 기타,직진우회전진행방해,젖음/습기,비,교차로 - 교차로안,승용,남,25세,상해없음,승용,여,49세,경상
2018110700100369,2018년 11월 7일 15시,수요일,광주광역시 광산구 소촌동,경상사고,0,0,1,0,차대차 - 기타,안전운전불이행,건조,맑음,교차로 - 교차로부근,승용,남,25세,상해없음,자전거,여,65세,경상
2018110700100403,2018년 11월 7일 16시,수요일,광주광역시 서구 치평동,경상사고,0,0,1,0,차대차 - 측면충돌,안전거리미확보,건조,맑음,단일로 - 기타,승용,남,71세,상해없음,승용,여,44세,경상
2018110700100467,2018년 11월 7일 17시,수요일,광주광역시 동구 동명동,경상사고,0,0,1,0,차대차 - 기타,안전거리미확보,건조,맑음,단일로 - 기타,승용,남,64세,상해없음,승용,남,70세,상해없음
2018110700100468,2018년 11월 7일 17시,수요일,광주광역시 광산구 월계동,경상사고,0,0,1,0,차대사람 - 차도통행중,안전운전불이행,젖음/습기,맑음,단일로 - 기타,이륜,남,42세,상해없음,보행자,남,24세,경상
2018110700100469,2018년 11월 7일 17시,수요일,광주광역시 광산구 하산동,경상사고,0,0,2,0,차대차 - 측면충돌,안전거리미확보,건조,맑음,단일로 - 기타,승용,남,69세,상해없음,화물,여,61세,경상
2018110700100546,2018년 11월 7일 18시,수요일,광주광역시 서구 마륵동,경상사고,0,0,3,0,차대차 - 측면충돌,안전운전불이행,건조,맑음,단일로 - 기타,승용,여,60세,상해없음,승용,여,46세,경상
2018110700100547,2018년 11월 7일 18시,수요일,광주광역시 북구 각화동,경상사고,0,0,4,0,차대차 - 측면충돌,차로위반,젖음/습기,비,교차로 - 교차로안,승용,여,45세,경상,승용,남,25세,경상
2018110700100603,2018년 11월 7일 19시,수요일,광주광역시 서구 매월동,경상사고,0,0,3,0,차대차 - 후진중충돌,불법유턴,젖음/습기,비,단일로 - 기타,화물,남,53세,상해없음,승용,남,38세,경상
2018110700100604,2018년 11월 7일 19시,수요일,광주광역시 서구 매월동,경상사고,0,0,1,0,차대차 - 기타,안전운전불이행,젖음/습기,비,교차로 - 교차로안,이륜,남,44세,경상,승용,남,65세,상해없음
2018110700100605,2018년 11월 7일 19시,수요일,광주광역시 남구 봉선동,경상사고,0,0,1,0,차대차 - 기타,안전운전불이행,건조,맑음,교차로 - 교차로부근,승용,남,63세,상해없음,승용,여,51세,경상
2018110700100641,2018년 11월 7일 20시,수요일,광주광역시 서구 화정동,경상사고,0,0,1,0,차대차 - 측면충돌,신호위반,젖음/습기,비,교차로 - 교차로안,승용,남,41세,기타불명,승용,여,52세,경상
2018110700100642,2018년 11월 7일 20시,수요일,광주광역시 서구 양동,경상사고,0,0,1,0,차대사람 - 횡단중,안전운전불이행,젖음/습기,비,교차로 - 교차로안,승용,남,35세,상해없음,보행자,남,62세,경상
2018110700100692,2018년 11월 7일 22시,수요일,광주광역시 서구 풍암동,경상사고,0,0,2,0,차대차 - 추돌,안전운전불이행,젖음/습기,비,단일로 - 기타,화물,남,52세,경상,승합,남,55세,경상
2018110700100693,2018년 11월 7일 22시,수요일,광주광역시 광산구 소촌동,경상사고,0,0,1,0,차대차 - 측면충돌,신호위반,젖음/습기,비,교차로 - 교차로부근,승용,남,40세,상해없음,승용,남,37세,경상
2018110700100694,2018년 11월 7일 22시,수요일,광주광역시 광산구 월계동,경상사고,0,0,1,0,차대차 - 기타,안전운전불이행,젖음/습기,비,교차로 - 교차로안,승용,남,52세,상해없음,이륜,남,23세,경상
2018110800100021,2018년 11월 8일 00시,목요일,광주광역시 서구 치평동,경상사고,0,0,1,0,차대사람 - 기타,안전운전불이행,건조,맑음,단일로 - 기타,승용,여,21세,상해없음,보행자,남,28세,경상
2018110800100059,2018년 11월 8일 03시,목요일,광주광역시 광산구 신가동,경상사고,0,0,1,0,차대차 - 측면충돌,안전운전불이행,젖음/습기,비,단일로 - 기타,승용,남,25세,상해없음,승용,남,61세,경상
2018110800100082,2018년 11월 8일 05시,목요일,광주광역시 북구 풍향동,경상사고,0,0,3,0,차대차 - 측면충돌,신호위반,젖음/습기,비,교차로 - 교차로안,화물,여,45세,경상,화물,남,33세,경상
2018110800100176,2018년 11월 8일 08시,목요일,광주광역시 북구 신용동,경상사고,0,0,1,0,차대차 - 측면충돌,신호위반,젖음/습기,비,교차로 - 교차로안,승용,남,71세,상해없음,승용,여,23세,경상
2018110800100177,2018년 11월 8일 08시,목요일,광주광역시 북구 각화동,경상사고,0,0,2,0,차대차 - 추돌,안전거리미확보,젖음/습기,비,단일로 - 기타,승합,남,72세,상해없음,승용,여,48세,경상
2018110800100206,2018년 11월 8일 09시,목요일,광주광역시 북구 오룡동,경상사고,0,0,1,0,차대차 - 측면충돌,신호위반,젖음/습기,비,교차로 - 교차로안,승용,남,63세,상해없음,승용,남,47세,경상
2018110800100234,2018년 11월 8일 10시,목요일,광주광역시 서구 풍암동,경상사고,0,0,2,0,차대차 - 측면충돌,안전운전불이행,건조,맑음,교차로 - 교차로안,승용,남,58세,경상,승용,남,48세,경상
2018110800100277,2018년 11월 8일 11시,목요일,광주광역시 남구 진월동,경상사고,0,0,1,0,차대차 - 측면충돌,교차로운행방법위반,건조,맑음,교차로 - 교차로안,기타불명,기타불명,미분류,기타불명,승용,남,68세,경상
2018110800100331,2018년 11월 8일 13시,목요일,광주광역시 동구 계림동,경상사고,0,0,1,0,차대차 - 기타,안전거리미확보,젖음/습기,비,단일로 - 기타,승용,남,56세,상해없음,이륜,남,21세,경상
2018110800100332,2018년 11월 8일 13시,목요일,광주광역시 서구 광천동,중상사고,0,1,0,0,차대차 - 측면충돌,안전거리미확보,건조,맑음,교차로 - 교차로부근,화물,남,51세,상해없음,승용,남,56세,중상
2018110800100333,2018년 11월 8일 13시,목요일,광주광역시 북구 중흥동,경상사고,0,0,1,0,차대사람 - 차도통행중,안전운전불이행,젖음/습기,비,단일로 - 기타,승용,여,51세,상해없음,보행자,여,22세,경상
2018110800100368,2018년 11월 8일 14시,목요일,광주광역시 북구 운암동,경상사고,0,0,1,0,차대차 - 기타,신호위반,건조,맑음,교차로 - 교차로안,승용,여,60세,상해없음,승용,여,54세,경상
2018110800100390,2018년 11월 8일 15시,목요일,광주광역시 서구 내방동,경상사고,0,0,1,0,차대차 - 측면충돌,안전운전불이행,젖음/습기,비,단일로 - 기타,승용,여,43세,경상,승용,여,57세,상해없음
2018110800100391,2018년 11월 8일 15시,목요일,광주광역시 북구 운암동,경상사고,0,0,2,0,차대차 - 추돌,안전거리미확보,젖음/습기,비,교차로 - 교차로부근,승용,여,24세,경상,승용,여,26세,경상
2018110800100392,2018년 11월 8일 15시,목요일,광주광역시 광산구 운수동,경상사고,0,0,1,0,차대사람 - 기타,안전운전불이행,젖음/습기,비,단일로 - 기타,승용,남,62세,상해없음,보행자,남,21세,경상
2018110800100419,2018년 11월 8일 16시,목요일,광주광역시 서구 화정동,경상사고,0,0,1,0,차대차 - 기타,신호위반,젖음/습기,비,교차로 - 교차로횡단보도내,승합,여,45세,상해없음,자전거,남,47세,경상
2018110800100479,2018년 11월 8일 17시,목요일,광주광역시 북구 연제동,경상사고,0,0,3,0,차대차 - 추돌,안전운전불이행,젖음/습기,비,단일로 - 기타,승용,남,60세,경상,승용,남,42세,상해없음
2018110800100480,2018년 11월 8일 17시,목요일,광주광역시 광산구 신촌동,경상사고,0,0,1,0,차대차 - 추돌,안전거리미확보,건조,흐림,교차로 - 교차로부근,승용,남,60세,상해없음,승용,남,37세,경상
2018110800100576,2018년 11월 8일 18시,목요일,광주광역시 북구 매곡동,경상사고,0,0,5,0,차대차 - 측면충돌,중앙선침범,젖음/습기,맑음,단일로 - 기타,승용,남,54세,경상,승용,남,36세,경상
2018110800100577,2018년 11월 8일 18시,목요일,광주광역시 북구 연제동,경상사고,0,0,1,0,차대차 - 측면충돌,안전운전불이행,젖음/습기,비,단일로 - 기타,승용,남,47세,상해없음,승용,남,29세,경상
2018110800100578,2018년 11월 8일 18시,목요일,광주광역시 광산구 우산동,경상사고,0,0,1,0,차대차 - 측면충돌,신호위반,젖음/습기,비,교차로 - 교차로안,승용,여,57세,상해없음,승용,여,49세,경상
2018110800100662,2018년 11월 8일 19시,목요일,광주광역시 광산구 운남동,경상사고,0,0,1,0,차대차 - 측면충돌,안전거리미확보,건조,맑음,교차로 - 교차로부근,승용,여,46세,상해없음,승합,남,63세,경상
2018110800100663,2018년 11월 8일 19시,목요일,광주광역시 광산구 우산동,경상사고,0,0,1,0,차대차 - 추돌,안전운전불이행,건조,맑음,단일로 - 기타,승용,남,44세,상해없음,원동기,남,20세,경상
2018110800100664,2018년 11월 8일 19시,목요일,광주광역시 광산구 수완동,경상사고,0,0,2,0,차대차 - 측면충돌,차로위반,건조,맑음,교차로 - 교차로부근,승용,여,42세,경상,승용,남,39세,경상
2018110800100723,2018년 11월 8일 20시,목요일,광주광역시 남구 월산동,경상사고,0,0,1,0,차대차 - 측면충돌,안전운전불이행,젖음/습기,비,단일로 - 기타,화물,남,59세,상해없음,원동기,남,27세,경상
2018110800100724,2018년 11월 8일 20시,목요일,광주광역시 광산구 우산동,경상사고,0,0,1,0,차대사람 - 차도통행중,안전운전불이행,건조,맑음,단일로 - 기타,승용,남,59세,상해없음,보행자,남,57세,경상
2018110800100725,2018년 11월 8일 20시,목요일,광주광역시 광산구 우산동,경상사고,0,0,2,0,차대차 - 추돌,안전거리미확보,건조,맑음,단일로 - 기타,승용,남,48세,상해없음,승용,남,38세,경상
2018110800100771,2018년 11월 8일 21시,목요일,광주광역시 남구 주월동,경상사고,0,0,2,0,차대차 - 측면충돌,교차로운행방법위반,젖음/습기,비,교차로 - 교차로안,승용,남,22세,상해없음,승용,여,43세,경상
2018110800100772,2018년 11월 8일 21시,목요일,광주광역시 북구 연제동,경상사고,0,0,1,0,차대차 - 측면충돌,신호위반,건조,맑음,교차로 - 교차로안,승합,남,53세,상해없음,승용,여,50세,경상
2018110800100878,2018년 11월 8일 23시,목요일,광주광역시 서구 금호동,경상사고,0,0,1,0,차대차 - 측면충돌,안전거리미확보,건조,맑음,단일로 - 기타,승용,여,52세,상해없음,승용,남,39세,경상
2018110800100879,2018년 11월 8일 23시,목요일,광주광역시 광산구 하남동,경상사고,0,0,3,0,차대차 - 기타,안전운전불이행,젖음/습기,비,교차로 - 교차로부근,승용,남,54세,상해없음,승용,남,40세,경상
2018110900100033,2018년 11월 9일 01시,금요일,광주광역시 광산구 신가동,경상사고,0,0,1,0,차대차 - 추돌,신호위반,건조,맑음,교차로 - 교차로안,승용,남,35세,상해없음,승용,여,56세,경상
2018110900100048,2018년 11월 9일 03시,금요일,광주광역시 광산구 신가동,사망사고,1,0,0,0,차대사람 - 차도통행중,안전운전불이행,젖음/습기,비,단일로 - 지하차도(도로)내,승용,남,29세,상해없음,보행자,여,19세,사망
2018110900100054,2018년 11월 9일 04시,금요일,광주광역시 서구 화정동,경상사고,0,0,1,0,차대사람 - 횡단중,안전운전불이행,건조,맑음,교차로 - 교차로부근,승합,남,46세,상해없음,보행자,여,75세,경상
2018110900100118,2018년 11월 9일 07시,금요일,광주광역시 북구 누문동,경상사고,0,0,4,0,차대차 - 측면충돌,신호위반,젖음/습기,비,교차로 - 교차로안,승용,남,23세,경상,승용,남,36세,경상
2018110900100119,2018년 11월 9일 07시,금요일,광주광역시 북구 운암동,중상사고,0,1,0,0,차대사람 - 횡단중,신호위반,건조,맑음,교차로 - 교차로횡단보도내,승용,남,70세,상해없음,보행자,여,62세,중상
2018110900100159,2018년 11월 9일 08시,금요일,광주광역시 북구 신안동,경상사고,0,0,2,0,차대차 - 기타,안전운전불이행,건조,맑음,교차로 - 교차로부근,승용,여,34세,경상,승용,여,52세,경상
2018110900100201,2018년 11월 9일 09시,금요일,광주광역시 서구 유촌동,경상사고,0,0,1,0,차대차 - 기타,안전운전불이행,건조,맑음,단일로 - 기타,승용,남,35세,상해없음,승용,남,45세,경상
2018110900100202,2018년 11월 9일 09시,금요일,광주광역시 북구 동림동,경상사고,0,0,1,0,차대차 - 추돌,안전운전불이행,건조,맑음,단일로 - 기타,승용,남,31세,상해없음,승용,남,58세,경상
2018110900100203,2018년 11월 9일 09시,금요일,광주광역시 북구 용봉동,경상사고,0,0,2,0,차대차 - 기타,교차로운행방법위반,건조,맑음,교차로 - 교차로안,승용,남,24세,경상,승용,남,70세,경상
2018110900100242,2018년 11월 9일 10시,금요일,광주광역시 북구 우산동,경상사고,0,0,1,0,차대사람 - 기타,안전운전불이행,건조,맑음,단일로 - 기타,승용,남,52세,상해없음,보행자,남,57세,경상
2018110900100270,2018년 11월 9일 11시,금요일,광주광역시 북구 신용동,중상사고,0,1,0,0,차대차 - 정면충돌,안전운전불이행,건조,맑음,교차로 - 교차로안,승용,여,55세,상해없음,이륜,남,39세,중상
2018110900100304,2018년 11월 9일 12시,금요일,광주광역시 북구 중흥동,경상사고,0,0,2,0,차대차 - 추돌,안전운전불이행,건조,맑음,단일로 - 기타,승용,여,52세,상해없음,승용,여,44세,경상
2018110900100332,2018년 11월 9일 13시,금요일,광주광역시 광산구 신촌동,중상사고,0,1,0,0,차대사람 - 기타,안전운전불이행,건조,맑음,단일로 - 기타,승용,남,40세,상해없음,보행자,남,57세,중상
2018110900100360,2018년 11월 9일 14시,금요일,광주광역시 북구 문흥동,경상사고,0,0,1,0,차대차 - 추돌,안전운전불이행,건조,맑음,단일로 - 기타,승용,남,49세,상해없음,승용,남,52세,경상
2018110900100494,2018년 11월 9일 17시,금요일,광주광역시 서구 화정동,경상사고,0,0,1,0,차대차 - 측면충돌,직진우회전진행방해,젖음/습기,비,교차로 - 교차로안,승용,남,43세,상해없음,승용,여,42세,경상
2018110900100495,2018년 11월 9일 17시,금요일,광주광역시 남구 방림동,경상사고,0,0,6,0,차대차 - 측면충돌,교차로운행방법위반,건조,맑음,교차로 - 교차로부근,승용,여,53세,경상,승용,여,51세,경상
2018110900100496,2018년 11월 9일 17시,금요일,광주광역시 북구 연제동,중상사고,0,1,2,0,차대차 - 추돌,안전운전불이행,건조,맑음,단일로 - 기타,화물,남,63세,상해없음,화물,남,60세,경상
2018110900100497,2018년 11월 9일 17시,금요일,광주광역시 광산구 오선동,경상사고,0,0,1,0,차대차 - 측면충돌,직진우회전진행방해,건조,맑음,교차로 - 교차로안,승합,남,51세,상해없음,승용,남,44세,경상
2018110900100565,2018년 11월 9일 18시,금요일,광주광역시 서구 쌍촌동,경상사고,0,0,1,0,차대차 - 기타,교차로운행방법위반,건조,맑음,교차로 - 교차로안,승용,여,56세,상해없음,화물,남,26세,경상
2018110900100566,2018년 11월 9일 18시,금요일,광주광역시 광산구 신촌동,중상사고,0,1,0,0,차대차 - 정면충돌,안전운전불이행,건조,맑음,교차로 - 교차로안,승용,남,62세,상해없음,이륜,남,59세,중상
2018110900100656,2018년 11월 9일 20시,금요일,광주광역시 북구 신안동,중상사고,0,1,0,0,차대사람 - 횡단중,보행자보호의무위반,건조,맑음,교차로 - 교차로횡단보도내,승용,남,53세,상해없음,보행자,남,31세,중상
2018110900100657,2018년 11월 9일 20시,금요일,광주광역시 광산구 산정동,경상사고,0,0,1,0,차대차 - 측면충돌,안전거리미확보,건조,맑음,단일로 - 기타,특수,남,39세,상해없음,승용,여,38세,경상
2018110900100688,2018년 11월 9일 21시,금요일,광주광역시 북구 삼각동,중상사고,0,1,1,0,차대차 - 측면충돌,교차로운행방법위반,건조,맑음,교차로 - 교차로안,승용,남,26세,중상,승합,남,52세,경상
2018110900100689,2018년 11월 9일 21시,금요일,광주광역시 광산구 소촌동,경상사고,0,0,1,0,차대사람 - 기타,안전운전불이행,건조,맑음,단일로 - 기타,승용,남,53세,상해없음,보행자,여,40세,경상
2018110900100737,2018년 11월 9일 23시,금요일,광주광역시 동구 불로동,경상사고,0,0,1,0,차대차 - 측면충돌,안전거리미확보,건조,맑음,단일로 - 기타,승용,남,22세,상해없음,승용,남,30세,경상
2018110900100738,2018년 11월 9일 23시,금요일,광주광역시 북구 용봉동,경상사고,0,0,1,0,차대차 - 후진중충돌,안전운전불이행,건조,맑음,단일로 - 기타,승용,남,68세,상해없음,승용,남,58세,상해없음
2018110900100739,2018년 11월 9일 23시,금요일,광주광역시 북구 오치동,부상신고사고,0,0,0,2,차대차 - 추돌,안전운전불이행,건조,맑음,교차로 - 교차로안,승용,남,56세,상해없음,승용,여,28세,부상신고
2018111000100031,2018년 11월 10일 01시,토요일,광주광역시 서구 치평동,경상사고,0,0,1,0,차대차 - 추돌,안전운전불이행,건조,맑음,단일로 - 기타,승용,남,26세,상해없음,승용,남,56세,경상
2018111000100060,2018년 11월 10일 03시,토요일,광주광역시 광산구 월계동,경상사고,0,0,2,0,차대차 - 측면충돌,안전거리미확보,건조,맑음,교차로 - 교차로안,승용,남,21세,상해없음,화물,남,55세,상해없음
2018111000100073,2018년 11월 10일 04시,토요일,광주광역시 남구 임암동,경상사고,0,0,2,0,차대차 - 추돌,안전운전불이행,건조,맑음,교차로 - 교차로부근,승용,남,54세,상해없음,승용,남,35세,경상