사고번호,사고일시,요일,시군구,사고내용,사망자수,중상자수,경상자수,부상신고자수,사고유형,법규위반,노면상태,기상상태,도로형태,가해운전자 차종,가해운전자 성별,가해운전자 연령,가해운전자 상해정도,피해운전자 차종,피해운전자 성별,피해운전자 연령,피해운전자 상해정도
2018111000100074,2018년 11월 10일 04시,토요일,광주광역시 광산구 월계동,경상사고,0,0,1,1,차대차 - 측면충돌,신호위반,건조,맑음,교차로 - 교차로안,승용,남,22세,부상신고,승용,남,60세,경상
2018111000100146,2018년 11월 10일 08시,토요일,광주광역시 광산구 선동,경상사고,0,0,1,0,차대차 - 후진중충돌,불법유턴,젖음/습기,안개,단일로 - 기타,승용,여,49세,경상,특수,남,49세,상해없음
2018111000100173,2018년 11월 10일 09시,토요일,광주광역시 서구 덕흥동,경상사고,0,0,3,0,차대차 - 추돌,안전거리미확보,건조,맑음,단일로 - 기타,화물,남,41세,상해없음,승용,여,42세,경상
2018111000100174,2018년 11월 10일 09시,토요일,광주광역시 광산구 운남동,경상사고,0,0,3,0,차대차 - 추돌,안전거리미확보,건조,맑음,단일로 - 기타,승용,남,70세,상해없음,승용,남,52세,경상
2018111000100175,2018년 11월 10일 09시,토요일,광주광역시 광산구 하남동,경상사고,0,0,1,0,차대차 - 측면충돌,안전운전불이행,건조,맑음,단일로 - 기타,화물,남,54세,상해없음,화물,남,51세,경상
2018111000100280,2018년 11월 10일 12시,토요일,광주광역시 남구 주월동,중상사고,0,1,0,0,차대사람 - 횡단중,안전운전불이행,건조,맑음,단일로 - 기타,승용,남,31세,상해없음,보행자,여,75세,중상
2018111000100325,2018년 11월 10일 13시,토요일,광주광역시 광산구 선암동,경상사고,0,0,2,0,차대차 - 추돌,안전거리미확보,건조,맑음,단일로 - 기타,승용,여,26세,경상,승용,남,38세,경상
2018111000100326,2018년 11월 10일 13시,토요일,광주광역시 광산구 신촌동,중상사고,0,1,0,0,차대차 - 추돌,안전거리미확보,건조,맑음,단일로 - 기타,이륜,남,80세,중상,승용,남,41세,상해없음
2018111000100412,2018년 11월 10일 15시,토요일,광주광역시 서구 치평동,경상사고,0,0,1,0,차대차 - 측면충돌,안전거리미확보,건조,맑음,단일로 - 기타,승용,남,40세,상해없음,승용,남,51세,경상
2018111000100413,2018년 11월 10일 15시,토요일,광주광역시 서구 광천동,경상사고,0,0,1,0,차대차 - 측면충돌,안전운전불이행,건조,맑음,교차로 - 교차로안,승용,여,50세,상해없음,이륜,남,33세,경상
2018111000100455,2018년 11월 10일 16시,토요일,광주광역시 북구 두암동,경상사고,0,0,1,0,차대차 - 기타,안전운전불이행,건조,맑음,교차로 - 교차로안,승용,여,59세,상해없음,이륜,남,50세,경상
2018111000100508,2018년 11월 10일 17시,토요일,광주광역시 서구 쌍촌동,경상사고,0,0,1,0,차대차 - 측면충돌,차로위반,건조,맑음,단일로 - 기타,승용,남,59세,상해없음,승용,남,36세,경상
2018111000100509,2018년 11월 10일 17시,토요일,광주광역시 북구 유동,경상사고,0,0,2,0,차대차 - 정면충돌,중앙선침범,건조,맑음,단일로 - 기타,이륜,남,50세,상해없음,승용,여,40세,경상
2018111000100510,2018년 11월 10일 17시,토요일,광주광역시 북구 누문동,경상사고,0,0,1,0,차대차 - 측면충돌,안전운전불이행,건조,맑음,단일로 - 기타,승용,남,79세,상해없음,승용,남,65세,경상
2018111000100558,2018년 11월 10일 18시,토요일,광주광역시 남구 봉선동,경상사고,0,0,1,2,차대차 - 측면충돌,안전거리미확보,건조,맑음,단일로 - 기타,승용,여,47세,상해없음,승용,여,40세,경상
2018111000100620,2018년 11월 10일 20시,토요일,광주광역시 광산구 수완동,경상사고,0,0,1,0,차대차 - 측면충돌,안전운전불이행,건조,맑음,교차로 - 교차로안,승용,남,55세,상해없음,승용,남,26세,경상
2018111000100668,2018년 11월 10일 22시,토요일,광주광역시 광산구 쌍암동,경상사고,0,0,1,0,차대사람 - 횡단중,안전운전불이행,건조,맑음,교차로 - 교차로횡단보도내,승용,여,42세,상해없음,보행자,여,47세,경상
2018111000100669,2018년 11월 10일 22시,토요일,광주광역시 광산구 오선동,경상사고,0,0,3,0,차대차 - 추돌,안전운전불이행,건조,맑음,단일로 - 기타,승용,남,54세,상해없음,화물,남,45세,경상
2018111000100691,2018년 11월 10일 23시,토요일,광주광역시 서구 동천동,경상사고,0,0,1,0,차대차 - 측면충돌,신호위반,건조,맑음,교차로 - 교차로안,이륜,남,35세,상해없음,이륜,남,17세,경상
2018111000100692,2018년 11월 10일 23시,토요일,광주광역시 북구 중흥동,경상사고,0,0,1,0,차대사람 - 차도통행중,안전운전불이행,건조,맑음,단일로 - 기타,기타불명,기타불명,미분류,기타불명,보행자,남,22세,경상
2018111000100693,2018년 11월 10일 23시,토요일,광주광역시 북구 유동,사망사고,1,0,0,0,차대사람 - 기타,안전운전불이행,건조,맑음,단일로 - 기타,승용,남,60세,상해없음,보행자,남,68세,사망
2018111100100045,2018년 11월 11일 03시,일요일,광주광역시 광산구 신촌동,경상사고,0,0,1,0,차대차 - 추돌,차로위반,젖음/습기,안개,단일로 - 기타,승용,남,69세,상해없음,승용,남,45세,상해없음
2018111100100078,2018년 11월 11일 06시,일요일,광주광역시 남구 주월동,경상사고,0,0,1,0,차대차 - 측면충돌,신호위반,건조,맑음,교차로 - 교차로안,승용,남,70세,상해없음,승용,남,84세,경상
2018111100100100,2018년 11월 11일 08시,일요일,광주광역시 서구 쌍촌동,부상신고사고,0,0,0,1,차대차 - 측면충돌,안전운전불이행,건조,맑음,단일로 - 기타,승용,여,60세,상해없음,승용,여,35세,부상신고
2018111100100191,2018년 11월 11일 13시,일요일,광주광역시 서구 쌍촌동,경상사고,0,0,2,0,차대차 - 측면충돌,안전운전불이행,젖음/습기,흐림,단일로 - 기타,승용,남,61세,기타불명,이륜,남,39세,경상
2018111100100192,2018년 11월 11일 13시,일요일,광주광역시 광산구 장덕동,경상사고,0,0,1,0,차대차 - 추돌,안전거리미확보,건조,맑음,교차로 - 교차로안,승용,남,73세,상해없음,승용,여,41세,경상
2018111100100216,2018년 11월 11일 14시,일요일,광주광역시 서구 쌍촌동,경상사고,0,0,1,0,차대차 - 측면충돌,신호위반,건조,맑음,단일로 - 기타,승용,남,24세,상해없음,원동기,남,29세,경상
2018111100100253,2018년 11월 11일 15시,일요일,광주광역시 북구 양산동,경상사고,0,0,1,0,차대차 - 측면충돌,안전운전불이행,건조,맑음,단일로 - 기타,승용,남,72세,상해없음,승용,여,47세,경상
2018111100100278,2018년 11월 11일 16시,일요일,광주광역시 북구 임동,중상사고,0,1,2,1,차대차 - 측면충돌,신호위반,건조,맑음,교차로 - 교차로안,승용,남,38세,경상,승용,남,62세,부상신고
2018111100100324,2018년 11월 11일 17시,일요일,광주광역시 서구 화정동,중상사고,0,1,0,0,차대사람 - 횡단중,신호위반,건조,맑음,교차로 - 교차로횡단보도내,승합,남,65세,상해없음,보행자,여,51세,중상
2018111100100363,2018년 11월 11일 18시,일요일,광주광역시 서구 양동,경상사고,0,0,3,0,차대차 - 측면충돌,교차로운행방법위반,젖음/습기,흐림,교차로 - 교차로안,승용,여,60세,상해없음,승용,남,20세,경상
2018111100100364,2018년 11월 11일 18시,일요일,광주광역시 남구 진월동,중상사고,0,1,0,0,차대사람 - 횡단중,보행자보호의무위반,젖음/습기,비,단일로 - 기타,승용,남,34세,상해없음,보행자,여,28세,중상
2018111100100365,2018년 11월 11일 18시,일요일,광주광역시 광산구 오산동,중상사고,0,1,0,0,차대차 - 정면충돌,중앙선침범,젖음/습기,비,단일로 - 기타,승용,남,48세,상해없음,승용,여,58세,중상
2018111100100366,2018년 11월 11일 18시,일요일,광주광역시 광산구 송정동,경상사고,0,0,1,0,차대사람 - 길가장자리구역통행중,안전운전불이행,젖음/습기,비,교차로 - 교차로부근,승합,남,65세,상해없음,보행자,여,19세,경상
2018111100100405,2018년 11월 11일 19시,일요일,광주광역시 북구 두암동,경상사고,0,0,1,0,차대차 - 추돌,안전운전불이행,젖음/습기,비,교차로 - 교차로안,화물,남,65세,상해없음,승용,여,54세,경상
2018111100100406,2018년 11월 11일 19시,일요일,광주광역시 광산구 수완동,경상사고,0,0,1,0,차대차 - 추돌,안전운전불이행,젖음/습기,맑음,단일로 - 기타,승용,여,28세,상해없음,승용,남,33세,경상
2018111100100434,2018년 11월 11일 20시,일요일,광주광역시 동구 장동,경상사고,0,0,1,0,차대차 - 측면충돌,안전운전불이행,젖음/습기,비,교차로 - 교차로안,승용,여,23세,상해없음,승용,남,26세,경상
2018111100100436,2018년 11월 11일 20시,일요일,광주광역시 북구 매곡동,경상사고,0,0,2,0,차대차 - 추돌,안전운전불이행,젖음/습기,비,교차로 - 교차로부근,승용,남,52세,기타불명,승용,남,46세,경상
2018111100100475,2018년 11월 11일 22시,일요일,광주광역시 북구 문흥동,경상사고,0,0,1,0,차대사람 - 횡단중,보행자보호의무위반,젖음/습기,비,교차로 - 교차로안,승용,남,65세,상해없음,보행자,남,25세,경상
2018111100100476,2018년 11월 11일 22시,일요일,광주광역시 북구 용봉동,경상사고,0,0,1,0,차대사람 - 기타,안전운전불이행,건조,흐림,단일로 - 기타,승용,남,61세,상해없음,보행자,남,32세,경상
2018111200100015,2018년 11월 12일 01시,월요일,광주광역시 서구 치평동,경상사고,0,0,2,0,차대차 - 측면충돌,안전운전불이행,젖음/습기,흐림,단일로 - 기타,승용,여,32세,상해없음,승용,남,31세,경상
2018111200100033,2018년 11월 12일 05시,월요일,광주광역시 동구 소태동,중상사고,0,1,0,0,차대차 - 기타,안전운전불이행,건조,맑음,단일로 - 기타,승합,남,33세,상해없음,화물,남,57세,중상
2018111200100058,2018년 11월 12일 06시,월요일,광주광역시 광산구 장덕동,경상사고,0,0,1,0,차대차 - 기타,교차로운행방법위반,건조,맑음,교차로 - 교차로안,승용,여,53세,상해없음,특수,남,37세,경상
2018111200100059,2018년 11월 12일 06시,월요일,광주광역시 광산구 산월동,경상사고,0,0,1,0,차대차 - 측면충돌,안전거리미확보,건조,맑음,단일로 - 기타,승용,남,79세,상해없음,승용,남,23세,경상
2018111200100129,2018년 11월 12일 08시,월요일,광주광역시 서구 치평동,경상사고,0,0,1,0,차대사람 - 기타,안전운전불이행,건조,맑음,교차로 - 교차로안,승용,여,46세,상해없음,보행자,여,87세,경상
2018111200100162,2018년 11월 12일 09시,월요일,광주광역시 동구 용산동,경상사고,0,0,2,3,차대차 - 추돌,안전운전불이행,건조,맑음,단일로 - 기타,승용,남,24세,상해없음,화물,남,69세,부상신고
2018111200100192,2018년 11월 12일 10시,월요일,광주광역시 북구 용봉동,경상사고,0,0,1,0,차대사람 - 기타,안전운전불이행,건조,맑음,단일로 - 기타,승용,여,37세,상해없음,보행자,여,73세,경상
2018111200100193,2018년 11월 12일 10시,월요일,광주광역시 북구 풍향동,중상사고,0,1,0,0,차대차 - 기타,안전운전불이행,건조,맑음,교차로 - 교차로부근,승용,남,40세,상해없음,원동기,남,48세,중상
2018111200100194,2018년 11월 12일 10시,월요일,광주광역시 광산구 우산동,경상사고,0,0,1,0,차대차 - 측면충돌,안전운전불이행,건조,맑음,교차로 - 교차로부근,승용,남,66세,상해없음,승용,남,59세,경상
2018111200100252,2018년 11월 12일 12시,월요일,광주광역시 북구 유동,중상사고,0,1,0,0,차량단독 - 기타,기타,건조,맑음,단일로 - 기타,승합,남,57세,상해없음,,,,
2018111200100281,2018년 11월 12일 13시,월요일,광주광역시 서구 양동,경상사고,0,0,1,0,차대사람 - 차도통행중,안전운전불이행,건조,맑음,단일로 - 기타,승용,남,70세,상해없음,보행자,남,78세,경상
2018111200100318,2018년 11월 12일 14시,월요일,광주광역시 북구 유동,중상사고,0,1,0,0,차대차 - 기타,안전운전불이행,건조,맑음,교차로 - 교차로안,기타불명,기타불명,미분류,기타불명,이륜,남,76세,중상
2018111200100433,2018년 11월 12일 17시,월요일,광주광역시 동구 호남동,경상사고,0,0,1,0,차대차 - 추돌,안전거리미확보,건조,맑음,단일로 - 기타,승용,남,52세,상해없음,승용,남,66세,상해없음
2018111200100434,2018년 11월 12일 17시,월요일,광주광역시 서구 쌍촌동,경상사고,0,0,1,0,차대차 - 추돌,안전거리미확보,건조,맑음,교차로 - 교차로부근,승합,여,59세,상해없음,승용,여,41세,경상
2018111200100536,2018년 11월 12일 19시,월요일,광주광역시 서구 유촌동,경상사고,0,0,1,0,차대차 - 측면충돌,안전거리미확보,건조,맑음,교차로 - 교차로부근,승용,남,47세,상해없음,승용,남,28세,경상
2018111200100564,2018년 11월 12일 20시,월요일,광주광역시 남구 주월동,경상사고,0,0,1,0,차대차 - 추돌,안전거리미확보,건조,맑음,단일로 - 기타,승용,남,50세,상해없음,승용,여,28세,경상
2018111200100586,2018년 11월 12일 21시,월요일,광주광역시 서구 금호동,중상사고,0,1,0,0,차대사람 - 기타,안전운전불이행,건조,맑음,단일로 - 기타,승용,여,48세,상해없음,보행자,여,82세,중상
2018111200100587,2018년 11월 12일 21시,월요일,광주광역시 광산구 신가동,경상사고,0,0,1,0,차대차 - 측면충돌,신호위반,건조,맑음,교차로 - 교차로안,승용,여,50세,상해없음,이륜,남,18세,경상
2018111200100605,2018년 11월 12일 22시,월요일,광주광역시 남구 봉선동,중상사고,0,2,0,0,차대사람 - 차도통행중,교차로운행방법위반,건조,맑음,교차로 - 교차로안,승용,남,49세,상해없음,보행자,남,45세,중상
2018111200100606,2018년 11월 12일 22시,월요일,광주광역시 광산구 우산동,경상사고,0,0,1,0,차대사람 - 기타,안전운전불이행,건조,맑음,교차로 - 교차로안,기타불명,기타불명,미분류,기타불명,보행자,여,19세,경상
2018111300100096,2018년 11월 13일 07시,화요일,광주광역시 북구 오룡동,경상사고,0,0,1,0,차대차 - 측면충돌,교차로운행방법위반,건조,맑음,교차로 - 교차로안,화물,남,59세,상해없음,승용,여,63세,경상
2018111300100137,2018년 11월 13일 08시,화요일,광주광역시 서구 유촌동,경상사고,0,0,1,0,차대차 - 기타,신호위반,건조,맑음,교차로 - 교차로안,승용,남,44세,상해없음,승용,여,39세,경상
2018111300100138,2018년 11월 13일 08시,화요일,광주광역시 남구 월산동,경상사고,0,0,1,0,차대사람 - 횡단중,안전운전불이행,건조,맑음,단일로 - 기타,승합,남,49세,상해없음,보행자,여,8세,경상
2018111300100174,2018년 11월 13일 09시,화요일,광주광역시 서구 매월동,부상신고사고,0,0,0,1,차대차 - 기타,교차로운행방법위반,건조,맑음,교차로 - 교차로안,승용,여,28세,부상신고,승용,여,51세,상해없음
2018111300100175,2018년 11월 13일 09시,화요일,광주광역시 북구 신안동,경상사고,0,0,3,0,차대차 - 추돌,안전운전불이행,건조,맑음,교차로 - 교차로부근,승합,남,57세,상해없음,승용,여,64세,경상
2018111300100176,2018년 11월 13일 09시,화요일,광주광역시 북구 매곡동,경상사고,0,0,1,0,차대차 - 측면충돌,안전운전불이행,건조,맑음,교차로 - 교차로안,승용,남,68세,상해없음,승용,남,67세,경상
2018111300100244,2018년 11월 13일 11시,화요일,광주광역시 북구 중흥동,경상사고,0,0,1,0,차대차 - 추돌,안전거리미확보,건조,맑음,교차로 - 교차로안,승용,남,43세,상해없음,승용,여,59세,경상
2018111300100303,2018년 11월 13일 13시,화요일,광주광역시 서구 양동,중상사고,0,1,0,0,차대차 - 기타,교차로운행방법위반,건조,맑음,교차로 - 교차로안,승용,남,76세,상해없음,자전거,남,76세,중상
2018111300100367,2018년 11월 13일 15시,화요일,광주광역시 서구 유촌동,중상사고,0,1,0,0,차대차 - 기타,직진우회전진행방해,건조,맑음,교차로 - 교차로안,화물,남,55세,상해없음,자전거,여,76세,중상
2018111300100368,2018년 11월 13일 15시,화요일,광주광역시 서구 쌍촌동,경상사고,0,0,2,0,차대차 - 기타,신호위반,건조,맑음,교차로 - 교차로안,승용,남,62세,경상,승용,여,42세,경상
2018111300100369,2018년 11월 13일 15시,화요일,광주광역시 남구 백운동,경상사고,0,0,1,0,차대차 - 정면충돌,기타,건조,맑음,기타 - 기타,화물,남,27세,상해없음,자전거,남,62세,경상
2018111300100445,2018년 11월 13일 17시,화요일,광주광역시 동구 학동,경상사고,0,0,2,0,차대사람 - 기타,신호위반,건조,맑음,단일로 - 기타,화물,남,53세,상해없음,보행자,남,25세,경상
2018111300100446,2018년 11월 13일 17시,화요일,광주광역시 광산구 쌍암동,경상사고,0,0,1,0,차대차 - 후진중충돌,안전운전불이행,건조,맑음,교차로 - 교차로안,승용,남,48세,상해없음,승용,남,25세,경상
2018111300100499,2018년 11월 13일 18시,화요일,광주광역시 서구 풍암동,경상사고,0,0,1,0,차대사람 - 횡단중,보행자보호의무위반,건조,맑음,단일로 - 기타,승용,여,50세,상해없음,보행자,남,8세,경상
2018111300100535,2018년 11월 13일 19시,화요일,광주광역시 남구 백운동,경상사고,0,0,1,0,차대차 - 기타,교차로운행방법위반,건조,맑음,교차로 - 교차로안,승용,여,44세,상해없음,이륜,남,27세,경상
2018111300100536,2018년 11월 13일 19시,화요일,광주광역시 광산구 수완동,경상사고,0,0,2,0,차대차 - 추돌,중앙선침범,건조,맑음,단일로 - 기타,승용,남,70세,경상,승용,남,30세,경상
2018111300100567,2018년 11월 13일 20시,화요일,광주광역시 남구 행암동,경상사고,0,0,1,0,차대차 - 측면충돌,안전운전불이행,건조,맑음,교차로 - 교차로안,승용,남,31세,상해없음,승용,여,52세,경상
2018111300100568,2018년 11월 13일 20시,화요일,광주광역시 북구 동림동,경상사고,0,0,1,0,차대차 - 후진중충돌,안전운전불이행,건조,흐림,단일로 - 기타,승용,남,21세,상해없음,원동기,남,31세,경상
2018111300100569,2018년 11월 13일 20시,화요일,광주광역시 광산구 수완동,경상사고,0,0,4,0,차대차 - 기타,교차로운행방법위반,건조,맑음,교차로 - 교차로안,승용,여,34세,경상,승용,남,29세,경상
2018111300100620,2018년 11월 13일 22시,화요일,광주광역시 서구 치평동,경상사고,0,0,1,0,차대차 - 측면충돌,신호위반,건조,맑음,교차로 - 교차로안,승용,남,43세,상해없음,자전거,남,42세,경상
2018111300100621,2018년 11월 13일 22시,화요일,광주광역시 북구 연제동,경상사고,0,0,2,0,차대차 - 측면충돌,안전운전불이행,건조,맑음,교차로 - 교차로안,승용,남,34세,상해없음,승용,남,27세,경상
2018111400100019,2018년 11월 14일 01시,수요일,광주광역시 광산구 수완동,경상사고,0,0,1,0,차대차 - 기타,안전운전불이행,건조,맑음,교차로 - 교차로안,승용,남,39세,상해없음,이륜,남,17세,경상
2018111400100039,2018년 11월 14일 04시,수요일,광주광역시 서구 치평동,경상사고,0,0,3,0,차대차 - 추돌,안전운전불이행,건조,맑음,교차로 - 교차로부근,승용,남,24세,상해없음,승용,여,39세,경상
2018111400100076,2018년 11월 14일 07시,수요일,광주광역시 동구 용산동,경상사고,0,0,1,0,차대차 - 추돌,안전운전불이행,건조,맑음,단일로 - 기타,승용,남,34세,경상,승용,여,39세,상해없음
2018111400100077,2018년 11월 14일 07시,수요일,광주광역시 남구 주월동,중상사고,0,1,0,0,차대사람 - 기타,안전운전불이행,건조,맑음,단일로 - 기타,화물,남,46세,상해없음,보행자,여,82세,중상
2018111400100078,2018년 11월 14일 07시,수요일,광주광역시 광산구 도천동,경상사고,0,0,1,0,차대차 - 측면충돌,신호위반,건조,맑음,교차로 - 교차로안,승용,남,61세,상해없음,승용,남,41세,경상
2018111400100128,2018년 11월 14일 08시,수요일,광주광역시 남구 주월동,경상사고,0,0,2,0,차대차 - 측면충돌,안전운전불이행,건조,맑음,단일로 - 기타,승용,여,30세,경상,승용,남,41세,경상
2018111400100129,2018년 11월 14일 08시,수요일,광주광역시 광산구 우산동,경상사고,0,0,2,1,차대차 - 측면충돌,안전운전불이행,건조,맑음,단일로 - 기타,화물,남,64세,부상신고,승용,남,51세,경상
2018111400100281,2018년 11월 14일 12시,수요일,광주광역시 남구 봉선동,경상사고,0,0,4,0,차대차 - 측면충돌,불법유턴,건조,맑음,단일로 - 기타,승용,남,18세,기타불명,승용,남,58세,경상
2018111400100477,2018년 11월 14일 17시,수요일,광주광역시 광산구 월계동,중상사고,0,1,0,0,차대차 - 측면충돌,신호위반,건조,맑음,교차로 - 교차로안,승용,남,40세,상해없음,이륜,남,36세,중상
2018111400100532,2018년 11월 14일 18시,수요일,광주광역시 북구 매곡동,경상사고,0,0,1,0,차대차 - 측면충돌,안전운전불이행,건조,맑음,교차로 - 교차로안,승용,여,48세,상해없음,승용,남,34세,경상
2018111400100547,2018년 11월 14일 18시,수요일,광주광역시 북구 신안동,경상사고,0,0,4,0,차대차 - 측면충돌,차로위반,건조,맑음,단일로 - 기타,승용,남,21세,상해없음,승용,남,40세,기타불명
2018111400100548,2018년 11월 14일 18시,수요일,광주광역시 북구 연제동,경상사고,0,0,1,0,차대차 - 측면충돌,안전운전불이행,건조,맑음,단일로 - 기타,기타불명,기타불명,미분류,기타불명,승용,남,31세,경상
2018111400100549,2018년 11월 14일 18시,수요일,광주광역시 북구 용봉동,경상사고,0,0,3,0,차대차 - 기타,차로위반,건조,맑음,교차로 - 교차로부근,승용,남,32세,상해없음,승용,여,46세,경상
2018111400100550,2018년 11월 14일 18시,수요일,광주광역시 광산구 장덕동,경상사고,0,0,1,0,차대차 - 기타,안전운전불이행,건조,맑음,단일로 - 기타,승용,남,23세,상해없음,화물,남,42세,상해없음
2018111400100600,2018년 11월 14일 19시,수요일,광주광역시 북구 용봉동,경상사고,0,0,1,0,차대차 - 측면충돌,안전운전불이행,건조,맑음,교차로 - 교차로부근,승용,남,70세,상해없음,원동기,남,35세,경상
2018111400100601,2018년 11월 14일 19시,수요일,광주광역시 서구 광천동,경상사고,0,0,4,0,차대차 - 측면충돌,차로위반,건조,맑음,단일로 - 교량,승용,남,34세,상해없음,승용,남,36세,경상
2018111400100639,2018년 11월 14일 20시,수요일,광주광역시 북구 오치동,경상사고,0,0,1,0,차대차 - 기타,안전운전불이행,건조,맑음,교차로 - 교차로안,기타불명,기타불명,미분류,기타불명,원동기,남,25세,경상
2018111400100671,2018년 11월 14일 21시,수요일,광주광역시 북구 운암동,경상사고,0,0,1,0,차대사람 - 횡단중,안전운전불이행,건조,맑음,단일로 - 기타,화물,남,44세,상해없음,보행자,남,24세,경상
2018111400100688,2018년 11월 14일 22시,수요일,광주광역시 북구 운암동,중상사고,0,2,2,0,차대차 - 측면충돌,신호위반,건조,맑음,교차로 - 교차로부근,승용,남,66세,경상,승용,남,53세,중상
2018111400100710,2018년 11월 14일 23시,수요일,광주광역시 북구 오치동,부상신고사고,0,0,0,4,차대차 - 측면충돌,안전거리미확보,건조,맑음,교차로 - 교차로안,승용,남,74세,상해없음,승용,남,19세,부상신고
2018111400100711,2018년 11월 14일 23시,수요일,광주광역시 광산구 소촌동,경상사고,0,0,2,0,차대차 - 측면충돌,안전거리미확보,건조,맑음,단일로 - 기타,승용,남,18세,상해없음,승용,남,26세,경상
2018111500100008,2018년 11월 15일 00시,목요일,광주광역시 남구 노대동,경상사고,0,0,2,0,차대차 - 추돌,안전운전불이행,건조,맑음,교차로 - 교차로부근,승용,남,23세,상해없음,승용,남,47세,경상
2018111500100017,2018년 11월 15일 01시,목요일,광주광역시 서구 쌍촌동,경상사고,0,0,1,0,차대차 - 측면충돌,안전운전불이행,건조,맑음,교차로 - 교차로안,원동기,남,25세,경상,승용,남,52세,상해없음
2018111500100018,2018년 11월 15일 01시,목요일,광주광역시 남구 주월동,중상사고,0,1,0,0,차대사람 - 횡단중,안전운전불이행,건조,맑음,교차로 - 교차로안,승용,남,23세,상해없음,보행자,여,44세,중상
2018111500100033,2018년 11월 15일 03시,목요일,광주광역시 서구 쌍촌동,경상사고,0,0,2,0,차대차 - 기타,안전운전불이행,건조,맑음,교차로 - 교차로안,승용,여,24세,상해없음,승용,남,25세,경상
2018111500100131,2018년 11월 15일 08시,목요일,광주광역시 북구 임동,경상사고,0,0,2,0,차대차 - 측면충돌,안전운전불이행,건조,맑음,교차로 - 교차로부근,승용,여,21세,경상,승용,남,51세,경상
2018111500100192,2018년 11월 15일 10시,목요일,광주광역시 서구 양동,경상사고,0,0,1,0,차대차 - 추돌,안전운전불이행,건조,맑음,단일로 - 기타,승용,남,59세,상해없음,자전거,여,53세,경상
2018111500100193,2018년 11월 15일 10시,목요일,광주광역시 서구 치평동,경상사고,0,0,1,0,차대차 - 측면충돌,직진우회전진행방해,건조,맑음,교차로 - 교차로안,승용,여,57세,상해없음,승용,여,49세,경상
2018111500100227,2018년 11월 15일 11시,목요일,광주광역시 북구 매곡동,경상사고,0,0,2,0,차대차 - 측면충돌,안전운전불이행,건조,맑음,교차로 - 교차로부근,승용,남,42세,경상,승용,남,41세,경상
2018111500100254,2018년 11월 15일 12시,목요일,광주광역시 북구 운암동,부상신고사고,0,0,0,1,차대차 - 기타,신호위반,건조,맑음,교차로 - 교차로안,기타불명,기타불명,미분류,기타불명,원동기,남,35세,부상신고
2018111500100255,2018년 11월 15일 12시,목요일,광주광역시 광산구 쌍암동,경상사고,0,0,2,0,차대차 - 측면충돌,안전거리미확보,건조,맑음,교차로 - 교차로부근,승용,여,37세,상해없음,승용,여,74세,경상
2018111500100347,2018년 11월 15일 15시,목요일,광주광역시 서구 농성동,경상사고,0,0,1,0,차대차 - 측면충돌,안전거리미확보,건조,맑음,단일로 - 기타,승용,남,51세,상해없음,승용,남,45세,경상
2018111500100381,2018년 11월 15일 16시,목요일,광주광역시 남구 월산동,경상사고,0,0,1,0,차대차 - 추돌,안전거리미확보,건조,맑음,교차로 - 교차로안,승용,남,70세,상해없음,승용,여,54세,경상
2018111500100382,2018년 11월 15일 16시,목요일,광주광역시 광산구 장덕동,경상사고,0,0,2,0,차대차 - 기타,불법유턴,건조,맑음,교차로 - 교차로부근,승용,여,56세,상해없음,승용,여,34세,경상
2018111500100427,2018년 11월 15일 17시,목요일,광주광역시 북구 용봉동,경상사고,0,0,1,0,차대차 - 기타,교차로운행방법위반,건조,맑음,교차로 - 교차로안,승용,여,54세,상해없음,기타불명,여,79세,경상
2018111500100428,2018년 11월 15일 17시,목요일,광주광역시 북구 임동,경상사고,0,0,1,0,차대차 - 기타,안전운전불이행,건조,맑음,교차로 - 교차로안,기타불명,기타불명,미분류,기타불명,승용,여,50세,경상
2018111500100429,2018년 11월 15일 17시,목요일,광주광역시 광산구 장덕동,경상사고,0,0,1,0,차대차 - 측면충돌,교차로운행방법위반,건조,맑음,교차로 - 교차로횡단보도내,승용,여,38세,상해없음,이륜,남,16세,경상
2018111500100496,2018년 11월 15일 18시,목요일,광주광역시 북구 운암동,경상사고,0,0,4,0,차대차 - 측면충돌,안전거리미확보,건조,맑음,단일로 - 고가도로위,승용,여,46세,기타불명,승용,남,19세,경상
2018111500100497,2018년 11월 15일 18시,목요일,광주광역시 광산구 연산동,사망사고,1,0,0,0,차대사람 - 횡단중,안전운전불이행,건조,맑음,교차로 - 교차로부근,승용,남,60세,상해없음,보행자,남,85세,사망
2018111500100498,2018년 11월 15일 18시,목요일,광주광역시 광산구 운남동,경상사고,0,0,2,0,차대차 - 측면충돌,안전운전불이행,건조,맑음,교차로 - 교차로안,이륜,남,18세,경상,이륜,남,43세,경상
2018111500100540,2018년 11월 15일 19시,목요일,광주광역시 서구 유촌동,경상사고,0,0,1,0,차대차 - 추돌,안전운전불이행,건조,맑음,교차로 - 교차로안,승용,남,48세,상해없음,승용,여,41세,경상
2018111500100541,2018년 11월 15일 19시,목요일,광주광역시 북구 문흥동,경상사고,0,0,1,0,차대차 - 측면충돌,교차로운행방법위반,건조,맑음,교차로 - 교차로안,승용,남,55세,상해없음,이륜,남,49세,경상