사고번호,사고일시,요일,시군구,사고내용,사망자수,중상자수,경상자수,부상신고자수,사고유형,법규위반,노면상태,기상상태,도로형태,가해운전자 차종,가해운전자 성별,가해운전자 연령,가해운전자 상해정도,피해운전자 차종,피해운전자 성별,피해운전자 연령,피해운전자 상해정도
2018111500100542,2018년 11월 15일 19시,목요일,광주광역시 북구 운암동,경상사고,0,0,1,0,차대차 - 측면충돌,교차로운행방법위반,건조,맑음,교차로 - 교차로안,승용,남,62세,상해없음,승용,남,49세,상해없음
2018111500100622,2018년 11월 15일 22시,목요일,광주광역시 서구 치평동,중상사고,0,1,0,0,차대사람 - 기타,안전운전불이행,건조,맑음,교차로 - 교차로부근,승용,남,38세,상해없음,보행자,남,58세,중상
2018111500100623,2018년 11월 15일 22시,목요일,광주광역시 북구 우산동,중상사고,0,1,0,0,차대사람 - 횡단중,안전운전불이행,건조,맑음,교차로 - 교차로횡단보도내,승용,남,31세,상해없음,보행자,남,62세,중상
2018111500100624,2018년 11월 15일 22시,목요일,광주광역시 광산구 장덕동,경상사고,0,0,2,0,차대차 - 추돌,안전운전불이행,건조,맑음,단일로 - 기타,승용,남,30세,상해없음,승용,남,33세,경상
2018111600100103,2018년 11월 16일 07시,금요일,광주광역시 동구 용산동,경상사고,0,0,1,0,차대차 - 추돌,안전운전불이행,젖음/습기,비,단일로 - 기타,승용,남,23세,상해없음,화물,남,62세,경상
2018111600100104,2018년 11월 16일 07시,금요일,광주광역시 광산구 송정동,중상사고,0,1,1,0,차대차 - 측면충돌,신호위반,건조,맑음,교차로 - 교차로안,자전거,여,78세,중상,승용,여,42세,경상
2018111600100140,2018년 11월 16일 08시,금요일,광주광역시 서구 쌍촌동,경상사고,0,0,1,0,차대차 - 추돌,안전운전불이행,젖음/습기,비,단일로 - 기타,승용,여,34세,상해없음,승용,남,61세,경상
2018111600100226,2018년 11월 16일 11시,금요일,광주광역시 북구 용봉동,경상사고,0,0,1,0,차대차 - 측면충돌,안전운전불이행,건조,맑음,단일로 - 기타,승용,남,72세,상해없음,이륜,남,24세,경상
2018111600100258,2018년 11월 16일 12시,금요일,광주광역시 동구 학동,경상사고,0,0,1,0,차대차 - 기타,중앙선침범,젖음/습기,비,단일로 - 기타,승용,남,41세,상해없음,이륜,남,29세,경상
2018111600100259,2018년 11월 16일 12시,금요일,광주광역시 동구 호남동,경상사고,0,0,1,0,차대차 - 정면충돌,안전운전불이행,건조,맑음,교차로 - 교차로부근,승용,남,30세,상해없음,승용,여,53세,경상
2018111600100260,2018년 11월 16일 12시,금요일,광주광역시 광산구 송촌동,경상사고,0,0,1,0,차대차 - 추돌,안전거리미확보,젖음/습기,비,단일로 - 기타,화물,남,54세,상해없음,승용,남,47세,경상
2018111600100285,2018년 11월 16일 13시,금요일,광주광역시 서구 유촌동,경상사고,0,0,2,0,차대차 - 추돌,안전운전불이행,건조,맑음,단일로 - 기타,승용,남,44세,상해없음,승용,남,48세,경상
2018111600100319,2018년 11월 16일 14시,금요일,광주광역시 북구 두암동,경상사고,0,0,1,0,차대사람 - 기타,안전운전불이행,건조,맑음,단일로 - 기타,승용,남,61세,상해없음,보행자,남,47세,경상
2018111600100320,2018년 11월 16일 14시,금요일,광주광역시 북구 오치동,중상사고,0,1,1,0,차대차 - 측면충돌,안전운전불이행,건조,맑음,교차로 - 교차로안,승용,여,61세,상해없음,화물,남,25세,경상
2018111600100424,2018년 11월 16일 17시,금요일,광주광역시 서구 쌍촌동,중상사고,0,1,0,0,차대차 - 측면충돌,안전운전불이행,건조,맑음,교차로 - 교차로안,승용,남,69세,상해없음,이륜,남,37세,중상
2018111600100425,2018년 11월 16일 17시,금요일,광주광역시 서구 광천동,경상사고,0,0,3,0,차대차 - 측면충돌,차로위반,건조,흐림,단일로 - 기타,승합,남,53세,상해없음,승용,여,49세,경상
2018111600100426,2018년 11월 16일 17시,금요일,광주광역시 북구 두암동,경상사고,0,0,1,0,차대차 - 측면충돌,교차로운행방법위반,건조,맑음,교차로 - 교차로안,화물,남,49세,상해없음,승용,남,40세,경상
2018111600100427,2018년 11월 16일 17시,금요일,광주광역시 광산구 월계동,경상사고,0,0,1,0,차대사람 - 길가장자리구역통행중,안전운전불이행,건조,맑음,단일로 - 기타,승용,남,21세,상해없음,보행자,남,17세,경상
2018111600100428,2018년 11월 16일 17시,금요일,광주광역시 광산구 비아동,경상사고,0,0,1,0,차대차 - 정면충돌,안전운전불이행,젖음/습기,흐림,교차로 - 교차로안,승용,남,50세,상해없음,화물,남,36세,경상
2018111600100492,2018년 11월 16일 18시,금요일,광주광역시 서구 치평동,중상사고,0,1,0,0,차대차 - 측면충돌,안전운전불이행,건조,맑음,교차로 - 교차로안,이륜,남,28세,중상,승용,남,54세,상해없음
2018111600100493,2018년 11월 16일 18시,금요일,광주광역시 북구 누문동,경상사고,0,0,1,0,차대차 - 측면충돌,신호위반,건조,맑음,단일로 - 기타,승용,남,58세,상해없음,자전거,남,30세,경상
2018111600100494,2018년 11월 16일 18시,금요일,광주광역시 광산구 월계동,경상사고,0,0,2,0,차대차 - 측면충돌,차로위반,건조,맑음,단일로 - 기타,승용,남,52세,상해없음,승용,여,50세,경상
2018111600100540,2018년 11월 16일 19시,금요일,광주광역시 동구 운림동,중상사고,0,1,1,0,차대사람 - 횡단중,신호위반,건조,맑음,교차로 - 교차로안,승용,여,47세,상해없음,보행자,여,37세,경상
2018111600100541,2018년 11월 16일 19시,금요일,광주광역시 서구 화정동,경상사고,0,0,5,0,차대차 - 측면충돌,차로위반,건조,흐림,단일로 - 기타,승용,남,28세,기타불명,승용,남,24세,경상
2018111600100542,2018년 11월 16일 19시,금요일,광주광역시 서구 풍암동,경상사고,0,0,1,0,차대차 - 측면충돌,안전운전불이행,건조,맑음,교차로 - 교차로안,승용,여,50세,상해없음,승용,여,47세,경상
2018111600100543,2018년 11월 16일 19시,금요일,광주광역시 서구 벽진동,경상사고,0,0,2,0,차대차 - 측면충돌,교차로운행방법위반,건조,맑음,단일로 - 기타,화물,남,51세,상해없음,승용,남,39세,경상
2018111600100544,2018년 11월 16일 19시,금요일,광주광역시 동구 산수동,경상사고,0,0,1,0,차대사람 - 기타,안전운전불이행,건조,맑음,단일로 - 기타,승용,남,51세,상해없음,보행자,남,72세,경상
2018111600100545,2018년 11월 16일 19시,금요일,광주광역시 북구 용봉동,경상사고,0,0,2,0,차대사람 - 기타,안전운전불이행,건조,흐림,단일로 - 기타,이륜,남,20세,상해없음,보행자,남,24세,경상
2018111600100624,2018년 11월 16일 21시,금요일,광주광역시 서구 벽진동,경상사고,0,0,1,0,차대차 - 추돌,교차로운행방법위반,건조,맑음,교차로 - 교차로안,승용,남,61세,상해없음,승용,남,32세,경상
2018111600100625,2018년 11월 16일 21시,금요일,광주광역시 광산구 산정동,경상사고,0,0,1,0,차대차 - 측면충돌,차로위반,건조,맑음,교차로 - 교차로안,이륜,남,17세,경상,승용,남,60세,상해없음
2018111700100020,2018년 11월 17일 00시,토요일,광주광역시 북구 운암동,중상사고,0,1,0,0,차대차 - 기타,불법유턴,건조,맑음,교차로 - 교차로부근,승용,남,41세,상해없음,이륜,남,33세,중상
2018111700100037,2018년 11월 17일 01시,토요일,광주광역시 동구 서석동,경상사고,0,0,2,0,차대차 - 추돌,안전운전불이행,건조,맑음,단일로 - 기타,승용,남,34세,상해없음,승용,남,50세,경상
2018111700100074,2018년 11월 17일 04시,토요일,광주광역시 서구 쌍촌동,중상사고,0,1,2,0,차대차 - 정면충돌,중앙선침범,건조,맑음,교차로 - 교차로부근,승용,남,22세,중상,승용,남,61세,경상
2018111700100087,2018년 11월 17일 05시,토요일,광주광역시 북구 운암동,중상사고,0,1,2,0,차대차 - 기타,신호위반,건조,맑음,교차로 - 교차로안,승용,남,71세,상해없음,승용,남,20세,경상
2018111700100088,2018년 11월 17일 05시,토요일,광주광역시 광산구 복룡동,경상사고,0,0,1,0,차대차 - 측면충돌,안전거리미확보,건조,맑음,단일로 - 기타,승용,남,58세,경상,승용,남,30세,상해없음
2018111700100119,2018년 11월 17일 07시,토요일,광주광역시 동구 불로동,경상사고,0,0,2,0,차대차 - 측면충돌,신호위반,건조,맑음,교차로 - 교차로안,승용,남,58세,기타불명,승용,남,63세,경상
2018111700100201,2018년 11월 17일 10시,토요일,광주광역시 북구 동림동,경상사고,0,0,1,0,차대차 - 추돌,안전운전불이행,건조,맑음,단일로 - 기타,승용,남,16세,상해없음,승용,남,65세,경상
2018111700100247,2018년 11월 17일 11시,토요일,광주광역시 남구 방림동,경상사고,0,0,1,0,차대차 - 추돌,안전운전불이행,건조,맑음,단일로 - 기타,승용,남,38세,상해없음,원동기,남,50세,경상
2018111700100248,2018년 11월 17일 11시,토요일,광주광역시 광산구 용곡동,경상사고,0,0,1,0,차대차 - 측면충돌,직진우회전진행방해,건조,맑음,교차로 - 교차로안,화물,남,65세,상해없음,자전거,여,67세,경상
2018111700100288,2018년 11월 17일 12시,토요일,광주광역시 동구 산수동,경상사고,0,0,1,0,차대사람 - 횡단중,안전운전불이행,건조,맑음,단일로 - 기타,기타불명,기타불명,미분류,기타불명,보행자,남,27세,경상
2018111700100289,2018년 11월 17일 12시,토요일,광주광역시 북구 문흥동,중상사고,0,1,0,0,차대차 - 기타,안전운전불이행,건조,맑음,단일로 - 기타,승용,남,31세,상해없음,승합,남,49세,상해없음
2018111700100290,2018년 11월 17일 12시,토요일,광주광역시 광산구 장덕동,부상신고사고,0,0,0,1,차대차 - 기타,안전운전불이행,건조,맑음,교차로 - 교차로안,승용,남,68세,상해없음,승용,여,50세,부상신고
2018111700100331,2018년 11월 17일 13시,토요일,광주광역시 남구 주월동,경상사고,0,0,1,0,차대사람 - 기타,보행자보호의무위반,건조,맑음,교차로 - 교차로안,승용,남,22세,상해없음,보행자,남,10세,경상
2018111700100332,2018년 11월 17일 13시,토요일,광주광역시 북구 누문동,경상사고,0,0,1,0,차대차 - 측면충돌,안전거리미확보,건조,맑음,단일로 - 기타,승용,남,66세,기타불명,승용,여,53세,경상
2018111700100333,2018년 11월 17일 13시,토요일,광주광역시 광산구 소촌동,경상사고,0,0,1,0,차대차 - 정면충돌,안전운전불이행,건조,맑음,단일로 - 기타,승용,남,46세,상해없음,승용,남,43세,경상
2018111700100334,2018년 11월 17일 13시,토요일,광주광역시 광산구 수완동,경상사고,0,0,1,0,차대차 - 추돌,안전운전불이행,건조,맑음,단일로 - 기타,승용,남,30세,상해없음,승용,여,41세,경상
2018111700100367,2018년 11월 17일 14시,토요일,광주광역시 북구 오룡동,중상사고,0,1,0,0,차대사람 - 횡단중,안전운전불이행,건조,맑음,교차로 - 교차로부근,승용,여,23세,상해없음,보행자,여,57세,중상
2018111700100399,2018년 11월 17일 15시,토요일,광주광역시 북구 문흥동,경상사고,0,0,1,0,차대차 - 측면충돌,안전거리미확보,건조,맑음,단일로 - 기타,승용,남,60세,상해없음,이륜,남,28세,경상
2018111700100400,2018년 11월 17일 15시,토요일,광주광역시 광산구 장덕동,경상사고,0,0,1,0,차대차 - 기타,교차로운행방법위반,건조,맑음,교차로 - 교차로안,원동기,남,48세,경상,승용,남,30세,상해없음
2018111700100431,2018년 11월 17일 16시,토요일,광주광역시 남구 방림동,경상사고,0,0,4,0,차대차 - 측면충돌,교차로운행방법위반,건조,맑음,교차로 - 교차로안,승용,남,66세,상해없음,승용,남,40세,경상
2018111700100432,2018년 11월 17일 16시,토요일,광주광역시 북구 중흥동,경상사고,0,0,1,0,차대차 - 정면충돌,교차로운행방법위반,건조,맑음,교차로 - 교차로안,승용,남,59세,상해없음,화물,남,62세,상해없음
2018111700100473,2018년 11월 17일 17시,토요일,광주광역시 서구 화정동,경상사고,0,0,1,0,차대사람 - 횡단중,안전운전불이행,건조,맑음,단일로 - 기타,승용,남,57세,상해없음,보행자,여,58세,경상
2018111700100526,2018년 11월 17일 18시,토요일,광주광역시 북구 일곡동,중상사고,0,1,0,0,차대사람 - 횡단중,안전운전불이행,건조,맑음,교차로 - 교차로횡단보도내,이륜,남,16세,상해없음,보행자,남,55세,중상
2018111700100656,2018년 11월 17일 22시,토요일,광주광역시 광산구 소촌동,중상사고,0,1,0,0,차대차 - 측면충돌,안전거리미확보,건조,맑음,기타 - 기타,승용,남,53세,상해없음,승용,여,37세,중상
2018111700100678,2018년 11월 17일 23시,토요일,광주광역시 남구 서동,경상사고,0,0,1,0,차대차 - 기타,안전거리미확보,건조,맑음,단일로 - 기타,승용,남,25세,상해없음,화물,남,40세,경상
2018111700100679,2018년 11월 17일 23시,토요일,광주광역시 북구 신안동,경상사고,0,0,1,0,차대차 - 측면충돌,교차로운행방법위반,건조,맑음,교차로 - 교차로안,이륜,남,23세,경상,승용,남,44세,상해없음
2018111700100680,2018년 11월 17일 23시,토요일,광주광역시 광산구 신가동,경상사고,0,0,1,0,차대차 - 측면충돌,안전운전불이행,건조,맑음,단일로 - 기타,승용,남,47세,상해없음,이륜,남,18세,경상
2018111800100024,2018년 11월 18일 01시,일요일,광주광역시 서구 농성동,경상사고,0,0,3,0,차대차 - 기타,신호위반,건조,기타,교차로 - 교차로안,승용,남,60세,상해없음,승용,남,19세,경상
2018111800100025,2018년 11월 18일 01시,일요일,광주광역시 북구 일곡동,경상사고,0,0,5,0,차대차 - 측면충돌,교차로운행방법위반,건조,맑음,교차로 - 교차로안,승용,남,18세,경상,승용,남,52세,경상
2018111800100193,2018년 11월 18일 14시,일요일,광주광역시 서구 마륵동,경상사고,0,0,1,0,차대차 - 측면충돌,안전운전불이행,건조,맑음,단일로 - 기타,자전거,남,79세,경상,승용,남,61세,상해없음
2018111800100225,2018년 11월 18일 15시,일요일,광주광역시 북구 연제동,경상사고,0,0,3,0,차대차 - 측면충돌,신호위반,건조,맑음,교차로 - 교차로안,승용,여,44세,상해없음,승용,여,27세,경상
2018111800100251,2018년 11월 18일 16시,일요일,광주광역시 서구 쌍촌동,경상사고,0,0,1,0,차대차 - 측면충돌,안전운전불이행,건조,맑음,기타 - 기타,승용,남,28세,상해없음,승합,남,60세,경상
2018111800100282,2018년 11월 18일 17시,일요일,광주광역시 남구 진월동,중상사고,0,1,0,0,차대차 - 측면충돌,안전운전불이행,건조,맑음,단일로 - 기타,원동기,남,24세,중상,승용,남,54세,상해없음
2018111800100332,2018년 11월 18일 18시,일요일,광주광역시 서구 치평동,경상사고,0,0,1,0,차대사람 - 기타,안전운전불이행,건조,맑음,단일로 - 기타,승용,남,54세,상해없음,보행자,여,38세,경상
2018111800100333,2018년 11월 18일 18시,일요일,광주광역시 북구 운암동,경상사고,0,0,2,0,차대차 - 측면충돌,중앙선침범,건조,맑음,단일로 - 기타,승용,남,26세,상해없음,승용,남,48세,경상
2018111800100418,2018년 11월 18일 21시,일요일,광주광역시 서구 화정동,경상사고,0,0,2,0,차대사람 - 횡단중,보행자보호의무위반,건조,맑음,교차로 - 교차로횡단보도내,승용,남,39세,상해없음,보행자,여,24세,경상
2018111800100419,2018년 11월 18일 21시,일요일,광주광역시 서구 화정동,중상사고,0,1,1,0,차대차 - 측면충돌,중앙선침범,건조,맑음,단일로 - 기타,승용,남,20세,상해없음,이륜,남,52세,경상
2018111900100063,2018년 11월 19일 07시,월요일,광주광역시 광산구 우산동,경상사고,0,0,2,0,차대차 - 추돌,안전운전불이행,건조,맑음,교차로 - 교차로부근,승용,남,47세,경상,승용,남,52세,경상
2018111900100140,2018년 11월 19일 09시,월요일,광주광역시 서구 쌍촌동,경상사고,0,0,1,0,차대사람 - 기타,안전운전불이행,건조,맑음,단일로 - 기타,승합,남,48세,기타불명,보행자,여,24세,경상
2018111900100141,2018년 11월 19일 09시,월요일,광주광역시 북구 양산동,중상사고,0,1,2,0,차대차 - 추돌,중앙선침범,건조,맑음,교차로 - 교차로횡단보도내,화물,남,54세,경상,승용,남,48세,경상
2018111900100142,2018년 11월 19일 09시,월요일,광주광역시 광산구 흑석동,경상사고,0,0,1,0,차대사람 - 기타,안전운전불이행,건조,맑음,단일로 - 기타,승용,남,52세,상해없음,보행자,남,37세,경상
2018111900100171,2018년 11월 19일 10시,월요일,광주광역시 동구 학동,경상사고,0,0,1,0,차대사람 - 횡단중,보행자보호의무위반,건조,맑음,단일로 - 기타,승용,남,41세,상해없음,보행자,남,84세,경상
2018111900100172,2018년 11월 19일 10시,월요일,광주광역시 서구 쌍촌동,경상사고,0,0,1,0,차량단독 - 공작물충돌,안전운전불이행,건조,맑음,교차로 - 교차로부근,승용,남,20세,상해없음,,,,
2018111900100173,2018년 11월 19일 10시,월요일,광주광역시 광산구 송정동,중상사고,0,1,0,0,차대사람 - 횡단중,안전운전불이행,건조,맑음,교차로 - 교차로안,승용,여,40세,상해없음,보행자,여,80세,중상
2018111900100199,2018년 11월 19일 11시,월요일,광주광역시 동구 대의동,경상사고,0,0,1,0,차대차 - 추돌,안전운전불이행,건조,맑음,단일로 - 기타,승용,남,61세,상해없음,승용,남,25세,경상
2018111900100200,2018년 11월 19일 11시,월요일,광주광역시 서구 화정동,경상사고,0,0,1,0,차대사람 - 횡단중,보행자보호의무위반,건조,맑음,교차로 - 교차로부근,화물,남,68세,상해없음,보행자,여,42세,경상
2018111900100293,2018년 11월 19일 14시,월요일,광주광역시 북구 중흥동,경상사고,0,0,1,0,차대차 - 기타,안전운전불이행,건조,맑음,단일로 - 기타,승용,여,42세,상해없음,이륜,남,65세,경상
2018111900100294,2018년 11월 19일 14시,월요일,광주광역시 광산구 장덕동,경상사고,0,0,1,0,차대차 - 측면충돌,직진우회전진행방해,건조,맑음,교차로 - 교차로안,승용,여,32세,상해없음,승용,남,52세,경상
2018111900100335,2018년 11월 19일 15시,월요일,광주광역시 북구 운암동,경상사고,0,0,1,0,차대사람 - 차도통행중,안전운전불이행,건조,맑음,단일로 - 기타,승용,남,29세,상해없음,보행자,여,51세,경상
2018111900100336,2018년 11월 19일 15시,월요일,광주광역시 북구 중흥동,경상사고,0,0,1,0,차대사람 - 기타,안전운전불이행,건조,맑음,교차로 - 교차로부근,승합,남,49세,상해없음,보행자,남,60세,경상
2018111900100337,2018년 11월 19일 15시,월요일,광주광역시 광산구 비아동,경상사고,0,0,3,0,차대차 - 측면충돌,안전운전불이행,건조,맑음,교차로 - 교차로부근,승용,남,79세,경상,승용,남,33세,경상
2018111900100376,2018년 11월 19일 16시,월요일,광주광역시 서구 치평동,경상사고,0,0,1,0,차대차 - 추돌,안전운전불이행,건조,흐림,단일로 - 기타,화물,남,48세,상해없음,승용,남,34세,경상
2018111900100418,2018년 11월 19일 17시,월요일,광주광역시 광산구 월계동,경상사고,0,0,1,0,차대차 - 후진중충돌,안전운전불이행,건조,맑음,단일로 - 기타,승합,남,54세,상해없음,승용,여,50세,경상
2018111900100476,2018년 11월 19일 18시,월요일,광주광역시 서구 마륵동,경상사고,0,0,1,0,차대사람 - 기타,안전운전불이행,건조,맑음,단일로 - 기타,승용,남,53세,상해없음,보행자,남,63세,경상
2018111900100477,2018년 11월 19일 18시,월요일,광주광역시 북구 임동,경상사고,0,0,1,0,차대차 - 측면충돌,안전운전불이행,건조,맑음,단일로 - 기타,승용,여,23세,상해없음,승용,여,59세,경상
2018111900100478,2018년 11월 19일 18시,월요일,광주광역시 북구 용봉동,경상사고,0,0,2,0,차대차 - 추돌,안전거리미확보,건조,맑음,교차로 - 교차로부근,승용,남,48세,경상,승용,여,30세,경상
2018111900100479,2018년 11월 19일 18시,월요일,광주광역시 광산구 도천동,경상사고,0,0,1,0,차대차 - 측면충돌,안전운전불이행,건조,맑음,교차로 - 교차로안,화물,남,48세,상해없음,승용,남,41세,경상
2018111900100510,2018년 11월 19일 19시,월요일,광주광역시 북구 양산동,경상사고,0,0,1,0,차대사람 - 횡단중,신호위반,건조,맑음,교차로 - 교차로횡단보도내,승용,남,35세,상해없음,보행자,여,55세,경상
2018111900100511,2018년 11월 19일 19시,월요일,광주광역시 광산구 송정동,경상사고,0,0,2,0,차대차 - 기타,불법유턴,건조,맑음,단일로 - 기타,승용,남,59세,상해없음,승용,남,35세,경상
2018111900100512,2018년 11월 19일 19시,월요일,광주광역시 광산구 신창동,중상사고,0,1,3,0,차대차 - 추돌,안전운전불이행,건조,맑음,단일로 - 기타,승용,남,51세,상해없음,승용,남,58세,경상
2018111900100540,2018년 11월 19일 20시,월요일,광주광역시 동구 동명동,경상사고,0,0,2,0,차대차 - 추돌,안전거리미확보,건조,맑음,단일로 - 기타,승용,남,52세,상해없음,승용,여,67세,경상
2018111900100541,2018년 11월 19일 20시,월요일,광주광역시 서구 광천동,경상사고,0,0,2,0,차대차 - 기타,안전운전불이행,건조,맑음,단일로 - 기타,승용,여,54세,경상,승용,남,44세,경상
2018111900100571,2018년 11월 19일 21시,월요일,광주광역시 북구 용봉동,경상사고,0,0,1,0,차대사람 - 기타,안전운전불이행,건조,맑음,교차로 - 교차로안,승용,남,66세,상해없음,보행자,남,45세,경상
2018111900100601,2018년 11월 19일 23시,월요일,광주광역시 서구 화정동,경상사고,0,0,1,0,차대차 - 추돌,안전운전불이행,건조,맑음,단일로 - 기타,승용,남,42세,상해없음,승용,여,49세,경상
2018111900100602,2018년 11월 19일 23시,월요일,광주광역시 북구 우산동,경상사고,0,0,1,0,차대사람 - 기타,안전운전불이행,건조,흐림,단일로 - 기타,승용,남,60세,상해없음,보행자,남,34세,경상
2018112000100035,2018년 11월 20일 05시,화요일,광주광역시 광산구 소촌동,경상사고,0,0,1,0,차대차 - 측면충돌,신호위반,건조,맑음,교차로 - 교차로안,승용,남,34세,상해없음,화물,남,59세,경상
2018112000100115,2018년 11월 20일 08시,화요일,광주광역시 북구 삼각동,사망사고,1,0,0,0,차대사람 - 기타,안전운전불이행,건조,맑음,단일로 - 기타,승합,남,54세,상해없음,보행자,여,76세,사망
2018112000100116,2018년 11월 20일 08시,화요일,광주광역시 광산구 우산동,경상사고,0,0,1,0,차대차 - 기타,안전운전불이행,건조,맑음,단일로 - 기타,승용,남,61세,상해없음,승합,남,36세,상해없음
2018112000100189,2018년 11월 20일 10시,화요일,광주광역시 동구 학동,경상사고,0,0,3,0,차대차 - 기타,안전운전불이행,건조,맑음,교차로 - 교차로안,승용,남,84세,상해없음,승용,여,25세,경상
2018112000100249,2018년 11월 20일 12시,화요일,광주광역시 서구 쌍촌동,경상사고,0,0,1,0,차대차 - 추돌,안전운전불이행,건조,맑음,단일로 - 기타,승용,남,72세,상해없음,승용,여,33세,경상
2018112000100250,2018년 11월 20일 12시,화요일,광주광역시 북구 우산동,중상사고,0,1,0,0,차량단독 - 기타,안전운전불이행,건조,맑음,단일로 - 기타,승합,남,63세,상해없음,,,,
2018112000100278,2018년 11월 20일 13시,화요일,광주광역시 동구 학동,중상사고,0,1,0,1,차대사람 - 횡단중,신호위반,건조,맑음,단일로 - 기타,승용,남,41세,상해없음,보행자,남,22세,중상
2018112000100279,2018년 11월 20일 13시,화요일,광주광역시 서구 쌍촌동,경상사고,0,0,1,0,차대차 - 측면충돌,안전운전불이행,건조,맑음,교차로 - 교차로부근,승용,여,59세,상해없음,승용,여,46세,경상
2018112000100455,2018년 11월 20일 17시,화요일,광주광역시 광산구 오운동,경상사고,0,0,2,0,차대차 - 추돌,안전운전불이행,건조,맑음,단일로 - 기타,승용,남,58세,경상,승용,남,59세,경상
2018112000100456,2018년 11월 20일 17시,화요일,광주광역시 광산구 송정동,중상사고,0,1,0,0,차대사람 - 차도통행중,안전운전불이행,건조,맑음,단일로 - 기타,승용,남,71세,상해없음,보행자,여,13세,중상
2018112000100516,2018년 11월 20일 18시,화요일,광주광역시 동구 계림동,경상사고,0,0,1,0,차대차 - 기타,기타,건조,맑음,단일로 - 기타,화물,남,64세,상해없음,이륜,남,33세,경상
2018112000100517,2018년 11월 20일 18시,화요일,광주광역시 서구 동천동,경상사고,0,0,1,0,차대차 - 측면충돌,안전거리미확보,건조,맑음,교차로 - 교차로부근,승용,남,57세,상해없음,승용,남,57세,상해없음
2018112000100518,2018년 11월 20일 18시,화요일,광주광역시 광산구 서봉동,경상사고,0,0,4,0,차대차 - 측면충돌,안전거리미확보,건조,맑음,단일로 - 기타,승용,여,48세,상해없음,승합,남,49세,경상
2018112000100572,2018년 11월 20일 19시,화요일,광주광역시 서구 치평동,경상사고,0,0,2,0,차대차 - 측면충돌,차로위반,기타,기타,교차로 - 교차로부근,승용,남,25세,상해없음,승용,여,41세,경상
2018112000100625,2018년 11월 20일 21시,화요일,광주광역시 남구 주월동,부상신고사고,0,0,0,1,차대차 - 측면충돌,신호위반,건조,맑음,단일로 - 기타,이륜,남,37세,부상신고,승용,여,52세,상해없음
2018112100100017,2018년 11월 21일 00시,수요일,광주광역시 광산구 서봉동,중상사고,0,1,0,0,차량단독 - 공작물충돌,안전운전불이행,건조,흐림,단일로 - 기타,승용,남,51세,상해없음,,,,
2018112100100028,2018년 11월 21일 01시,수요일,광주광역시 서구 내방동,경상사고,0,0,1,0,차대사람 - 차도통행중,신호위반,건조,흐림,단일로 - 기타,승용,남,53세,상해없음,보행자,남,30세,경상
2018112100100036,2018년 11월 21일 02시,수요일,광주광역시 동구 광산동,경상사고,0,0,1,0,차대차 - 기타,안전운전불이행,건조,맑음,단일로 - 기타,승용,여,24세,상해없음,승용,남,59세,경상
2018112100100037,2018년 11월 21일 02시,수요일,광주광역시 광산구 신창동,경상사고,0,0,1,0,차대차 - 추돌,안전운전불이행,건조,맑음,단일로 - 기타,승용,남,46세,상해없음,화물,남,59세,상해없음
2018112100100090,2018년 11월 21일 06시,수요일,광주광역시 북구 문흥동,경상사고,0,0,1,0,차대차 - 측면충돌,안전운전불이행,건조,맑음,교차로 - 교차로부근,승용,남,56세,상해없음,승용,남,59세,경상
2018112100100113,2018년 11월 21일 07시,수요일,광주광역시 북구 일곡동,경상사고,0,0,1,0,차대차 - 기타,중앙선침범,건조,맑음,단일로 - 기타,승용,여,52세,상해없음,승용,남,62세,경상
2018112100100148,2018년 11월 21일 08시,수요일,광주광역시 서구 치평동,경상사고,0,0,2,0,차대차 - 기타,안전운전불이행,건조,맑음,단일로 - 기타,승용,남,66세,상해없음,승용,남,43세,경상
2018112100100204,2018년 11월 21일 10시,수요일,광주광역시 서구 금호동,경상사고,0,0,2,0,차대차 - 기타,교차로운행방법위반,건조,맑음,교차로 - 교차로안,승용,남,57세,경상,승용,여,31세,경상
2018112100100205,2018년 11월 21일 10시,수요일,광주광역시 북구 중흥동,경상사고,0,0,2,0,차대차 - 측면충돌,안전거리미확보,건조,맑음,단일로 - 기타,승합,남,63세,상해없음,승용,여,26세,경상
2018112100100206,2018년 11월 21일 10시,수요일,광주광역시 광산구 산정동,경상사고,0,0,3,0,차대차 - 측면충돌,안전운전불이행,건조,맑음,교차로 - 교차로부근,승용,남,71세,상해없음,승용,남,53세,경상
2018112100100304,2018년 11월 21일 14시,수요일,광주광역시 남구 진월동,경상사고,0,0,4,0,차대차 - 기타,안전거리미확보,건조,맑음,기타 - 기타,승용,여,52세,상해없음,승용,남,62세,경상
2018112100100305,2018년 11월 21일 14시,수요일,광주광역시 남구 송하동,경상사고,0,0,1,0,차대차 - 추돌,안전거리미확보,건조,맑음,단일로 - 기타,승용,남,59세,상해없음,승용,여,35세,경상
2018112100100371,2018년 11월 21일 16시,수요일,광주광역시 서구 치평동,경상사고,0,0,2,0,차대차 - 추돌,안전거리미확보,건조,맑음,단일로 - 기타,승용,남,65세,상해없음,승용,남,45세,경상