사고번호,사고일시,요일,시군구,사고내용,사망자수,중상자수,경상자수,부상신고자수,사고유형,법규위반,노면상태,기상상태,도로형태,가해운전자 차종,가해운전자 성별,가해운전자 연령,가해운전자 상해정도,피해운전자 차종,피해운전자 성별,피해운전자 연령,피해운전자 상해정도
2018122600100195,2018년 12월 26일 11시,수요일,광주광역시 북구 중흥동,경상사고,0,0,1,0,차대사람 - 횡단중,안전운전불이행,건조,맑음,교차로 - 교차로안,승용,남,64세,상해없음,보행자,여,32세,경상
2018122600100196,2018년 12월 26일 11시,수요일,광주광역시 북구 풍향동,경상사고,0,0,2,0,차대차 - 기타,안전운전불이행,건조,맑음,단일로 - 기타,승용,여,40세,상해없음,화물,남,52세,경상
2018122600100261,2018년 12월 26일 13시,수요일,광주광역시 광산구 쌍암동,경상사고,0,0,1,0,차대차 - 추돌,안전운전불이행,건조,맑음,단일로 - 기타,승용,남,28세,상해없음,승용,여,37세,경상
2018122600100341,2018년 12월 26일 15시,수요일,광주광역시 북구 양산동,경상사고,0,0,1,0,차대차 - 측면충돌,교차로운행방법위반,건조,맑음,교차로 - 교차로안,승용,남,50세,상해없음,승용,남,25세,경상
2018122600100376,2018년 12월 26일 16시,수요일,광주광역시 광산구 수완동,경상사고,0,0,1,0,차대차 - 추돌,안전거리미확보,건조,맑음,단일로 - 기타,승용,남,50세,상해없음,승합,남,57세,상해없음
2018122600100454,2018년 12월 26일 18시,수요일,광주광역시 서구 광천동,경상사고,0,0,1,0,차대차 - 측면충돌,안전운전불이행,건조,흐림,교차로 - 교차로안,승용,남,59세,기타불명,승용,남,36세,경상
2018122600100495,2018년 12월 26일 19시,수요일,광주광역시 광산구 신가동,경상사고,0,0,1,0,차대차 - 측면충돌,안전거리미확보,건조,맑음,단일로 - 기타,승용,남,37세,상해없음,이륜,남,36세,경상
2018122600100524,2018년 12월 26일 20시,수요일,광주광역시 남구 행암동,경상사고,0,0,4,1,차대차 - 추돌,안전운전불이행,건조,맑음,단일로 - 기타,승용,남,57세,부상신고,승용,남,56세,경상
2018122600100525,2018년 12월 26일 20시,수요일,광주광역시 북구 신안동,경상사고,0,0,1,0,차대차 - 측면충돌,안전운전불이행,건조,맑음,단일로 - 기타,이륜,남,27세,경상,승용,남,40세,상해없음
2018122600100526,2018년 12월 26일 20시,수요일,광주광역시 북구 중흥동,부상신고사고,0,0,0,1,차대차 - 측면충돌,신호위반,건조,맑음,교차로 - 교차로안,개인형이동수단(PM),남,24세,부상신고,승용,남,35세,상해없음
2018122600100552,2018년 12월 26일 21시,수요일,광주광역시 광산구 수완동,경상사고,0,0,4,0,차대차 - 기타,안전운전불이행,건조,맑음,단일로 - 기타,승용,남,43세,상해없음,승용,여,43세,경상
2018122600100599,2018년 12월 26일 23시,수요일,광주광역시 남구 서동,경상사고,0,0,6,0,차대차 - 기타,신호위반,건조,맑음,교차로 - 교차로안,승용,남,23세,경상,기타불명,남,37세,경상
2018122600100600,2018년 12월 26일 23시,수요일,광주광역시 북구 임동,경상사고,0,0,2,0,차대차 - 측면충돌,중앙선침범,건조,맑음,단일로 - 기타,승용,남,38세,상해없음,승용,남,39세,경상
2018122600100601,2018년 12월 26일 23시,수요일,광주광역시 광산구 신창동,경상사고,0,0,1,0,차대사람 - 횡단중,신호위반,건조,맑음,교차로 - 교차로횡단보도내,이륜,남,24세,상해없음,보행자,남,37세,경상
2018122700100019,2018년 12월 27일 00시,목요일,광주광역시 서구 풍암동,사망사고,1,0,0,0,차대사람 - 횡단중,안전운전불이행,건조,맑음,단일로 - 기타,승용,남,46세,상해없음,보행자,남,55세,사망
2018122700100041,2018년 12월 27일 01시,목요일,광주광역시 북구 용봉동,경상사고,0,0,1,0,차대차 - 기타,안전운전불이행,건조,맑음,교차로 - 교차로부근,승용,남,21세,상해없음,이륜,남,46세,경상
2018122700100062,2018년 12월 27일 04시,목요일,광주광역시 서구 광천동,경상사고,0,0,1,0,차대차 - 추돌,안전운전불이행,건조,맑음,단일로 - 기타,승용,여,58세,상해없음,승용,남,31세,경상
2018122700100063,2018년 12월 27일 04시,목요일,광주광역시 북구 문흥동,경상사고,0,0,1,0,차대사람 - 기타,안전운전불이행,건조,맑음,단일로 - 기타,승용,남,38세,상해없음,보행자,남,51세,경상
2018122700100109,2018년 12월 27일 07시,목요일,광주광역시 광산구 선암동,경상사고,0,0,2,0,차대차 - 측면충돌,안전운전불이행,건조,맑음,단일로 - 기타,승합,남,61세,상해없음,승용,여,49세,경상
2018122700100135,2018년 12월 27일 08시,목요일,광주광역시 서구 마륵동,경상사고,0,0,1,0,차대차 - 기타,안전운전불이행,건조,맑음,교차로 - 교차로부근,화물,남,61세,상해없음,승용,여,33세,경상
2018122700100217,2018년 12월 27일 11시,목요일,광주광역시 서구 유촌동,경상사고,0,0,1,0,차대차 - 기타,교차로운행방법위반,건조,맑음,교차로 - 교차로안,승용,남,58세,상해없음,승용,남,70세,경상
2018122700100246,2018년 12월 27일 12시,목요일,광주광역시 북구 중흥동,경상사고,0,0,1,0,차대차 - 기타,기타,건조,맑음,교차로 - 교차로부근,승합,남,54세,상해없음,승용,여,67세,상해없음
2018122700100276,2018년 12월 27일 13시,목요일,광주광역시 남구 진월동,경상사고,0,0,1,0,차대차 - 기타,신호위반,건조,맑음,교차로 - 교차로안,승용,남,66세,상해없음,승용,여,41세,경상
2018122700100332,2018년 12월 27일 15시,목요일,광주광역시 북구 월출동,경상사고,0,0,1,0,차대차 - 기타,안전운전불이행,건조,맑음,단일로 - 기타,승용,남,62세,기타불명,승용,남,25세,상해없음
2018122700100410,2018년 12월 27일 17시,목요일,광주광역시 광산구 우산동,경상사고,0,0,2,0,차대차 - 측면충돌,안전운전불이행,건조,맑음,교차로 - 교차로안,승용,남,68세,상해없음,승용,남,29세,경상
2018122700100468,2018년 12월 27일 18시,목요일,광주광역시 서구 쌍촌동,경상사고,0,0,1,0,차대차 - 기타,안전거리미확보,건조,맑음,교차로 - 교차로부근,승용,남,59세,상해없음,이륜,남,23세,경상
2018122700100469,2018년 12월 27일 18시,목요일,광주광역시 서구 마륵동,경상사고,0,0,1,0,차대차 - 기타,안전운전불이행,건조,맑음,단일로 - 기타,승용,여,57세,상해없음,승용,남,38세,경상
2018122700100470,2018년 12월 27일 18시,목요일,광주광역시 북구 용봉동,경상사고,0,0,1,0,차대차 - 기타,차로위반,건조,맑음,단일로 - 기타,승용,남,63세,상해없음,화물,남,65세,상해없음
2018122700100517,2018년 12월 27일 19시,목요일,광주광역시 서구 매월동,경상사고,0,0,2,0,차대차 - 측면충돌,교차로운행방법위반,건조,맑음,교차로 - 교차로안,승용,남,40세,상해없음,승용,남,45세,경상
2018122700100579,2018년 12월 27일 21시,목요일,광주광역시 남구 봉선동,중상사고,0,1,0,0,차대차 - 기타,중앙선침범,건조,맑음,단일로 - 기타,승용,남,30세,상해없음,이륜,남,38세,중상
2018122700100597,2018년 12월 27일 22시,목요일,광주광역시 광산구 신가동,중상사고,0,1,0,0,차대사람 - 기타,안전운전불이행,건조,맑음,단일로 - 기타,승용,남,30세,상해없음,보행자,남,56세,중상
2018122700100598,2018년 12월 27일 22시,목요일,광주광역시 광산구 운남동,경상사고,0,0,1,0,차대차 - 측면충돌,신호위반,건조,맑음,교차로 - 교차로안,승용,여,49세,상해없음,이륜,남,18세,경상
2018122800100029,2018년 12월 28일 01시,금요일,광주광역시 북구 오치동,경상사고,0,0,1,0,차대사람 - 횡단중,보행자보호의무위반,건조,맑음,교차로 - 교차로횡단보도내,승용,남,51세,상해없음,보행자,남,65세,경상
2018122800100089,2018년 12월 28일 07시,금요일,광주광역시 북구 풍향동,경상사고,0,0,1,0,차대차 - 측면충돌,교차로운행방법위반,건조,맑음,교차로 - 교차로안,승용,남,52세,경상,승용,여,49세,상해없음
2018122800100090,2018년 12월 28일 07시,금요일,광주광역시 광산구 월계동,경상사고,0,0,2,0,차대차 - 추돌,안전운전불이행,건조,맑음,단일로 - 기타,승용,여,50세,경상,승용,남,48세,경상
2018122800100091,2018년 12월 28일 07시,금요일,광주광역시 광산구 연산동,경상사고,0,0,2,0,차대차 - 측면충돌,신호위반,서리/결빙,눈,교차로 - 교차로안,승용,남,49세,경상,승용,남,41세,경상
2018122800100092,2018년 12월 28일 07시,금요일,광주광역시 광산구 월전동,경상사고,0,0,1,0,차대차 - 추돌,안전운전불이행,서리/결빙,눈,단일로 - 기타,승용,남,26세,상해없음,승용,남,25세,경상
2018122800100093,2018년 12월 28일 07시,금요일,광주광역시 광산구 송촌동,경상사고,0,0,1,0,차대차 - 측면충돌,직진우회전진행방해,건조,맑음,교차로 - 교차로안,화물,남,50세,기타불명,승용,남,39세,경상
2018122800100121,2018년 12월 28일 08시,금요일,광주광역시 광산구 임곡동,경상사고,0,0,1,0,차대차 - 정면충돌,안전운전불이행,서리/결빙,눈,단일로 - 기타,승용,여,51세,기타불명,승용,여,76세,경상
2018122800100122,2018년 12월 28일 08시,금요일,광주광역시 광산구 산막동,중상사고,0,2,0,0,차대사람 - 횡단중,안전운전불이행,적설,눈,단일로 - 기타,승합,남,41세,상해없음,보행자,여,80세,중상
2018122800100178,2018년 12월 28일 10시,금요일,광주광역시 남구 월산동,중상사고,0,1,0,0,차대사람 - 차도통행중,안전운전불이행,건조,맑음,단일로 - 기타,승합,남,45세,상해없음,보행자,여,86세,중상
2018122800100205,2018년 12월 28일 11시,금요일,광주광역시 서구 광천동,경상사고,0,0,1,0,차대차 - 기타,안전거리미확보,건조,맑음,단일로 - 기타,화물,남,56세,상해없음,승용,남,47세,경상
2018122800100206,2018년 12월 28일 11시,금요일,광주광역시 광산구 오운동,중상사고,0,1,3,0,차량단독 - 기타,안전운전불이행,서리/결빙,눈,단일로 - 기타,승합,남,24세,상해없음,,,,
2018122800100235,2018년 12월 28일 12시,금요일,광주광역시 북구 운암동,중상사고,0,1,0,0,차대차 - 측면충돌,중앙선침범,건조,맑음,교차로 - 교차로부근,승용,여,24세,상해없음,이륜,남,42세,중상
2018122800100271,2018년 12월 28일 13시,금요일,광주광역시 서구 치평동,경상사고,0,0,1,0,차대차 - 기타,안전운전불이행,건조,맑음,단일로 - 기타,승용,남,49세,상해없음,원동기,남,46세,경상
2018122800100313,2018년 12월 28일 14시,금요일,광주광역시 서구 양동,경상사고,0,0,2,0,차대차 - 측면충돌,교차로운행방법위반,건조,맑음,교차로 - 교차로안,승용,남,57세,상해없음,승용,남,61세,경상
2018122800100314,2018년 12월 28일 14시,금요일,광주광역시 광산구 하산동,중상사고,0,2,0,0,차대차 - 추돌,안전운전불이행,젖음/습기,흐림,단일로 - 기타,승용,남,43세,상해없음,승용,여,26세,중상
2018122800100358,2018년 12월 28일 15시,금요일,광주광역시 북구 동림동,경상사고,0,0,1,0,차대차 - 정면충돌,안전운전불이행,건조,맑음,단일로 - 기타,승용,여,49세,상해없음,승용,여,31세,경상
2018122800100359,2018년 12월 28일 15시,금요일,광주광역시 광산구 도산동,경상사고,0,0,1,0,차대차 - 추돌,안전운전불이행,서리/결빙,눈,단일로 - 기타,승용,남,25세,상해없음,승용,남,37세,경상
2018122800100489,2018년 12월 28일 18시,금요일,광주광역시 남구 구동,중상사고,0,1,0,0,차대사람 - 횡단중,교차로운행방법위반,건조,맑음,교차로 - 교차로안,승용,여,37세,상해없음,보행자,여,71세,중상
2018122800100529,2018년 12월 28일 19시,금요일,광주광역시 서구 치평동,중상사고,0,1,0,0,차대차 - 측면충돌,안전운전불이행,건조,맑음,교차로 - 교차로안,화물,남,58세,상해없음,이륜,남,28세,중상
2018122800100566,2018년 12월 28일 20시,금요일,광주광역시 북구 용봉동,경상사고,0,0,1,0,차대차 - 기타,안전운전불이행,건조,맑음,교차로 - 교차로안,이륜,남,54세,상해없음,이륜,남,48세,경상
2018122800100603,2018년 12월 28일 21시,금요일,광주광역시 광산구 장덕동,경상사고,0,0,1,0,차대차 - 기타,안전거리미확보,젖음/습기,흐림,교차로 - 교차로부근,승용,남,34세,상해없음,이륜,남,16세,경상
2018122800100631,2018년 12월 28일 22시,금요일,광주광역시 북구 오치동,경상사고,0,0,1,0,차대차 - 기타,안전운전불이행,건조,흐림,교차로 - 교차로안,화물,남,46세,상해없음,이륜,남,35세,경상
2018122800100632,2018년 12월 28일 22시,금요일,광주광역시 북구 우산동,부상신고사고,0,0,0,1,차대사람 - 횡단중,안전운전불이행,건조,맑음,교차로 - 교차로안,승용,남,50세,상해없음,보행자,남,39세,부상신고
2018122800100633,2018년 12월 28일 22시,금요일,광주광역시 북구 동림동,경상사고,0,0,4,0,차대차 - 추돌,안전운전불이행,건조,맑음,단일로 - 기타,승용,여,46세,경상,승용,여,57세,경상
2018122900100025,2018년 12월 29일 00시,토요일,광주광역시 북구 운암동,경상사고,0,0,1,0,차대사람 - 기타,안전운전불이행,건조,맑음,단일로 - 기타,승용,남,26세,상해없음,보행자,남,26세,경상
2018122900100026,2018년 12월 29일 00시,토요일,광주광역시 북구 신안동,경상사고,0,0,1,0,차대차 - 추돌,안전운전불이행,건조,흐림,교차로 - 교차로부근,승용,남,40세,상해없음,승용,남,66세,경상
2018122900100048,2018년 12월 29일 02시,토요일,광주광역시 동구 금동,경상사고,0,0,1,0,차대사람 - 횡단중,안전운전불이행,건조,맑음,단일로 - 기타,승용,남,24세,상해없음,보행자,남,22세,경상
2018122900100049,2018년 12월 29일 02시,토요일,광주광역시 서구 쌍촌동,경상사고,0,0,1,0,차대차 - 기타,안전운전불이행,건조,흐림,교차로 - 교차로부근,승용,남,50세,상해없음,이륜,남,21세,경상
2018122900100057,2018년 12월 29일 03시,토요일,광주광역시 서구 풍암동,경상사고,0,0,1,0,차대사람 - 횡단중,신호위반,건조,맑음,단일로 - 기타,승용,남,38세,상해없음,보행자,남,21세,경상
2018122900100078,2018년 12월 29일 06시,토요일,광주광역시 광산구 우산동,사망사고,1,0,2,0,차대차 - 추돌,안전거리미확보,건조,맑음,단일로 - 교량,화물,남,46세,경상,화물,남,59세,사망
2018122900100087,2018년 12월 29일 07시,토요일,광주광역시 광산구 신가동,중상사고,0,1,0,0,차대차 - 기타,신호위반,건조,맑음,교차로 - 교차로횡단보도내,승합,남,65세,상해없음,자전거,여,63세,중상
2018122900100135,2018년 12월 29일 10시,토요일,광주광역시 북구 용봉동,경상사고,0,0,4,0,차대차 - 추돌,안전운전불이행,건조,맑음,교차로 - 교차로안,승용,남,55세,상해없음,승용,여,59세,경상
2018122900100164,2018년 12월 29일 11시,토요일,광주광역시 서구 내방동,경상사고,0,0,1,0,차대차 - 측면충돌,기타,건조,맑음,교차로 - 교차로안,승용,남,40세,상해없음,승용,남,48세,경상
2018122900100165,2018년 12월 29일 11시,토요일,광주광역시 북구 일곡동,중상사고,0,1,1,0,차대차 - 측면충돌,신호위반,건조,맑음,교차로 - 교차로안,승용,여,46세,상해없음,승용,남,34세,경상
2018122900100198,2018년 12월 29일 12시,토요일,광주광역시 북구 오치동,경상사고,0,0,1,0,차대사람 - 차도통행중,안전운전불이행,건조,맑음,교차로 - 교차로안,승용,남,68세,상해없음,보행자,여,63세,경상
2018122900100199,2018년 12월 29일 12시,토요일,광주광역시 광산구 신가동,경상사고,0,0,1,0,차대차 - 추돌,안전운전불이행,건조,맑음,교차로 - 교차로안,승용,여,45세,상해없음,승용,여,23세,경상
2018122900100256,2018년 12월 29일 14시,토요일,광주광역시 북구 동림동,부상신고사고,0,0,0,1,차대차 - 측면충돌,안전운전불이행,건조,맑음,교차로 - 교차로부근,승용,남,64세,상해없음,승용,여,38세,상해없음
2018122900100310,2018년 12월 29일 16시,토요일,광주광역시 서구 내방동,경상사고,0,0,2,0,차대차 - 기타,안전거리미확보,건조,맑음,단일로 - 기타,승용,남,34세,상해없음,승합,남,51세,상해없음
2018122900100372,2018년 12월 29일 18시,토요일,광주광역시 북구 우산동,중상사고,0,1,0,0,차대사람 - 기타,안전운전불이행,건조,맑음,단일로 - 기타,승용,남,62세,상해없음,보행자,여,48세,중상
2018122900100373,2018년 12월 29일 18시,토요일,광주광역시 북구 유동,경상사고,0,0,2,0,차대차 - 측면충돌,안전거리미확보,건조,맑음,단일로 - 기타,승용,남,71세,상해없음,승용,남,32세,경상
2018122900100374,2018년 12월 29일 18시,토요일,광주광역시 광산구 운수동,경상사고,0,0,1,0,차대차 - 추돌,안전거리미확보,서리/결빙,흐림,단일로 - 기타,승용,남,19세,상해없음,승용,남,44세,경상
2018122900100403,2018년 12월 29일 19시,토요일,광주광역시 서구 쌍촌동,경상사고,0,0,1,0,차대차 - 기타,직진우회전진행방해,건조,맑음,교차로 - 교차로안,승용,남,30세,상해없음,원동기,남,29세,경상
2018122900100428,2018년 12월 29일 20시,토요일,광주광역시 북구 두암동,중상사고,0,1,3,0,차대차 - 측면충돌,중앙선침범,건조,맑음,단일로 - 기타,승용,여,57세,경상,승용,남,57세,경상
2018123000100030,2018년 12월 30일 01시,일요일,광주광역시 서구 쌍촌동,중상사고,0,1,0,0,차대차 - 기타,신호위반,젖음/습기,눈,교차로 - 교차로안,승용,남,23세,상해없음,승용,남,75세,중상
2018123000100031,2018년 12월 30일 01시,일요일,광주광역시 서구 농성동,경상사고,0,0,2,0,차대차 - 기타,안전거리미확보,건조,맑음,단일로 - 기타,승용,남,59세,상해없음,이륜,남,26세,경상
2018123000100054,2018년 12월 30일 02시,일요일,광주광역시 서구 풍암동,경상사고,0,0,1,0,차량단독 - 기타,안전운전불이행,건조,맑음,단일로 - 기타,승합,남,50세,상해없음,,,,
2018123000100059,2018년 12월 30일 03시,일요일,광주광역시 동구 광산동,경상사고,0,0,1,0,차대차 - 측면충돌,기타,젖음/습기,흐림,단일로 - 기타,승용,남,25세,상해없음,승용,남,22세,경상
2018123000100113,2018년 12월 30일 09시,일요일,광주광역시 광산구 우산동,경상사고,0,0,3,0,차대차 - 측면충돌,교차로운행방법위반,건조,맑음,교차로 - 교차로안,승용,남,27세,경상,승용,남,34세,경상
2018123000100178,2018년 12월 30일 13시,일요일,광주광역시 서구 쌍촌동,경상사고,0,0,1,0,차대차 - 측면충돌,교차로운행방법위반,건조,맑음,교차로 - 교차로안,승용,남,19세,상해없음,승용,남,52세,경상
2018123000100201,2018년 12월 30일 14시,일요일,광주광역시 광산구 월전동,경상사고,0,0,3,0,차대차 - 추돌,안전운전불이행,건조,맑음,교차로 - 교차로부근,승용,남,60세,경상,승용,남,52세,경상
2018123000100246,2018년 12월 30일 16시,일요일,광주광역시 서구 화정동,경상사고,0,0,3,0,차대차 - 측면충돌,교차로운행방법위반,건조,맑음,교차로 - 교차로안,화물,남,29세,경상,승용,남,25세,경상
2018123000100247,2018년 12월 30일 16시,일요일,광주광역시 광산구 도산동,경상사고,0,0,1,0,차대차 - 측면충돌,교차로운행방법위반,건조,맑음,교차로 - 교차로안,승용,여,41세,상해없음,이륜,남,18세,경상
2018123000100271,2018년 12월 30일 17시,일요일,광주광역시 남구 송하동,경상사고,0,0,1,0,차대차 - 추돌,안전운전불이행,건조,맑음,단일로 - 기타,승용,여,44세,상해없음,승용,여,38세,경상
2018123000100272,2018년 12월 30일 17시,일요일,광주광역시 광산구 월곡동,경상사고,0,0,1,0,차대차 - 기타,안전운전불이행,젖음/습기,맑음,단일로 - 기타,승용,남,55세,상해없음,이륜,남,51세,경상
2018123000100273,2018년 12월 30일 17시,일요일,광주광역시 광산구 운남동,경상사고,0,0,1,0,차대차 - 기타,안전거리미확보,건조,맑음,단일로 - 기타,승용,남,56세,상해없음,원동기,남,42세,경상
2018123000100274,2018년 12월 30일 17시,일요일,광주광역시 광산구 운수동,경상사고,0,0,1,0,차대차 - 측면충돌,안전운전불이행,건조,맑음,교차로 - 교차로부근,승용,남,51세,상해없음,승용,남,35세,경상
2018123000100297,2018년 12월 30일 18시,일요일,광주광역시 남구 주월동,경상사고,0,0,1,0,차대사람 - 횡단중,보행자보호의무위반,건조,맑음,교차로 - 교차로횡단보도내,기타불명,기타불명,미분류,기타불명,보행자,여,19세,경상
2018123000100370,2018년 12월 30일 21시,일요일,광주광역시 광산구 송정동,경상사고,0,0,1,0,차대차 - 후진중충돌,불법유턴,건조,맑음,교차로 - 교차로부근,승용,남,42세,상해없음,승용,남,51세,경상
2018123100100011,2018년 12월 31일 00시,월요일,광주광역시 광산구 우산동,경상사고,0,0,1,0,차대차 - 측면충돌,안전운전불이행,건조,맑음,교차로 - 교차로안,승용,남,18세,상해없음,승용,남,18세,경상
2018123100100025,2018년 12월 31일 02시,월요일,광주광역시 광산구 장덕동,경상사고,0,0,2,0,차대차 - 측면충돌,신호위반,젖음/습기,흐림,교차로 - 교차로안,승용,남,54세,상해없음,특수,남,34세,경상
2018123100100032,2018년 12월 31일 03시,월요일,광주광역시 서구 치평동,경상사고,0,0,1,0,차대사람 - 기타,보행자보호의무위반,건조,맑음,교차로 - 교차로부근,승용,여,26세,상해없음,보행자,남,29세,경상
2018123100100046,2018년 12월 31일 05시,월요일,광주광역시 남구 행암동,경상사고,0,0,4,0,차대차 - 후진중충돌,안전운전불이행,건조,맑음,단일로 - 기타,승용,남,38세,상해없음,승용,남,33세,경상
2018123100100062,2018년 12월 31일 06시,월요일,광주광역시 서구 풍암동,경상사고,0,0,1,0,차대차 - 기타,안전운전불이행,건조,맑음,단일로 - 기타,승용,남,55세,상해없음,승용,여,64세,기타불명
2018123100100063,2018년 12월 31일 06시,월요일,광주광역시 서구 금호동,중상사고,0,1,4,0,차대차 - 측면충돌,안전거리미확보,건조,맑음,단일로 - 기타,승용,남,31세,상해없음,승용,남,72세,중상
2018123100100142,2018년 12월 31일 10시,월요일,광주광역시 남구 주월동,중상사고,0,1,0,0,차대차 - 기타,교차로운행방법위반,건조,맑음,교차로 - 교차로안,자전거,남,76세,중상,건설기계,남,49세,상해없음
2018123100100143,2018년 12월 31일 10시,월요일,광주광역시 북구 우산동,중상사고,0,1,1,0,차대차 - 기타,안전운전불이행,건조,맑음,단일로 - 기타,화물,남,50세,상해없음,승용,남,82세,경상
2018123100100182,2018년 12월 31일 11시,월요일,광주광역시 북구 지야동,경상사고,0,0,2,0,차대차 - 측면충돌,과속,건조,맑음,교차로 - 교차로안,화물,남,51세,경상,화물,남,71세,경상
2018123100100218,2018년 12월 31일 12시,월요일,광주광역시 서구 양동,경상사고,0,0,1,0,차대차 - 추돌,안전거리미확보,건조,맑음,단일로 - 기타,승용,여,33세,상해없음,승용,여,43세,경상
2018123100100219,2018년 12월 31일 12시,월요일,광주광역시 서구 화정동,경상사고,0,0,1,0,차대사람 - 기타,안전운전불이행,건조,맑음,단일로 - 기타,승용,여,34세,상해없음,보행자,남,26세,경상
2018123100100220,2018년 12월 31일 12시,월요일,광주광역시 남구 백운동,경상사고,0,0,1,0,차대차 - 기타,안전운전불이행,건조,맑음,교차로 - 교차로안,원동기,남,76세,상해없음,화물,남,69세,상해없음
2018123100100287,2018년 12월 31일 14시,월요일,광주광역시 서구 농성동,경상사고,0,0,2,0,차대차 - 측면충돌,안전운전불이행,건조,맑음,단일로 - 지하차도(도로)내,승용,여,69세,상해없음,승용,여,52세,경상
2018123100100288,2018년 12월 31일 14시,월요일,광주광역시 남구 노대동,중상사고,0,1,0,0,차대사람 - 기타,안전운전불이행,건조,맑음,교차로 - 교차로안,이륜,남,39세,상해없음,보행자,여,62세,중상
2018123100100289,2018년 12월 31일 14시,월요일,광주광역시 북구 신안동,중상사고,0,1,0,0,차대사람 - 횡단중,안전운전불이행,건조,맑음,단일로 - 기타,승용,남,30세,상해없음,보행자,남,60세,중상
2018123100100290,2018년 12월 31일 14시,월요일,광주광역시 북구 월출동,경상사고,0,0,1,0,차대차 - 측면충돌,차로위반,건조,맑음,단일로 - 기타,화물,남,47세,상해없음,승용,남,32세,경상
2018123100100337,2018년 12월 31일 15시,월요일,광주광역시 동구 수기동,경상사고,0,0,1,0,차대사람 - 기타,안전운전불이행,건조,맑음,교차로 - 교차로부근,승용,남,22세,상해없음,보행자,여,55세,경상
2018123100100338,2018년 12월 31일 15시,월요일,광주광역시 북구 용봉동,경상사고,0,0,1,0,차대차 - 측면충돌,안전운전불이행,건조,맑음,교차로 - 교차로부근,승용,남,25세,상해없음,승용,남,36세,경상
2018123100100339,2018년 12월 31일 15시,월요일,광주광역시 광산구 신창동,경상사고,0,0,3,0,차대차 - 추돌,안전운전불이행,건조,맑음,단일로 - 교량,승용,남,39세,상해없음,승용,남,33세,경상
2018123100100370,2018년 12월 31일 16시,월요일,광주광역시 동구 학동,중상사고,0,1,1,0,차대차 - 측면충돌,신호위반,건조,맑음,교차로 - 교차로안,화물,남,64세,상해없음,승용,남,43세,경상
2018123100100371,2018년 12월 31일 16시,월요일,광주광역시 동구 산수동,경상사고,0,0,1,0,차대차 - 측면충돌,중앙선침범,건조,맑음,단일로 - 기타,화물,남,27세,기타불명,이륜,남,17세,경상
2018123100100372,2018년 12월 31일 16시,월요일,광주광역시 서구 농성동,중상사고,0,1,0,0,차대차 - 측면충돌,차로위반,건조,맑음,단일로 - 기타,승용,남,49세,상해없음,이륜,남,20세,중상
2018123100100373,2018년 12월 31일 16시,월요일,광주광역시 남구 승촌동,중상사고,0,1,2,0,차대차 - 측면충돌,기타,건조,맑음,교차로 - 교차로안,승용,남,74세,경상,승용,여,41세,중상
2018123100100374,2018년 12월 31일 16시,월요일,광주광역시 북구 운암동,경상사고,0,0,1,0,차대차 - 측면충돌,교차로운행방법위반,건조,맑음,교차로 - 교차로안,이륜,남,59세,경상,승용,남,26세,상해없음
2018123100100375,2018년 12월 31일 16시,월요일,광주광역시 광산구 신가동,중상사고,0,1,1,0,차대차 - 측면충돌,중앙선침범,건조,맑음,단일로 - 기타,승용,남,67세,상해없음,화물,남,34세,경상
2018123100100411,2018년 12월 31일 17시,월요일,광주광역시 서구 화정동,경상사고,0,0,1,1,차대차 - 기타,안전운전불이행,건조,맑음,단일로 - 기타,승용,남,59세,부상신고,원동기,남,44세,경상
2018123100100412,2018년 12월 31일 17시,월요일,광주광역시 남구 방림동,경상사고,0,0,3,0,차대차 - 추돌,안전거리미확보,건조,맑음,기타 - 기타,승용,남,61세,상해없음,승용,남,61세,경상
2018123100100413,2018년 12월 31일 17시,월요일,광주광역시 북구 두암동,경상사고,0,0,2,0,차대차 - 측면충돌,교차로운행방법위반,건조,맑음,교차로 - 교차로안,승용,여,53세,상해없음,승용,남,66세,상해없음
2018123100100468,2018년 12월 31일 18시,월요일,광주광역시 북구 오치동,경상사고,0,0,1,0,차대차 - 측면충돌,안전운전불이행,건조,맑음,교차로 - 교차로안,승용,여,55세,상해없음,이륜,남,18세,경상
2018123100100469,2018년 12월 31일 18시,월요일,광주광역시 북구 오룡동,경상사고,0,0,1,0,차대차 - 측면충돌,중앙선침범,건조,맑음,단일로 - 기타,자전거,남,50세,경상,승용,남,25세,상해없음
2018123100100470,2018년 12월 31일 18시,월요일,광주광역시 광산구 신창동,중상사고,0,1,0,0,차대차 - 측면충돌,안전운전불이행,건조,맑음,교차로 - 교차로안,승용,여,40세,상해없음,이륜,남,17세,중상
2018123100100580,2018년 12월 31일 21시,월요일,광주광역시 남구 백운동,중상사고,0,1,0,0,차대차 - 기타,교차로운행방법위반,건조,맑음,교차로 - 교차로안,승용,남,36세,상해없음,이륜,남,33세,중상
2018123100100581,2018년 12월 31일 21시,월요일,광주광역시 북구 용봉동,경상사고,0,0,1,0,차대차 - 기타,신호위반,건조,맑음,교차로 - 교차로안,이륜,남,33세,경상,승용,남,23세,상해없음